time_s,accel_x,accel_y,accel_z,magnitude
0.0,0.1287340760091082,0.7533397643070024,9.608587944162036,9.638934357256929
0.020006668889629875,-0.1330676683209786,0.08418571183780783,9.595860160158391,9.59715199690747
0.04001333777925975,0.6263436996466015,0.08451244591603238,10.23762177971188,10.257112092983714
0.060020006668889625,0.26614931364535416,0.1056428826545591,10.369324099158,10.373277117150025
0.0800266755585195,0.9290018554214214,0.4533708555100876,9.53133526247695,9.587228038684538
0.10003334444814937,0.6143454551720727,0.5268129898601988,9.609301670268088,9.64332053054305
0.12004001333777925,0.09347232193519917,0.7570732422704812,10.152756845851243,10.181373607726474
0.14004668222740912,0.40696492015266733,0.2443956279848447,9.970055997942719,9.981350924164852
0.160053351117039,0.6050252010439002,0.4669348783798119,10.012928431596277,10.04205255168558
0.18006002000666887,1.26210509038189,1.195582096107559,10.078980388455918,10.227813621619228
0.20006668889629875,0.9764832578436142,0.6662120948207589,9.737780351476777,9.809267265282434
0.22007335778592862,1.1353616440002376,0.5458936075222578,9.908990977497057,9.988751077362908
0.2400800266755585,0.9922954402742994,0.30040798371399996,9.885657645209427,9.939875365202317
0.2600866955651884,-0.0549010153379354,0.706677547346686,9.552452519926362,9.578713714422024
0.28009336445481825,-0.09634328380080102,0.8236040471037815,9.904527282964711,9.93917835405581
0.3001000333444481,-0.3643403975657675,0.7243956479668854,10.181313208844902,10.213551372401835
0.320106702234078,-0.6371252865585499,0.32160665919143333,9.709760028346992,9.735953948231964
0.3401133711237079,-1.255024308587505,0.43578262288641284,9.85577077462228,9.94490875128847
0.36012004001333775,-0.647801466427496,0.7496288463913504,9.872012674803257,9.921603922689304
0.3801267089029676,-1.246880329700124,0.48448432314068457,9.72460063486942,9.816175076049984
0.4001333777925975,-0.7997237859115881,-0.16064754947655738,10.013070371308308,10.04624029324791
0.4201400466822274,0.04692550616606472,-0.7795129243093928,9.605980310623504,9.637670887220665
0.44014671557185725,-0.9756960321791244,-0.016635499437778034,10.209793655608781,10.2563222442141
0.4601533844614871,-0.6272690790193493,0.04634721432579894,9.997861668489675,10.017627089487045
0.480160053351117,-0.23978994159385142,-0.6031581308905682,9.528969419798132,9.551050054857683
0.5001667222407469,-0.3568904741618408,-0.35591791704696435,10.319402905465877,10.331704830257207
0.5201733911303767,-0.19466099196696368,-0.5012574719210601,9.86043043837848,9.87508179130943
0.5401800600200066,-0.2833751336848378,-0.4501408877459096,9.593115744829484,9.607850851200123
0.5601867289096365,-0.0508684768884263,-0.6931807204380644,10.141366357497358,10.165156108496673
0.5801933977992664,-0.16395980689867695,-0.17893160811006176,9.958401455834409,9.961358285606636
0.6002000666888962,0.7254062108499146,-0.5451506107835641,9.27841208872979,9.322678491048826
0.6202067355785261,-0.16239334385689064,-0.8633132707604493,9.652301904826844,9.692193428916081
0.640213404468156,1.0426200321088956,-0.3208184148420724,9.893729201166463,9.953685673792926
0.6602200733577859,0.17933632579299896,-0.9582247740326422,9.162129996707202,9.213847313249811
0.6802267422474157,1.174722721876126,-0.16338230361203981,9.835521025616218,9.906772486322897
0.7002334111370456,0.6567589860353324,-0.2087123497803236,9.857393811811578,9.881452624580566
0.7202400800266755,0.27344801320905676,-0.03490438334193774,9.454952435287254,9.458970223309132
0.7402467489163054,0.9267637231079585,-0.43485572878007794,9.89119346587799,9.944028292535636
0.7602534178059352,0.9599666361980532,-0.46296278731996665,9.812239151737511,9.869949729149939
0.7802600866955651,0.27664379523519017,-0.2085344720779835,9.452611768234496,9.458958063996914
0.800266755585195,0.5804984648975038,-0.1733758063694587,10.085868164058848,10.104047419759985
0.8202734244748249,-0.796299709367878,-0.2548070896103018,10.061356138430343,10.096034232528384
0.8402800933644547,-0.5910266788093174,-0.13467495938564267,9.723078873944292,9.741956306034826
0.8602867622540846,0.27685410409262234,0.011185001254391841,9.750425602982453,9.754361728913981
0.8802934311437145,-0.4946576805493026,-0.14296973572554542,10.027879181278603,10.041089952817906
0.9003001000333444,-1.294499182847816,0.4936301423504139,9.749801057066458,9.847741847967216
0.9203067689229742,-0.9455648419247342,0.350169952520942,9.230727539843954,9.28563636918689
0.9403134378126041,-1.117829399485586,0.34065423849190485,9.956080967219979,10.024426971273556
0.960320106702234,-0.8591477157197346,0.15753227428450783,9.566022203778449,9.605817613199305
0.9803267755918639,-0.9449420986591095,0.18885417670196908,9.693047083674722,9.740828672972906
1.0003334444814937,-0.6883348293571583,1.1518724631136916,10.247361170385442,10.33484523178306
1.0203401133711236,-0.7122196031991732,0.404082620325628,9.769806457797362,9.804063328541359
1.0403467822607535,-0.030170676585955736,0.7831288076441534,9.810520480762163,9.841773879872555
1.0603534511503834,-0.2646141788361027,0.642844763095161,9.96290018263908,9.987124215824583
1.0803601200400132,-0.08958474917902248,-0.25790992198571405,9.96160018316221,9.965340995887772
1.1003667889296431,0.3690895756475394,1.0799229017050644,9.534240669786666,9.602302106156255
1.120373457819273,-0.07185694805768743,0.7026399266217584,9.791910445339688,9.817350786083773
1.1403801267089029,-0.24474111192043607,0.21104367033436475,9.820845758377748,9.826161460738291
1.1603867955985327,0.9059019821193448,0.36674109527176735,9.89160806898865,9.939772010597137
1.1803934644881626,0.6189841558806898,-0.044120192964329175,9.896766582274987,9.916202738987009
1.2004001333777925,0.7331357657385305,0.7670568276077879,10.586232368633238,10.63927535081609
1.2204068022674224,0.5022774671108121,-0.13952893719838713,9.457242068823827,9.471598520134505
1.2404134711570522,0.5485604182236501,-0.11359451746783336,10.104027486059387,10.119545132360646
1.2604201400466821,1.1331400066817934,-0.26595944562728524,10.165012741749917,10.231433171428105
1.280426808936312,1.1469607226453862,-0.11232959015340063,9.95783519217706,10.024301399632554
1.3004334778259419,0.9868820731596335,0.18839810272908994,9.614905381538078,9.667255844724792
1.3204401467155717,0.8764640783841826,0.23291985657594522,10.309400409080288,10.349211454745236
1.3404468156052016,0.644305860192736,-0.49788506165813906,9.15240514057794,9.188554806572062
1.3604534844948315,0.30547464627103854,-0.33041304210873573,9.605019990834652,9.615554927420636
1.3804601533844614,0.005994080627546056,-0.4749421535297305,10.161504659166845,10.172599614477683
1.4004668222740912,0.37967396680586296,-0.838274829864648,9.698966518973245,9.74252577864789
1.4204734911637211,-0.4292202943220952,0.15104674724583367,10.288939357440055,10.298995984171976
1.440480160053351,-0.29275587360473876,-0.1857443986590468,9.35645857659648,9.362880116648356
1.4604868289429809,-0.9008990209245608,-0.5431861550233255,9.476369431815598,9.534581682127483
1.4804934978326107,-0.952027247621084,-0.11708154850935104,9.650508548961907,9.698060590798615
1.5005001667222406,-0.8566932857585099,-0.2062986268839755,9.935219783260958,9.97422050342872
1.5205068356118705,-1.1188720063131872,-0.510714454158861,9.743393954885994,9.82071431110319
1.5405135045015004,-0.4725748667935388,-0.39066907675128887,9.662880224231275,9.682313956905885
1.5605201733911302,-1.2849865061955636,0.023088058762423758,10.236118929329558,10.316484581238951
1.5805268422807601,-0.622118599710884,-0.6467090006412962,10.264033492616745,10.303186284891437
1.60053351117039,-0.4911056972374003,0.2151723455754312,9.685686070287733,9.700515377871698
1.6205401800600199,-1.1229885314253858,-0.2720238134478775,9.297069657801101,9.368596715559997
1.6405468489496497,-0.40931382602711125,0.34000209627020067,9.162754851243786,9.178192398159707
1.6605535178392796,0.04701340185769299,-0.02921342188745434,9.881787034434108,9.88194204991522
1.6805601867289095,0.29668015516592045,0.16401978082750054,10.00678668666564,10.012527223203973
1.7005668556185394,0.21753930121970544,0.14140388415975425,9.828899335673563,9.83232325327208
1.7205735245081692,0.7288342800119119,0.07765651048515923,9.788727567875773,9.816130466707966
1.7405801933977991,0.5498164001081832,0.23631891975654012,9.568637215591776,9.587333459793227
1.760586862287429,0.7042091017159171,0.803987401128115,10.006493938174152,10.063410313349463
1.7805935311770589,0.8689922853176573,-0.23993992389722996,10.313455613669673,10.352781532233543
1.8006002000666887,1.1695438195250625,0.13635667849276817,9.144936696799334,9.220428031172196
1.8206068689563186,0.5181499576118074,0.33260358177612387,9.786749643363686,9.806098770819242
1.8406135378459485,0.5432070024340996,0.25644333179629786,9.51889549517592,9.537830386308862
1.8606202067355784,0.3822557162351695,1.0494707967234576,9.362860201783844,9.429244908470542
1.8806268756252082,0.3956861954863802,0.9767631937976029,9.471007238764676,9.529460216548946
1.9006335445148381,0.950863648292557,0.7664381198668753,9.923901856705323,9.998769780865477
1.920640213404468,0.441873441694468,0.37348258229949605,9.93148865927735,9.948326912959317
1.9406468822940979,-0.4180869278018579,0.9285065242886332,10.248086328352441,10.298553026430925
1.9606535511837277,-0.38601527327873647,0.002727617813659544,9.812634464143638,9.820224557412264
1.9806602200733576,-0.16948029733669495,1.062054369198875,9.282533511039126,9.344630085663324
2.0006668889629875,-0.8376993958024608,0.1448370128610577,9.738549137287208,9.77558475679996
2.0206735578526174,-0.897520944620732,0.1944275614512974,9.394086278335266,9.438866612443027
2.0406802267422472,-0.1707251680891232,0.060846010531417694,9.447961234073398,9.44969950848017
2.060686895631877,-1.0192533415051992,-0.2199792607305408,9.984167717521949,10.038469667281388
2.080693564521507,-0.4177767697033457,0.5894751814954563,9.868254271678326,9.894668301130684
2.100700233411137,-0.28248872851706897,0.15832670935727733,9.986269678630599,9.991518869670015
2.1207069023007667,-1.0229774521573023,0.19779582504697377,9.702752145818483,9.75853499554177
2.1407135711903966,-0.9933575521104042,-0.618660448924367,10.047158869027607,10.115082862580918
2.1607202400800265,-0.6231119686541923,-0.2762793212665783,9.685979130512967,9.70993256956877
2.1807269089696564,-0.7972614178647579,-0.24574549619377212,10.145004849822675,10.179250464559797
2.2007335778592862,-0.14410285038791162,-0.3831892793930489,9.913391681841464,9.921841275334696
2.220740246748916,-0.09566873514169887,-0.8643427599810778,9.747900938854615,9.786614002163262
2.240746915638546,0.3106160068870225,-0.23367077027563082,9.873627913252829,9.881275853956362
2.260753584528176,0.8964710825566652,-0.5473108574437728,9.804641789707524,9.860740854571493
2.2807602534178057,0.8187817365184549,-0.884461702409642,10.288831954593878,10.359186214416535
2.3007669223074356,0.8165063148245608,-1.1551633387886189,9.883631286773637,9.984350370170327
2.3207735911970655,-0.06823527067961777,-0.4036090006419153,9.809516198281647,9.818052980194897
2.3407802600866954,0.9562950870761159,0.1758071160562863,9.73845274288476,9.786872343145264
2.3607869289763252,1.4890456872524653,-0.8249232540421544,10.062955265773503,10.205921032162818
2.380793597865955,-0.42394825308297934,-0.4184123018731129,10.022374001716052,10.040058844744124
2.400800266755585,0.9965021372948579,-0.07493251825323155,9.727847510906212,9.77904129183271
2.420806935645215,0.5607502015068605,-0.7182444700941669,9.463307545613159,9.507076606937055
2.4408136045348447,0.15648339967078034,-0.40294117161122134,9.539409558486494,9.549198048354397
2.4608202734244746,0.6634540155832827,-0.43272585714167133,9.754751238137342,9.786858260758382
2.4808269423141045,0.8559998207333099,0.20896792810477816,10.214678251835725,10.252612109925822
2.5008336112037344,0.30255006678812557,0.40142791421680946,9.734947011225927,9.747916404268278
2.5208402800933642,-0.3352941871889107,0.1416025978057404,9.631762917010331,9.638637371390386
2.540846948982994,-0.7339565500886157,-0.07064036040147689,9.281784206025407,9.311025739689388
2.560853617872624,-0.4502908799235623,0.1328999344865608,10.26406243068069,10.274794491864043
2.580860286762254,-0.284542407856627,0.15440969439069327,9.98070844379444,9.98595752923175
2.6008669556518837,-0.8819878291618147,0.12039783574288015,10.048802991001757,10.088153434678073
2.6208736245415136,-0.8996052891729187,0.44359324178979054,10.098506415578813,10.14819671005425
2.6408802934311435,0.3290029921426375,0.6965088980029794,9.760580931372312,9.790929870635624
2.6608869623207734,-0.3439076157668972,0.709092163207603,9.83537719012426,9.866900659078388
2.6808936312104032,-0.2513598582611544,0.5847349279858323,10.256580582585599,10.276309744330579
2.700900300100033,-1.1953008135564829,0.6161741270711553,9.863874266795742,9.955120799915786
2.720906968989663,-0.7626787037849145,0.5728404988246218,9.9862575870192,10.031708011928936
2.740913637879293,-0.29408694503632143,0.19282425577037016,10.071165215160153,10.07730306758242
2.7609203067689227,-0.5520555029605341,0.6014922826759257,10.002879399726794,10.03614241279718
2.7809269756585526,0.6686461669383454,0.33725844651514947,9.771549248920053,9.800204369316857
2.8009336445481825,0.7712476147588572,0.055401254343188044,9.799834847155825,9.830292732863231
2.8209403134378124,0.16178086832378213,0.5076356315920402,10.043292131392784,10.05741437051858
2.8409469823274422,1.237715077939579,0.14072126137480526,10.042800857980419,10.119762356923909
2.860953651217072,0.6446743347547417,0.31301873754366055,10.160469779705839,10.185712143599018
2.880960320106702,1.7714063337174148,0.4138788299927325,9.975329094992953,10.139840562773324
2.900966988996332,0.8452966459522699,-0.21421369695368514,9.988981684077617,10.026972075978811
2.9209736578859617,1.0295281861700194,0.008155439763444065,9.676129989964666,9.7307495281715
2.9409803267755916,1.3299056581373376,-0.6525042298015584,9.63565514667843,9.748859468428352
2.9609869956652215,1.2126389880783306,0.26297027867511524,10.044189202305448,10.120542644274735
2.9809936645548514,0.8017529412718364,-0.687452469007311,9.637744479595089,9.695437964834177
3.0010003334444812,0.40641988298977894,-0.5107681112912268,9.803789699064941,9.825495084131552
3.021007002334111,0.510347525803791,-0.02330527924820125,10.223706972291387,10.236463353542296
3.041013671223741,-0.19549413832107346,-0.5540248324610977,10.176171087703526,10.193116279103002
3.061020340113371,0.011440754285344142,-0.8907510818091771,9.900536649239156,9.94053289937368
3.0810270090030007,-0.6710089443366356,-0.35340167959923874,9.721158126049888,9.750695414286568
3.1010336778926306,-1.1059247281019504,-0.38307094464909613,9.77298632689695,9.842818427593615
3.1210403467822605,-0.5196231673013626,-0.7896885238958953,10.070298042316685,10.114569633051937
3.1410470156718904,-0.1535857770911102,-0.7530916174681971,9.799050216766151,9.82914649020607
3.1610536845615202,-0.3733079038795675,-0.708590040198382,9.642515282096921,9.67572010765297
3.18106035345115,-0.8236171934905588,-0.6093016499730969,10.174732426922393,10.22618079937663
3.20106702234078,-0.09896119006528736,-1.071885224706827,9.864480041738785,9.923038735485555
3.22107369123041,-0.991616692232365,-0.5037739816595401,9.636823253702477,9.700796581312886
3.2410803601200397,-1.4584118789562344,0.15067990890864996,9.95368205667979,10.061086230079662
3.2610870290096696,-1.4561645537629992,-0.579700378210477,10.101365523957753,10.222233277749801
3.2810936978992995,-0.9181077220270115,-0.4053112475789049,9.507698080563673,9.560518907873869
3.3011003667889294,0.04142956813972526,-0.4994726003006752,9.74986382599412,9.7627370093123
3.3211070356785592,-0.3641898277405747,0.12841641434926993,9.735994989723476,9.743650416862495
3.341113704568189,0.25468778827506316,0.3961365935777151,9.945686149735044,9.956829970392148
3.361120373457819,0.905806649668751,0.47888335215266387,9.999602496857959,10.051958269248884
3.381127042347449,-0.02836355871045826,-0.1628386996977729,9.644557826616154,9.64597411382204
3.4011337112370787,0.74646980883773,0.4434735006028873,9.362174647228192,9.402350772357174
3.4211403801267086,0.8857523204330899,0.7989658184220161,10.11953962637982,10.18960184708072
3.4411470490163385,0.4068038922772315,0.5886675947580932,9.474016418826837,9.501000265661014
3.4611537179059684,1.3354243546104216,0.6363224092992429,9.891355261513164,10.0013585739602
3.4811603867955982,0.6808331229093465,0.3971452972901145,9.770405730380796,9.802147023212212
3.501167055685228,0.6040148464823876,0.6382762412136449,9.858733171561223,9.897820479424276
3.521173724574858,1.5251431837316538,0.9637473987205936,10.305370191512058,10.462099481630306
3.541180393464488,0.7778946064989454,0.6984586577566134,10.721484484086549,10.772334661433607
3.5611870623541177,0.7981972835205309,0.21903068219936966,9.319968776580417,9.35665064751261
3.5811937312437476,0.8075077789910697,0.436738104078673,10.105171846599877,10.14678801562347
3.6012004001333775,-0.1707072446061188,0.9033457017451538,9.763125668196707,9.806314151261107
3.6212070690230074,0.40878072423082434,0.5927190345923813,10.124356354113766,10.149926557347822
3.6412137379126372,-0.4678887116209187,0.4744998847652555,10.09717892285375,10.119144834778606
3.661220406802267,-0.6473454064925714,0.20609639068595864,10.23292344215945,10.255449964319324
3.681227075691897,-0.678765277286893,0.6539450340571563,9.89548947454881,9.940275567112042
3.701233744581527,-0.9302035779759517,0.7143996411282608,9.543127054513493,9.614932112204995
3.7212404134711567,-0.42919073262639873,0.5080448322731931,10.088294846612886,10.110193230041055
3.7412470823607866,-0.6891990792087533,0.4723460155696399,9.84539927284322,9.880789086449955
3.7612537512504165,-0.9900187419225959,-0.15846157473843,9.73984703545976,9.791315920456293
3.7812604201400464,-0.4807184186228219,-0.29016378422539624,9.667132835788513,9.683426174885605
3.8012670890296762,-0.7793232631226458,-0.27309776505146405,10.11190067073154,10.145563676428294
3.821273757919306,-0.6850898523518004,-0.29556616129878877,10.291010847602214,10.318023634735809
3.841280426808936,-0.39076364648852285,0.0481994839580418,9.45139423239011,9.459591553218768
3.861287095698566,-0.06031462482812022,-0.0966531994071631,9.996585672743679,9.997234858070906
3.8812937645881957,0.08730447138855744,-0.34005227235484403,9.698283844373208,9.70463637364577
3.9013004334778256,-0.03337108500648024,-0.9747309937553088,9.369818280542367,9.42044100612533
3.9213071023674555,0.6256301175891477,-1.08317704370157,9.854311746228904,9.93338540196149
3.9413137712570854,0.35806466329890035,-0.5229278007789444,9.560058665943131,9.581043026946764
3.9613204401467152,0.3224759788936345,-0.3357688691643263,9.33667403165994,9.348273287828956
3.981327109036345,0.10491224345717598,-0.6148756359437652,9.57547785833264,9.5957727589769
4.001333777925975,1.1577590377335245,0.005730832885050385,9.501667824625844,9.571944958127853
4.021340446815605,0.8028367688502612,-0.8582908103480851,9.615993944080984,9.68754610441406
4.041347115705235,0.8749467425799806,-0.8487640826272754,9.412234776913893,9.49084273213168
4.061353784594864,1.161331278922301,-0.6271990722759817,9.691457967412136,9.780921559330865
4.0813604534844945,0.4665812106989564,-0.5705415880080185,9.596025261574809,9.624287846412631
4.101367122374125,-0.01120404284764942,-0.12573147591407602,9.922684163143698,9.923487035115954
4.121373791263754,0.4200242745322168,-0.3274541975298607,9.988061695919495,10.002250900880783
4.141380460153384,0.34886304666744866,-0.5780524982384562,9.888044573033532,9.911068337689318
4.161387129043014,-0.057399875008419005,0.2435957786860668,9.739366662637948,9.742581620820435
4.181393797932644,0.4568623314578233,-0.46149843202910296,9.731271721292305,9.752915118378388
4.201400466822274,-1.3007101510543504,-0.1660234478112635,9.558877503776591,9.648396230176555
4.221407135711903,-0.016219370437930813,-0.24614314779894195,9.566101602177019,9.569281549853129
4.2414138046015335,-0.2821119666139351,0.38266603192212134,10.021081160423622,10.032352071049493
4.261420473491164,-0.5196811893852388,0.44892504011780227,9.282089220404862,9.30745843535182
4.281427142380793,-2.104758313671922,1.0316999188607991,9.785782518506117,10.062601640780995
4.301433811270423,-0.28557542985413764,0.78419067348276,9.71294128153164,9.748730003287362
4.321440480160053,-1.1976980689056413,0.9842316900740065,9.989739630412469,10.109307125982458
4.341447149049683,-0.9380670231048192,0.6674850286320716,9.382496404973296,9.4528696591364
4.361453817939313,-0.7136232362500164,0.30379365635665456,9.813744211645782,9.844344780663139
4.381460486828942,-0.35991304969664006,0.6377205951270369,9.912895302407733,9.939905343477292
4.4014671557185725,-0.11794665675673377,0.7658189198907979,9.238580634412802,9.271017321224788
4.421473824608203,0.15163290903001725,0.7746825992130295,9.48770160814148,9.52048357352476
4.441480493497832,0.299529229745314,0.3844655928839025,9.782463045956163,9.794596203881062
4.461487162387462,0.2544167328818755,0.6235234196496823,9.964244072290292,9.98697498049305
4.481493831277092,0.4918604529424772,0.13684644030641518,9.86474979333381,9.877952325177157
4.501500500166722,0.04484186063492707,0.034173729842266354,9.978136275884943,9.97829555467303
4.521507169056352,0.3118558505178408,-0.06506072700417648,9.486188246207805,9.491535935357966
4.541513837945981,1.070360483694206,0.19345541220981205,9.333374895081592,9.396541038792236
4.5615205068356115,1.1106631928782813,-0.2551162587008617,9.835351741727038,9.901151494496041
4.581527175725242,1.0893528648139212,-0.1192527049898074,9.441194028535765,9.50458076698731
4.601533844614871,0.5773445299047664,0.18879597370775447,9.550403302185659,9.569700823970305
4.621540513504501,1.090663142080817,-0.4792033519265656,10.089683506447912,10.15976846204077
4.641547182394131,0.16828824588676228,-0.40627199149782034,9.866729867030056,9.87652449669023
4.661553851283761,0.9377901994937111,-0.31221195915183786,9.639556528423377,9.690096843188597
4.681560520173391,0.25071913473269436,-0.3307793342581749,9.60059054860771,9.60955846719864
4.70156718906302,0.8588554264548636,-0.6165819493469415,9.99627646706675,10.052032090569744
4.7215738579526505,-0.6027106276906076,-0.28208445321132364,9.873591280694995,9.895990931568752
4.741580526842281,0.5316077128474559,-0.380586630153076,9.445633007303194,9.468232984673843
4.76158719573191,-0.48910176201595773,-0.24267840801681945,9.225652880069717,9.241795518559332
4.78159386462154,-0.6495063991863227,-0.6227510185414644,10.374540549792046,10.413489761504444
4.80160053351117,-0.5476042953425793,-0.7521634448385175,9.443256232404734,9.488978268648308
4.8216072024008,-1.0003064374392339,-0.7895660025820708,9.968308950990037,10.049438331747895
4.84161387129043,-0.809560667951116,-0.4658455150620494,10.263207879701453,10.305621597019893
4.861620540180059,-1.0950372281597511,-0.6316058455211505,9.854279270649947,9.935031576150804
4.8816272090696895,-1.0589863935901804,-0.6379403377130979,9.62986899705984,9.708902973911364
4.90163387795932,-0.5226897509585635,-0.539795249013656,9.382185287491287,9.412225255242928
4.921640546848949,-0.980378112362722,-0.539330654878819,9.377996839103991,9.444513937346716
4.941647215738579,-0.7977423827419725,-0.1958408576469715,9.923008454602916,9.95694949976486
4.961653884628209,-0.8852900289269042,-0.5948419375705111,10.245292896884996,10.300660265680651
4.981660553517839,-0.36631648437411135,0.008203321977273734,9.691362270988641,9.698286329489235
5.001667222407469,0.5397245909926592,0.21050676596448226,9.643283861355192,9.660669716086588
5.021673891297098,-0.14423065786890277,-0.07664919417235569,10.019244327243356,10.020575555856796
5.0416805601867285,0.07065109374944711,0.762081054058334,9.604215823828577,9.634662459094345
5.061687229076359,0.5915134888936707,0.2743994667644521,9.892344872288527,9.91381209965152
5.081693897965988,0.49006549942435573,-0.12175871412833489,9.822540435025655,9.83551167839814
5.101700566855618,1.6215403311265393,0.3319295651885263,9.687159582426585,9.827544508020068
5.121707235745248,0.7199321898060842,0.49530263394247603,9.805338552379045,9.844200891076945
5.141713904634878,0.9336790477386527,0.6605771918817422,10.338945634394994,10.402014978916144
5.161720573524508,1.1509842990606993,0.48609515851660057,9.991359883230288,10.069177010860475
5.181727242414137,1.077761090883611,0.2844966155658926,10.137750241276795,10.198847348980118
5.2017339113037675,0.699607803931832,0.2707631962101472,9.534391691723982,9.563858463975697
5.221740580193398,0.409295743065329,0.40085717329235104,10.138780844282273,10.15495379049341
5.241747249083027,1.126660467167039,0.41372652169233637,10.001706142640696,10.073463118846732
5.261753917972657,0.10428406797585157,0.21149225818849382,9.36012117103219,9.363090968185254
5.281760586862287,-0.21269946454958708,0.2905294739422388,9.97193722001133,9.978435767057688
5.301767255751917,-0.47273814162287214,0.655008486799991,9.656017758961598,9.689746974493545
5.321773924641547,-1.0725648936252978,0.8881091263711447,9.346258897102315,9.449427953217345
5.341780593531176,-0.20117595596789034,0.5476993118960412,9.848932719698286,9.866200992208423
5.3617872624208065,-1.5900178734293136,0.6330027663047335,9.971712777318784,10.117504882791845
5.381793931310437,-0.7408705493589764,0.44818457148175433,9.85548242059337,9.893446938435902
5.401800600200066,-0.8706636178510976,0.3170508649026793,9.777258424546273,9.821067084932583
5.421807269089696,0.09733774615293911,-0.12458859412382244,9.710824398462501,9.712111379735433
5.441813937979326,-1.50052262465824,-0.07080989457455412,10.549976402802468,10.65638701849599
5.461820606868956,-1.05837156937327,-0.3265341019531945,9.455229183441407,9.519880976671823
5.481827275758586,-0.6468564119307375,-0.34879535452604477,10.071876594707161,10.09865236336041
5.501833944648215,-0.5357156228266934,-0.3388991582444338,9.814626891266695,9.835077268775
5.5218406135378455,-0.5175249780187345,-0.21340412079902085,9.553660048119891,9.57004669459295
5.541847282427476,-0.15592842229071,-0.3588930032849087,9.795480284811427,9.803292909569432
5.561853951317105,-0.4468867302155602,-0.5818194984796834,9.392120208723416,9.420729467167853
5.581860620206735,0.3773844099799104,-0.551878356999448,9.631352877957944,9.654529868075869
5.601867289096365,-0.5284731826503553,-0.4608576725187953,9.79591970224932,9.820983479876974
5.621873957985995,0.535028705180868,-0.39961501563514096,9.344664882420261,9.368495591119583
5.641880626875625,0.4226079617394425,-1.0508452810339737,9.961914761546417,10.026096898111117
5.661887295765254,1.1528929208951029,-0.9001600595801632,9.52087168772654,9.632572237677028
5.6818939646548845,1.4940788714814908,-0.2134435297710986,9.374483712595934,9.495197454099362
5.701900633544515,0.664736365990803,-0.5201985871053956,9.48587467925149,9.523355471511167
5.721907302434144,1.3180112475190042,-0.5740619014447891,10.462786248550646,10.561088807416473
5.741913971323774,0.5610054068086958,-0.46064153661972773,9.216580757439349,9.245121878597883
5.761920640213404,0.19168599197230013,-0.3867894920098214,9.940836926630938,9.950205446749171
5.781927309103034,1.1377092800202304,-0.059394907801795016,9.584509118694214,9.651980377479509
5.801933977992664,0.4864716389809197,-0.4731290464495185,9.704961548544732,9.728657893505083
5.821940646882293,0.10456902800994763,-0.04404261732278369,9.9911792786041,9.991823547829872
5.8419473157719235,0.19705673888836325,0.1127766665838166,9.976445614451677,9.979028862217966
5.861953984661554,-0.14476912965171954,0.24735459063157889,9.605791074251464,9.610065793561233
5.881960653551183,-0.4458116531835798,0.28194842482312793,9.402652798010012,9.417437155845535
5.901967322440813,-1.091050573488367,0.4515910805038884,9.996642292110192,10.066140420951124
5.921973991330443,-0.7824709400371792,0.19999910628990974,9.975713157902804,10.008352183215505
5.941980660220073,-0.5043600340102101,0.1558115110553578,9.724509147363545,9.738826131934042
5.961987329109703,-0.8437549645678142,1.2320423511433745,9.942583315142514,10.054094378599896
5.981993997999332,-0.4341891356586258,0.44990938769471756,9.67625115570734,9.69643104915347
6.0020006668889625,-0.6015952153813668,0.5180293928040666,9.561888730489564,9.594789593797355
6.022007335778593,-1.0277566513340537,0.7967726393580146,9.811188654336323,9.896997180163725
6.042014004668222,-1.0911276669070638,1.0788247301204006,9.965709822327456,10.083144085385438
6.062020673557852,-0.48456185854324185,0.42958991430142224,9.90277508086573,9.923925734881315
6.082027342447482,-0.46811559487683896,0.27278735802679305,9.962748804023002,9.977470064346367
6.102034011337112,0.05254524104550681,0.16626866546604374,9.581826338013263,9.583412870335758
6.122040680226742,-0.18861828810515746,0.9710896439544398,10.284564337427476,10.332030563538241
6.142047349116371,0.028071591566412424,0.12476837613370362,9.707285743398414,9.708128123686986
6.1620540180060015,0.8570679605173298,0.36106956615321334,9.774325304557022,9.818470954270381
6.182060686895632,0.6345136461601056,0.0008985456217063814,9.41440322723464,9.435761574961166
6.202067355785261,0.4042086149747759,-0.2223542560866627,9.751843453110816,9.762749446421328
6.222074024674891,0.7674865195599699,0.03769010995730211,9.969671321055456,9.99924008872527
6.242080693564521,1.3483578683786892,-0.24553118631055051,10.038753183807799,10.131876429866336
6.262087362454151,0.9100510234423025,-0.2620948016629916,10.278582221156036,10.322118921393615
6.282094031343781,0.9850560741192524,0.45805436452787174,9.966070468747638,10.025103982406668
6.30210070023341,0.3641945645333509,-0.10221381172263508,9.893073958739912,9.90030290936799
6.3221073691230405,0.9589624930463605,-0.030930800389369573,9.676111466545704,9.723564104303508
6.342114038012671,1.3309847958497272,-0.13661375744748325,9.611477877530099,9.70415843006273
6.3621207069023,-0.07807691599761313,-0.4791883469934265,10.101074554400448,10.112735763890116
6.38212737579193,-0.41164046796724685,-0.6355680923205298,10.095321105521673,10.123680304041391
6.40213404468156,-0.04917475630877016,-0.47225594908219176,9.48689618974537,9.498770612721772
6.42214071357119,0.05638818778620219,-0.5272630394334654,10.026928766146044,10.04094051480445
6.44214738246082,-0.489813223532618,-0.7661790983599157,10.005115107418753,10.046356340355938
6.462154051350449,-1.0108763347359147,-0.5607967058519756,9.475857334495743,9.546111047601547
6.4821607202400795,-0.7393063185733212,-0.8022422304973531,9.972137041436753,10.031634144159701
6.50216738912971,-0.5274389714351103,-0.6189653078320021,9.495136062155458,9.529896051884991
6.522174058019339,-0.9612066322492709,-0.6324081022742234,9.081212109697955,9.153811860587197
6.542180726908969,-0.5465077219568332,-0.8647014055322279,9.761969275892385,9.815417635248883
6.562187395798599,-0.2742970631364534,-1.1306103352398171,9.887344411576498,9.955556143286492
6.582194064688229,-0.5571262615138813,-0.6385466809476629,9.775478758535067,9.812141279740525
6.602200733577859,-0.5441336160861894,0.260942994150575,10.670132045156393,10.687183468969954
6.622207402467488,-0.053782864218520965,-0.2902878352386603,9.923655368770493,9.928045905509228
6.6422140713571185,-0.5608728253945634,0.12279514683275,9.85414254578961,9.87085519532592
6.662220740246749,-0.42209277967788933,-0.6574426736425768,9.938877390994227,9.969537450503847
6.682227409136378,0.03343573866410296,-0.23225206943924448,9.677604298679972,9.68044853992871
6.702234078026008,0.11644586088171027,-0.2473653748836835,10.088843718628063,10.092547589489422
6.722240746915638,0.1490269986942117,0.18342853896344619,9.918300583853132,9.921115942619934
6.742247415805268,1.3357381363000833,1.0502978901605913,9.904551511167748,10.049251845994185
6.762254084694898,1.5747659159319176,0.5340236260459699,9.622763933139918,9.765380414305149
6.782260753584527,0.6309141563223426,0.9678836899175133,9.340700902065272,9.411883172442126
6.8022674224741575,0.8361344674158064,0.4356877239963208,9.659584173276814,9.705488706966884
6.822274091363788,0.7106045991221424,0.9626695915223342,9.894790156877969,9.966873325541188
6.842280760253417,1.1749790784811005,1.203811560644974,9.676590156076516,9.821717525824479
6.862287429143047,1.163158887309021,0.5644351925968398,9.897518150120211,9.981602637639249
6.882294098032677,-0.19375675053127817,0.4373134405911909,9.740291436943108,9.752028609488663
6.902300766922307,0.5574369043092634,0.19199014482848725,9.939173845387957,9.956644658058316
6.922307435811937,-0.32452349119939317,0.46951662651071097,9.516952762237405,9.534052193981761
6.942314104701566,0.7225818582557426,0.5489357236370139,9.867867003565525,9.909503225218833
6.9623207735911965,0.015457617996022327,1.0838756053639238,9.617713756094581,9.67860750108341
6.982327442480827,-0.6617064756252762,0.025541429993150178,9.34851511736081,9.371939112267755
7.002334111370456,-0.5836761992333418,0.36197291794017133,9.760453763091489,9.784587878920624
7.022340780260086,-0.7326847001707351,-0.2779918449935934,10.270895272145415,10.300747352844175
7.042347449149716,-0.5055352749163637,0.05444986642375493,9.372427077646206,9.386209033892976
7.062354118039346,-0.3608217094128065,0.18793105864620124,9.84581767511826,9.854219201969206
7.082360786928976,-1.25923452395818,0.1581746026582572,10.049273118979269,10.129095764731105
7.102367455818605,-0.04603305757608578,0.0908938628371337,10.500009205543336,10.500503514269496
7.1223741247082355,-0.08099934781180784,-0.054855615429932225,9.662120105265995,9.662615327201818
7.142380793597866,-0.9782727061026626,-0.08426044073406128,9.620399818618706,9.670377964663892
7.162387462487495,-0.47186764824532346,-0.32310709355619105,9.459992341218221,9.477262915381967
7.182394131377125,0.3360303969598009,-0.721980604975474,10.152154900453866,10.183340392251019
7.202400800266755,0.3153257689980068,-1.0246519563066303,9.549775701228278,9.60976367638285
7.222407469156385,-0.13302113847181793,-0.6840401005028698,9.698821070467396,9.723823097903347
7.242414138046015,0.5068442922137084,-0.5994864614729895,9.255318636788624,9.2885519981602
7.262420806935644,1.5501870550080932,-0.2092922614199998,10.075191552803558,10.19589956707544
7.2824274758252745,0.5456614027084201,-0.6287252588585714,10.157477484233409,10.191535245498647
7.302434144714905,0.37715433951303806,-0.656994501028211,10.06373251907531,10.092204882268726
7.322440813604534,0.7936694626523478,-0.4682625978463454,9.328402415593885,9.373807801728523
7.342447482494164,0.8808648925872621,-0.6375594911824217,9.992145312233792,10.051137896008854
7.362454151383794,0.5900930186895676,-0.27338816810320676,9.3081988845828,9.330890489986125
7.382460820273424,0.9534420336652889,0.1289861498341769,9.827412090619273,9.87439707208793
7.402467489163054,0.21231494811995988,0.25471522834443716,9.87152327399514,9.877091132199471
7.422474158052683,0.3487415636031705,-0.3019728368733482,9.90305496543248,9.913793719902115
7.4424808269423135,0.7877822920936974,-0.151062437362621,9.97039095979124,10.002605495110023
7.462487495831944,-0.37263374537242205,0.30620785179680277,9.80758991893222,9.819441897309297
7.482494164721573,0.518623357792692,-0.12395339096282895,9.221271146181435,9.236675602281245
7.502500833611203,-0.8274165390193455,0.21507047690457157,9.97053630263986,10.007120844745408
7.522507502500833,-0.8939807648226603,-0.23921451895586193,9.839282442338325,9.882707330183335
7.542514171390463,-0.5695993842237661,0.09580101265277959,9.53921406258863,9.556684897202695
7.562520840280093,-0.40495626804477636,0.6193126848618499,9.339180773659018,9.36844892731672
7.582527509169722,-0.11279583704161056,0.13425672875573458,10.272006655777307,10.273503224626126
7.6025341780593525,-0.7102764808107982,0.38059458046093375,10.179390161487206,10.211235428372598
7.622540846948983,-0.8849863321566754,0.006525161027488846,10.021787222192238,10.060788364374144
7.642547515838612,-0.5674827397849223,1.1294226111468584,9.60711002662959,9.689901710455601
7.662554184728242,-1.1198759538122585,0.943519868652891,9.054901334336545,9.172545452001827
7.682560853617872,-0.6486195713464903,0.6451374016032646,10.039403752630571,10.080998825692518
7.702567522507502,-1.0811237043167048,0.7516869754538748,9.920006032156524,10.007016610914777
7.722574191397132,-0.4346119276695074,0.7153140306576387,9.697601307278347,9.733654647924128
7.742580860286761,-0.3620448538383535,0.9954011147649646,10.147441892009363,10.20257206821754
7.7625875291763915,-0.458470228806085,0.39485538308603074,10.064399260188855,10.082571011043933
7.782594198066022,0.10957265084589558,0.7280608462656893,9.862828646469255,9.89027136489657
7.802600866955651,0.285075204930884,0.7779445281373121,9.820517525361335,9.855406132029987
7.822607535845281,0.8586358865630713,0.7553289693718505,9.825290315279904,9.891618028270166
7.842614204734911,-0.10680357606257018,-0.35994262536508026,10.013981961850424,10.021017933806931
7.862620873624541,0.6247284471230156,0.058004445981954866,9.552757096037103,9.573338930816439
7.882627542514171,0.4373417705209047,-0.15344677054633638,9.93779493653551,9.948596983306958
7.9026342114038,1.137851252470211,0.10823944782286957,9.533822716659124,9.602093357362163
7.9226408802934305,1.0997394136378655,-0.6318266329379277,10.21096655152567,10.289434852720255
7.942647549183061,0.9688636712559409,-0.7304713508753568,9.96963857147257,10.043205586550682
7.96265421807269,0.41267952222551585,0.4471294623211302,9.603531521508321,9.62278789274417
7.98266088696232,0.9415111181991693,-0.10107589292794442,9.834178747208925,9.87966250202301
8.00266755585195,-0.16156120072467206,-0.3260593952322022,9.553864085991588,9.560791584612577
8.02267422474158,-0.40343090556198435,-0.32101000061992135,10.261233851310239,10.274177537269624
8.04268089363121,-0.39427239358765775,-0.44419060881698563,10.296862795341363,10.313977867117599
8.06268756252084,-0.07784885256726477,-0.23578339960925498,10.018867104768855,10.021943539972513
8.08269423141047,0.0283580191532182,-0.7594671069122465,10.276996970296373,10.305059979991032
8.1027009003001,-1.5970472611329327,-0.5355550752848368,9.85553878466175,9.998451076488175
8.122707569189728,-0.021733417108809383,-0.5316839954491064,10.039053770152439,10.053146811444059
8.142714238079359,-0.6145005584491345,-0.908713679371757,10.177417356572928,10.236366324887143
8.162720906968989,-1.3761683242958127,-0.19280168216067622,9.808276921345225,9.906225714732756
8.18272757585862,-0.7526074302469554,-0.6777603849390273,9.831331157195205,9.88336225208268
8.20273424474825,-0.35947637643164265,-0.19463520082063235,10.090096980428669,10.098374285055325
8.222740913637878,-0.5196055041268881,-0.4098395534321143,10.003949389678798,10.025814766428272
8.242747582527508,-0.24393469467970763,0.1114014854199486,9.583361783939685,9.58711309561423
8.262754251417139,-1.1193964304358346,-0.6168479844922685,9.15395118861856,9.242747003356513
8.282760920306767,-0.5986273511144968,-0.5487079967241764,9.757341581220887,9.791075012673202
8.302767589196398,-0.640953960865057,-0.4087640732169529,9.180925746232447,9.212345391122465
8.322774258086028,0.591722735253069,-0.007729020282485434,9.512694799168337,9.531083772336398
8.342780926975658,0.3410623916427786,0.5051442897327181,9.547713912839885,9.567148753410233
8.362787595865289,1.4003982095027603,0.6100834410490285,9.639407306717963,9.759686991652366
8.382794264754917,0.23749157537253182,-0.4743851021998401,10.056131443249063,10.070115345787483
8.402800933644547,0.27596386635571685,0.3750028640022687,10.12130386221908,10.132007455332568
8.422807602534178,0.6211548122509343,-0.589125676229159,9.962622215942163,9.99933716707059
8.442814271423806,1.307501218403337,0.6794282202540312,9.999752092818541,10.10773090562034
8.462820940313437,0.6490342961562704,0.8325138040522135,10.006836136910595,10.062360270955534
8.482827609203067,0.8440273000411279,0.5298448889423847,9.060951002633724,9.115588338756975
8.502834278092697,0.7912075788803625,0.5996599965785039,9.813059304602135,9.863150331410994
8.522840946982328,0.6882449254056314,0.6160575003031985,9.271062383649,9.316963327315284
8.542847615871956,0.2971203907522606,0.3646436393833831,9.962741842701462,9.973839307641668
8.562854284761586,0.3603459443634405,0.7218719011527953,9.18206755580409,9.217446112706233
8.582860953651217,0.17923381430336072,0.5018682564008466,9.75586843939479,9.770412760664305
8.602867622540845,0.07145145945473277,0.8163337244963913,9.974330932805877,10.007936031866736
8.622874291430476,0.27128965838444014,0.45691195415386743,9.474672615505106,9.489562043824648
8.642880960320106,0.4229496105448845,0.1752955189714745,10.098514788153967,10.10888796152158
8.662887629209736,-0.7783192616120196,-0.0944023481957752,9.961986650985525,9.992790937008285
8.682894298099367,-0.7372459494158743,-0.2684283546207298,9.924247408751373,9.955213307689739
8.702900966988995,-1.0191650847955507,0.6023735990018263,10.01940047625316,10.089099926474255
8.722907635878625,-0.6878980807296792,-0.015624423441273072,9.702239973670004,9.726608267981165
8.742914304768256,-1.012772361092165,0.13361194061651224,9.855575659127043,9.908376838758453
8.762920973657884,-0.6955545420764156,0.47660827916003357,9.81301547167026,9.849173783623016
8.782927642547515,-0.3037138296783773,-0.31627689390863145,9.806235316615156,9.816034038693466
8.802934311437145,-1.6712000280428696,-0.42140524473589774,9.608390677005877,9.76174489095033
8.822940980326775,-0.3461670802565572,-0.35324144321183387,9.43724036558319,9.45019136750407
8.842947649216406,-0.5812895156511134,-0.3780718221657423,9.708942495213158,9.733673519236072
8.862954318106034,-0.04713140774602531,0.11484222099668007,9.69241562784172,9.693210552141638
8.882960986995664,-0.41218199790364657,-0.035946005651270374,9.588980703744934,9.597902742344852
8.902967655885295,0.605348502983206,-0.3622134699959877,10.065616134543008,10.09030592082733
8.922974324774923,0.6661281612550043,-0.14397909410394222,9.458338014643317,9.48285899431194
8.942980993664554,0.6867929573184384,-0.6494504994901741,9.758547252332628,9.804219244464035
8.962987662554184,0.9119556593650255,-0.5098812160456629,10.159901913468376,10.213483679451516
8.982994331443814,0.40131436522869623,-0.6801118878023475,10.082738805779867,10.113615932259254
9.003001000333445,0.5209464678750816,-0.9534034334699508,10.174888165529186,10.232727520576795
9.023007669223073,1.099810579631364,-0.16890419061830086,9.632765826787733,9.696818520030527
9.043014338112703,0.4810598351281394,-0.32229201572403576,10.045286437718312,10.061961554497236
9.063021007002334,1.315540869442786,-0.4171721208035615,9.49110888090656,9.590924259255383
9.083027675891962,0.5193988304476072,-0.35452924633170696,9.727237813255039,9.747544388572617
9.103034344781593,0.7280637428754119,-0.728812962517069,9.755473256765942,9.80971475688759
9.123041013671223,1.2185944156791844,-0.4870607616720675,9.637247936340598,9.726188787083366
9.143047682560853,-0.07132219400168799,-0.0054399466607252395,9.701455803574643,9.70171949486734
9.163054351450484,0.06017906731918414,-0.17507350888545947,9.661987221750795,9.663760620324394
9.183061020340112,0.274189110006816,0.00866366918470382,9.515281856669493,9.519235449292852
9.203067689229742,0.06038703248281896,0.13121790162027291,10.066924051801738,10.067960299690402
9.223074358119373,-0.6075698678199473,0.0428179860396497,9.75526499913772,9.774260571910936
9.243081027009001,-0.8151665942249795,0.03650455910230127,9.870430963175187,9.904102006642654
9.263087695898632,-0.8027393867790305,-0.08492977152577441,9.859133061357857,9.892123549103971
9.283094364788262,-0.1951828916484767,0.4176626130902436,9.826417927533006,9.837226626753482
9.303101033677892,-0.9113341155552956,0.6995571451423548,9.83784136381693,9.904697510228266
9.323107702567523,-0.7530429119748544,0.06156762669186916,9.718374833990694,9.74770093990761
9.343114371457151,-0.8996180594773338,0.5755296313551919,10.23551906055446,10.291083395273757
9.363121040346781,-0.35413876241997405,0.6819380041909803,10.038223428490609,10.0675907398397
9.383127709236412,-0.44916129251522974,0.30199960533573106,9.815514609831306,9.830426068290667
9.40313437812604,-0.7616881955338703,1.0131935752572812,9.675883669210181,9.758558034271587
9.42314104701567,-0.5784188059853429,0.44519220205038107,9.774353747181276,9.801569036992019
9.443147715905301,-0.8111743294666484,0.4921455845923128,9.935286454911525,9.980487363368976
9.463154384794931,-0.16450550530325642,0.42389196414550956,10.259982027760895,10.270052466687732
9.483161053684562,0.6567907102738095,-0.11993627013292651,9.398085736600487,9.421771290924488
9.50316772257419,1.0226128562252663,0.6436037205655618,10.007932427592534,10.080608824773494
9.52317439146382,0.8960895153702708,-0.023739654194244675,10.14801709103359,10.187531146978037
9.54318106035345,0.9407737857845235,0.1079264511339172,9.363984459028432,9.41174311080576
9.56318772924308,0.7287145683488168,0.2700848217281221,9.755654736980619,9.78656068699439
9.58319439813271,1.1099648343470552,0.43889955576847856,9.490644608075089,9.565405889470954
9.60320106702234,0.8944003037991373,-0.4135234249511739,9.939158883503111,9.98788430239048
9.62320773591197,1.4417997930180926,-0.3116274009284502,9.702494720293334,9.81398502533382
9.6432144048016,0.58406657304964,0.15294013240386417,9.770958279935963,9.789593972892993
9.66322107369123,1.0322891595609744,-0.200828852251751,9.686683257816458,9.743602294536942
9.68322774258086,0.6911332608328795,-0.20902851102298373,10.026049029830482,10.052015581524667
9.70323441147049,0.4646575744475036,-0.786835949248212,9.878709888179442,9.920883354184499
9.723241080360118,-0.8138147374371275,-0.6356673493738413,9.879278029211898,9.933101317534154
9.743247749249749,0.18322909518822714,-0.6108098853284654,9.858186547524436,9.878790595165494
9.763254418139379,-0.40907141185565116,-0.8436535101820458,9.981747264135642,10.025685468351748
9.78326108702901,-0.6870059586580792,-1.1011663138053074,9.731408443543103,9.817578863088052
9.80326775591864,-1.2279966571551002,-0.7508557224514671,10.320232436262279,10.420122726935718
9.823274424808268,-0.7300986097844949,-0.17675554837741042,9.439561574634444,9.469403847402779
9.843281093697898,-0.770368872834136,-0.5373839932561643,9.292224465549106,9.339576289885374
9.863287762587529,-1.3209583754337673,-0.10233474468317477,9.267395829417428,9.361625333706831
9.883294431477157,-1.3642660558585606,-0.40871383038651843,9.18612356421227,9.295866554727054
9.903301100366788,-0.5159953502821147,-0.6291281995575428,10.011950944446076,10.044959691655608
9.923307769256418,-0.26142159384491737,0.05535224260566762,9.975410309784793,9.97898872476819
9.943314438146048,-0.4023478471467484,-0.18500529956080408,10.172332947532679,10.181967803250416
9.963321107035679,0.13790746955030309,0.1247272789134658,9.493008535588343,9.494829457184371
9.983327775925307,-0.18450843671949826,-0.39572333428508505,10.03363843642365,10.043134002560976
10.003334444814937,0.008421685676729945,0.3267099707861678,9.827047218644791,9.832480224606357
10.023341113704568,-0.15807004909627168,0.42571527214003235,9.859975949746758,9.870427820664059
10.043347782594196,-0.2474183050045824,0.2795582169438778,9.997686868604882,10.004654483638436
10.063354451483827,1.2672775598780612,0.033756136370585665,9.583115474681268,9.666604062005888
10.083361120373457,1.099880959442446,0.3389701929940178,10.586174740621347,10.64855551498192
10.103367789263087,0.1793024058416074,0.605088222413536,10.209564091282607,10.229050788985818
10.123374458152718,0.8500172696429251,0.5514224105954747,9.650488213801392,9.703531254049617
10.143381127042346,0.7589491971067435,0.7098012955329758,9.482778582682997,9.539544612355487
10.163387795931976,0.6598905005845226,0.8695500472011592,9.783628751458593,9.844336661437197
10.183394464821607,0.5371715771684298,0.3948901125589601,9.864677533074612,9.887181313997507
10.203401133711235,0.7488518391621243,0.25306247934930304,10.129684577912494,10.160478794991363
10.223407802600866,0.7887781743704493,0.5848670316232527,9.459383726529502,9.510214557977866
10.243414471490496,0.46410049782818635,0.48021018267286875,9.89564608295975,9.918155195943635
10.263421140380126,0.08111843641089833,0.7847384607722234,9.351295492675565,9.384515013780693
10.283427809269757,-0.11397618492833962,0.18401809802277042,9.940907278023337,9.943263586035929
10.303434478159385,0.14583328758181027,0.7583648262244413,9.777748733862586,9.80819834933882
10.323441147049015,-0.20965244769593702,0.7939452095724652,10.391003928685729,10.423399915123195
10.343447815938646,-0.5119539347787658,0.3147554138330754,9.346199236734098,9.365500946270933
10.363454484828274,-0.6738077920051726,0.25254058247203126,10.221182514447031,10.24648064849585
10.383461153717905,-0.6061379404489253,-0.08161016642024627,9.298850599450136,9.31894231621856
10.403467822607535,-0.9784427552697751,-0.10318661490179298,9.41183691767805,9.463121676687997
10.423474491497165,-0.46901437168815996,-0.15328535583566152,9.306871632458352,9.319942621294494
10.443481160386796,-1.1938366977101347,0.31240082478526826,9.885105782535316,9.961835005060017
10.463487829276424,-0.8550162951069066,-0.22900295205649482,9.45789035677388,9.499220242614932
10.483494498166054,-0.33773329919841,-0.6863427865399296,9.405500548415839,9.436555026505886
10.503501167055685,-0.8973915371274643,-0.2887544304100493,9.870830280487015,9.915744103100321
10.523507835945313,-0.9128571888263466,-0.18484559488094457,9.945532615762408,9.989048761135
10.543514504834944,-0.0833773666255759,-0.4978998830166878,9.821954791245098,9.83492003018001
10.563521173724574,-0.6066094956716035,-0.09592130713492059,9.761334255293535,9.780635072477065
10.583527842614204,-0.27063468171793725,-0.3376526120203648,10.358672889731153,10.367707386582817
10.603534511503835,0.7157490925813402,-0.9068975218594424,9.853750879872592,9.921248221936377
10.623541180393463,0.474361588558288,-0.7653935490960426,10.051707442176674,10.091960597664228
10.643547849283093,1.185275732815586,-0.5262744755136756,9.852876637706988,9.93785798974059
10.663554518172724,0.26974871018758906,-1.0746838501805407,9.480637113523596,9.545165782887574
10.683561187062352,0.7563665626418936,-0.44154952196392816,9.974966304570605,10.013341556880412
10.703567855951983,0.9555788766691904,-1.026240668730512,9.613260806559063,9.714992755252956
10.723574524841613,0.2887694749020713,-0.13474023015232522,9.78270415858823,9.78789269422771
10.743581193731243,1.0923199235431131,-0.10355916905517287,9.901620804568028,9.962227756597368
10.763587862620874,0.7718795873610904,-0.14974418070067047,9.227574579934007,9.261012582071288
10.783594531510502,-0.2170506371650079,-0.42253915898310856,9.327149362832483,9.339237953738746
10.803601200400132,0.24887226304755475,-0.08232040187067813,10.082837751749269,10.086244651999019
10.823607869289763,0.242199297492747,-0.19797079078716787,9.610876066020317,9.615965458034522
10.843614538179391,-0.3288353433297845,-0.2627800759814379,9.625103403267342,9.634303377771753
10.863621207069022,-0.8606563145157732,0.03420837125848776,9.859931519211246,9.897481955927752
10.883627875958652,-0.3195256368527842,0.43159275492471033,9.69429822086344,9.709159949951681
10.903634544848282,0.31335701475220856,0.3164946227412805,9.935276514492838,9.945254189026619
10.923641213737913,-0.8370480404452796,0.8129110347162785,9.794663463380088,9.86391941031807
10.943647882627541,-0.13089077260647974,0.673201777003446,9.869580885054136,9.893379598172714
10.963654551517171,-1.097162771768819,0.696772548886816,9.599442482927325,9.687030201030014
10.983661220406802,-0.7070962305071178,0.06084817652815988,9.86807844698428,9.893566587213119
11.00366788929643,-0.44132946940691903,0.489995059571126,10.141526726050634,10.16294402199335
11.02367455818606,-0.6716960137366862,0.275175867275041,9.639675535165741,9.66696652089337
11.043681227075691,-0.6717453207160891,0.545029921830034,10.084595490081647,10.121628603647197
11.063687895965321,-0.11834636533613374,0.3837657435908823,9.794531904503206,9.802761714765555
11.083694564854952,0.5124788866275114,0.4568453207724963,10.030344496793381,10.053812857851689
11.10370123374458,0.053270225928662054,0.8539053487203754,9.848631395505933,9.885723667293604
11.12370790263421,-0.09283614047748676,0.6313978734478454,9.799976723970623,9.820734474261036
11.14371457152384,0.21244905833656985,0.7331216291584666,9.91491890462291,9.944255568456436
11.16372124041347,1.456294397764435,-0.11684164648096196,10.174079268690676,10.278440266349456
11.1837279093031,0.6395757936464692,0.3048791119505584,9.880829188264523,9.906199771677452
11.20373457819273,0.4551944742541283,0.49509232526393887,9.95355924927252,9.9762548157465
11.22374124708236,0.30695263252752203,0.5699060152122244,9.69945452592699,9.72103034072604
11.24374791597199,0.0676404675350829,-0.43615322903101605,10.281265942198509,10.290735359839623
11.26375458486162,0.9357735624278479,-0.16755788802220042,10.002101133278902,10.047177458685422
11.28376125375125,1.00424400051704,0.1591798022473281,9.833312538007503,9.885741231296393
11.30376792264088,0.4979091150980901,-0.2943156387360779,9.773203898323597,9.790303857404526
11.323774591530508,0.5313269089702021,-0.5899270926368747,10.103372480781934,10.134518130836044
11.343781260420139,-0.07753448963529364,-0.8547761074281897,9.628138776886423,9.666318332120927
11.363787929309769,0.27724131566793325,-0.7385089251881902,9.275137495118601,9.308621473292963
11.3837945981994,0.2386646883284253,-1.0143823066434896,9.831719879827338,9.886791597524363
11.40380126708903,-0.3483509938030054,-0.532456052505773,10.167001371934303,10.186892301366868
11.423807935978658,0.36838980993920056,-0.31089225805794146,10.287392643355403,10.298680131295965
11.443814604868288,-0.8004485333762196,-0.9747010017492124,9.777811816969837,9.858821624589323
11.463821273757919,-0.48629346970698717,-0.522167506870817,9.823076299182535,9.848957722697007
11.483827942647547,-0.3638633818147578,-0.3353676673523529,9.965859129754786,9.97813691162072
11.503834611537178,-0.8017635245635929,-0.5658480356205075,9.730695174340871,9.780053032815157
11.523841280426808,-0.8745980201262635,-1.0114975147889633,9.964921784517346,10.054238662911349
11.543847949316438,-1.3583696607244042,-0.36368114430236026,9.78437947467952,9.884913444963871
11.563854618206069,-0.19139019227744813,-0.43630284336282493,10.113410477157055,10.12462650453322
11.583861287095697,-0.712351615024545,-0.3976874953950111,10.026894153929348,10.060030146153846
11.603867955985327,-0.3066644267058452,-0.4376488302478416,10.053068349690731,10.0672619322623
11.623874624874958,-0.10314690844319874,-0.16420913822988478,9.748404706559374,9.750333237826723
11.643881293764586,-0.4552024280405975,0.05037307736434106,10.387778196150679,10.397869135060349
11.663887962654217,-0.10414842521629109,0.704624799103082,9.955173582713842,9.980622428683976
11.683894631543847,0.6886834902245379,0.11141811020979508,9.88418821604605,9.908777706418395
11.703901300433477,-0.1198573171921043,0.619583855754072,9.58171710582991,9.602476379921434
11.723907969323108,1.333648579825192,0.35831543681905714,9.780878453955435,9.877883974707448
11.743914638212736,0.3153948937553389,0.30017745265244666,9.844313928210791,9.853938154831948
11.763921307102366,0.2411313501359657,0.44615159718529634,9.573696811072711,9.587119807639477
11.783927975991997,0.8291106052804949,0.09749711669822259,9.722304856269274,9.758080846241752
11.803934644881625,1.6832048836161095,0.6076681962717958,9.760259994569097,9.922958957819754
11.823941313771256,0.01838056498505114,-0.041534471644689375,9.826776198276965,9.826881163854921
11.843947982660886,0.6693564837804209,0.3248304806843658,9.281187902987519,9.310961380766347
11.863954651550516,0.8222651582906761,0.6308734644228817,9.769418837788722,9.824238685353327
11.883961320440147,0.519008376313777,0.9568256226244121,9.696796145076021,9.757701596480373
11.903967989329775,0.5063333995995373,1.0149327852842707,9.803734755112531,9.869127480116784
11.923974658219405,-0.10365692457975112,0.4885927891374157,10.120582969854077,10.132900242344775
11.943981327109036,-0.23569857059758775,0.5673748149491038,10.425718647636362,10.443805691245545
11.963987995998664,-0.23475864673518698,0.7652461924073393,10.013513159893389,10.045454651760116
11.983994664888295,-0.7979832016199115,0.00969417131464223,9.439673348380099,9.473347037406716
12.004001333777925,-0.516900368582997,0.4592926296741465,9.70637791445024,9.73097672018804
12.024008002667555,-0.7820813861788899,0.011153114634378042,9.988788992649328,10.019365310549661
12.044014671557186,-0.9102155317426031,0.12373191634363873,9.954987148928707,9.997278181419343
12.064021340446814,-0.6527913898735418,-0.05064997036845226,10.106197720635922,10.12738536774315
12.084028009336444,-1.5282391069381536,0.127464812283226,9.780794701712821,9.900288230319314
12.104034678226075,-0.8698098920878355,0.07182021988534112,9.700949926690349,9.740131255404709
12.124041347115703,0.21024048775595128,0.08604279728764466,10.335727201174812,10.338223309774357
12.144048016005334,-1.0531345780049028,-0.16071390015939557,9.827601181010891,9.885174068781017
12.164054684894964,0.025060718177611685,-0.29154763950155227,9.504997687193667,9.50950099107474
12.184061353784594,-0.31278943402291914,0.1430842277360314,10.252540097109877,10.258308280077618
12.204068022674225,-0.40428682466848903,-0.9311270846001849,9.361171352581668,9.416048777309527
12.224074691563853,-0.5114971422150442,-0.015071651132877673,8.761486433253419,8.776417321506866
12.244081360453483,0.25164112849633735,-0.648741111605446,10.040816027411273,10.064898150689706
12.264088029343114,0.9461557176854571,-0.4158077285059555,10.08321029130739,10.136036527554616
12.284094698232742,0.3595435725450302,-0.696720344887071,9.934203882583407,9.965093958426747
12.304101367122373,0.6070082443734279,-0.8081273955927464,9.419263174802385,9.473333502650117
12.324108036012003,1.1351096344641045,-0.43676708991554547,9.792339043427305,9.86758041844693
12.344114704901633,0.9216136181199907,-0.24105574787938866,9.72654942793384,9.773087705977575
12.364121373791264,0.17062610075861018,-0.370770553285749,9.648813296732284,9.657441799184793
12.384128042680892,0.8126019713974671,-0.6226427419042598,10.233620829242785,10.284697429904144
12.404134711570522,1.3120417113860532,0.6865094740250113,9.496000182410494,9.61076314215906
12.424141380460153,0.5904214784653257,0.034803158465531614,9.90483133593192,9.92247411562919
12.444148049349781,-0.624200659211881,0.0347363794341079,10.168214095098772,10.187414341371518
12.464154718239412,0.4707955231599614,-0.2660825547174693,9.924432457595712,9.939155293883465
12.484161387129042,0.06315666044047942,-0.2590317465602055,10.182335511748613,10.185825576913288
12.504168056018672,-0.7693354827374441,-0.06509898512805029,9.97911441672868,10.008937980876178
12.524174724908303,-0.8876960735853053,0.43318127242078625,9.93880490114761,9.987767177748518
12.544181393797931,0.006727253361070495,-0.10098552068297853,9.920050460649644,9.920566741530477
12.564188062687561,-0.8240300044106255,-0.04128482174587356,9.994032979995046,10.028031964942285
12.584194731577192,-1.0147624119558398,0.517680588174955,9.694338270776322,9.761041463508391
12.60420140046682,-0.7534792569849008,0.5201340966641151,9.419437844438164,9.463830079542479
12.62420806935645,-1.0466793070184097,0.2522016894008481,10.096213023438994,10.153455602824899
12.644214738246081,-0.7585297367378001,0.20387883511603272,10.158522690151731,10.188842779592358
12.664221407135711,-0.8484781699316195,0.9984878453862704,9.885593643271813,9.972053693303636
12.684228076025342,-1.1771077408050712,0.6972187279982707,9.645487314109689,9.742028644732352
12.70423474491497,-0.7957692729703844,0.1906527719431802,9.34268486504111,9.378451775358322
12.7242414138046,-0.2782254442718778,0.2076015348340744,9.835742129977017,9.841866237787963
12.74424808269423,-0.2793835758740092,0.46968220164274277,9.40531489658461,9.421178528025276
12.76425475158386,-0.15465400992940345,0.7673045325272764,9.363303749208622,9.395963559335913
12.78426142047349,0.8335637558487663,0.6828373063260552,9.803780541595293,9.862819486827172
12.80426808936312,0.5285241997507479,0.7892666445863095,9.580869149643597,9.627841571638532
12.82427475825275,0.7425479578954434,-0.06212828937434506,9.91359286684943,9.941557268545164
12.84428142714238,0.48017420226329793,0.37860078557958005,9.762211319231438,9.78134324419152
12.86428809603201,0.7517459968793166,0.6586165431177803,9.628009630133217,9.679745204943696
12.88429476492164,0.5745394100353871,0.5448377986850019,9.298525475781311,9.332176583429709
12.90430143381127,1.1032097194643948,0.1635309869172416,9.554133562250893,9.619006299724093
12.924308102700898,0.7528543506660119,0.6698556325200035,9.565159052984674,9.61809565093996
12.944314771590529,0.8501580491724036,0.05861238694803589,9.442407697945512,9.480784105478673
12.964321440480159,0.7508377085910997,0.1018477873737185,9.711286711427285,9.740801806215924
12.98432810936979,0.5697100904613341,-0.2796532699274528,9.465824402647605,9.48707579606664
13.00433477825942,1.6132213935172777,-0.6026374523119359,9.760877175812636,9.911628443637852
13.024341447149048,0.009941244086489165,-0.6978991348592092,9.882123364100597,9.906741351931728
13.044348116038678,-0.16915339850607564,-0.43795612587479565,9.562149013683246,9.573667646221113
13.064354784928309,0.1981564923374965,-0.6018114820361844,9.937622588825576,9.957800247710457
13.084361453817937,-0.49411121588860296,-1.1026297226879829,9.40159263862569,9.478917783253669
13.104368122707568,-0.5361144439453831,-0.9004929651447477,9.476346780481114,9.53412054576702
13.124374791597198,-0.9962357701020021,-0.6955144058020583,9.77603481071257,9.85124776962659
13.144381460486828,-0.4785336521328453,-0.37542114389875914,10.016112327566592,10.034562354679018
13.164388129376459,-0.5525197974669911,-0.5785570151890275,10.07021986244678,10.101947061058826
13.184394798266087,-0.920915053349276,-0.5624535570523463,10.293717186647267,10.35012328709197
13.204401467155717,-0.5090061632552298,-0.7917243033917644,9.697023337554747,9.742595971089758
13.224408136045348,-1.4977517053671598,-0.4322598863147933,9.77174960439651,9.89531197644978
13.244414804934976,-0.9583473567779808,0.022936567067331493,9.500197341294605,9.548439938853534
13.264421473824607,-0.6302595121404692,-0.2512384882414117,9.433870100402693,9.458237304164518
13.284428142714237,-0.8891782126626246,-0.6684563353749038,9.878571625898259,9.941008456599306
13.304434811603867,-0.9563226464834066,-0.5051586717096525,9.577238550166127,9.638113743599868
13.324441480493498,-0.2034744396480514,0.1364409960642711,10.179713760005187,10.182661254732775
13.344448149383126,0.37790787875615206,-0.017071234621565325,9.371284280439783,9.378916507608714
13.364454818272756,0.7886458029480911,0.11712775898647801,9.95590596174741,9.987779764972316
13.384461487162387,0.21832946186964347,0.04179168302474873,9.508278228354891,9.510876361645016
13.404468156052015,0.8696823489317634,0.4576216940671669,9.563865459968376,9.61422318959262
13.424474824941646,0.9407795069038353,0.29034547323483917,9.971733619575609,10.020221452353868
13.444481493831276,1.2483920030913236,0.3900150626621582,9.607235869167628,9.695853515204671
13.464488162720906,0.6568651276215833,0.245880893012155,9.65526477974403,9.6807059234541
13.484494831610537,0.0729059962894345,0.821620029022985,9.56635249093453,9.601847464795302
13.504501500500165,0.7753533484548901,0.5102571398281692,10.345508937484032,10.387063605238385
13.524508169389795,0.2586379728038877,0.77734996331925,9.624754106675997,9.659557866715485
13.544514838279426,0.25777118135984045,0.2417841871809343,9.82546566522983,9.831819827159194
13.564521507169054,0.28180838263751,1.1112785606902706,9.749425919915678,9.816601335080195
13.584528176058685,0.10133871446053414,0.9521526453942435,9.876425118517279,9.922733359153556
13.604534844948315,0.1160695191423127,-0.03909361154772595,9.62557891591022,9.626358081338608
13.624541513837945,0.1602138314415673,0.24604520170089533,9.749754829637505,9.754174796009403
13.644548182727576,-0.4424663625167228,0.5716454413235811,9.92818560269818,9.954467557542605
13.664554851617204,-0.2963584627705623,-0.03556343198933337,9.551097858599103,9.555760744215343
13.684561520506834,-0.5847989385259688,0.24469273133386338,10.136796406988447,10.156599122147266
13.704568189396465,-0.3225002298209677,0.32952230002723776,10.16564415571249,10.176095147207564
13.724574858286093,-0.8425896478137833,0.058899663255685034,9.991947787847621,10.027584309294415
13.744581527175724,-0.8300689722491206,0.18615738629709067,9.830962915078945,9.86769987934479
13.764588196065354,-0.9388963600247675,-0.27386142362252114,8.91281956553864,8.966319147903711
13.784594864954984,-0.8044432417938776,-0.8279892993574911,9.93728733979634,10.004117896286258
13.804601533844615,-0.9656447109792976,0.05454165134867306,9.69260087843134,9.74073694789784
13.824608202734243,-0.8847422714598778,-0.027253752051696334,9.73611767657474,9.77627224794911
13.844614871623873,-0.07374481500162677,0.3584553151860722,9.240786800843155,9.248030558414145
13.864621540513504,-0.650100301345852,-1.1185117697924785,9.958076545762259,10.041762169670951
13.884628209403132,-0.16618203865122835,-0.2844617385033954,9.375425685951914,9.38121216812889
13.904634878292763,0.5478516447682795,-1.142095198457687,9.84552736379742,9.926677789587973
13.924641547182393,0.17365892571522637,-0.053796514079170965,10.081397244572953,10.083036342803231
13.944648216072023,0.8032147035249543,-0.45044874143076064,9.669201545604734,9.712956113261308
13.964654884961654,0.3682312591581293,-0.8848972440855554,10.174815517568533,10.219858521983795
13.984661553851282,0.28629004166841954,-0.3541501493457513,9.585902886537847,9.596713941051632
14.004668222740912,0.13490062047461737,-0.7296693372370138,9.990129923019301,10.017649993781674
14.024674891630543,1.3245970759786725,-0.4363661397408576,9.418564274562442,9.521256525042665
14.044681560520171,0.33067649939715055,-0.41548042639105653,10.119339130404157,10.133261832603381
14.064688229409802,1.030176095740732,0.10604367214373556,10.072797114773788,10.125895010517958
14.084694898299432,0.2399173220288846,0.19680831863077075,9.950507376889119,9.955344840497316
14.104701567189062,1.0428224102315875,-0.4494156154049782,9.692014759015857,9.758309436763739
14.124708236078693,1.2482556029156118,0.13076663047169226,9.389399812971567,9.472912477674733
14.144714904968321,-0.4780312311837428,0.007597406106053486,9.692807905434163,9.704591525160325
14.164721573857951,-0.41630520794670317,-0.43260369723540776,10.143092152724437,10.16084516187927
14.184728242747582,0.1469695689660643,-0.12741218651372216,9.848988561470735,9.850909074976565
14.20473491163721,-0.12867333845652737,0.8707055570188882,9.344088921146266,9.385450589148158
14.22474158052684,-0.17770732884774598,0.3617656119470943,9.472581708174019,9.481152802837146
14.244748249416471,-0.8476612995776002,0.6331126826945614,10.185945420255685,10.240744379790858
14.264754918306101,0.07868538213001919,0.3407680017268052,9.956373825638366,9.962514440452198
14.284761587195732,-0.7307592178219019,0.30441705314675066,9.439799963778022,9.472935243778549
14.30476825608536,-1.2867533174117505,0.5260046206905664,9.280250551147622,9.383787361877598
14.32477492497499,-0.8824345132311227,0.47765904174341167,9.622487359619981,9.67466339550617
14.34478159386462,-1.2039843202915899,0.1365178618107299,9.254592387603024,9.333578929370084
14.36478826275425,0.009272582914068517,0.2972247867223725,9.763249652997901,9.76777724671277
14.38479493164388,-0.7638130476872046,0.8107298605230837,10.545487611550891,10.60415023676741
14.40480160053351,-0.14978997145699455,0.47070955419406435,9.330913177290249,9.343979090413649
14.42480826942314,-0.36447639879215565,0.5658960728287578,9.754192301038136,9.777389674966994
14.44481493831277,-0.24280278416730702,0.5892520937396185,10.203577972599376,10.223461970628692
14.4648216072024,-0.5813611446248966,0.5614985386858758,10.03472635749003,10.06722377118593
14.48482827609203,0.592082628587268,0.7497460083893257,9.76537778556026,9.811996953265137
14.50483494498166,1.0245711201220131,0.005136565216317723,9.766095398949542,9.819694073945161
14.524841613871288,0.26485764091942793,0.42719153814239663,9.463227065272626,9.476566291074116
14.544848282760919,0.10731817129199406,0.398177667446358,9.729703268998334,9.73843870173753
14.564854951650549,1.1039199200909304,0.37907958276155856,9.88303221427204,9.951716749806495
14.58486162054018,0.1413839614647281,-0.43078893526376977,10.141534062982227,10.151663985866255
14.60486828942981,1.2642026932771873,-0.020548574117827192,9.623947312945575,9.70664682451875
14.624874958319438,0.3515600795844517,0.32995065873581064,9.75304946158096,9.764959586542194
14.644881627209068,0.17256461875830797,-0.29828732096597926,9.525235955772995,9.531467562062357
14.664888296098699,0.5825345260416589,-0.2010825625470959,9.877597553862152,9.896803226651253
14.684894964988327,-0.08746932287638659,-0.18173090741354225,10.04513383509269,10.047158343037983
14.704901633877958,-0.12713178772836436,-0.783764533832424,9.998894404028968,10.030370812630329
14.724908302767588,0.11729342679761082,0.02456338147919479,9.458943877367293,9.459702975403816
14.744914971657218,-1.174717489325615,-0.41325738970525683,9.854058962836925,9.932432778173744
14.764921640546849,0.28547459292479826,-0.4319912894130469,9.606806241524945,9.620750406259221
14.784928309436477,-0.5035188513189002,-1.097834004564317,10.11331500469585,10.185180956635845
14.804934978326107,-1.161083760365257,-0.3586366204946933,9.76160618316794,9.836955372441533
14.824941647215738,-1.1408920087779906,-0.42929238761207167,9.354145998527676,9.433237720503309
14.844948316105366,-0.3900127419685164,-0.06497317620613852,9.74405918831768,9.752077774400814
14.864954984994997,-0.558822977742595,-0.604083172138562,9.947541770759665,9.981522272695805
14.884961653884627,-0.21635920818345133,-0.7538752335816336,9.88320181894284,9.914273416076874
14.904968322774257,-0.976686634980326,-0.5987312281829873,9.656461195904406,9.724178047246886
14.924974991663888,-0.4816049319375728,-0.47308506485345825,9.634417983038656,9.658041347030599
14.944981660553516,-0.29566006047591065,-0.5774737481820015,9.513748680535105,9.535843159237857
14.964988329443146,-0.03045761854949025,0.23049213532975119,9.69157511389941,9.6943634385828
14.984994998332777,0.31580108943962326,0.3305730455510553,9.55329631004226,9.564229151060905
15.005001667222405,-1.1756402540552542,-0.39458450683432744,1.8317832278967419,2.212070689194312
15.025008336112036,1.746051595872459,-0.7316670472628128,2.272816732277841,2.9579940402274594
15.045015005001666,1.1743163297831578,1.2616964126502126,3.0867689645371947,3.535398042727272
15.065021673891296,-0.031909274446642155,-0.22572947422515938,2.8923296533971703,2.90130019495575
15.085028342780927,0.21650600587455504,-1.048339643744756,1.559941226960078,1.891905782748271
15.105035011670555,-0.012597026001515039,-0.5768546504614855,1.8696064477961636,1.9566165292320605
15.125041680560185,0.7305138887603084,1.15380697333374,2.9047639017290137,3.209762358520212
15.145048349449816,-1.1992524876835415,-2.4158298018690605,2.9394694872838985,3.9893509531610443
15.165055018339444,1.2937571000529648,-0.5331133583707088,1.911949874685059,2.3692972819211535
15.185061687229075,0.5303487568362191,1.605874004513646,1.9464543477075733,2.578523928521923
15.205068356118705,12.535367389067703,7.450333186903486,13.858602658937832,20.117250503811306
15.225075025008335,14.733801380034585,7.555426652620194,14.018232084678482,21.695165493476694
15.245081693897966,14.135132241315912,10.836970065206945,15.962908211626281,23.917698932934286
15.265088362787594,13.386773407598037,7.522271217640724,18.136293411143512,23.763741398046047
15.285095031677224,9.842661447872217,10.506885646155226,14.576445741464246,20.487689006148642
15.305101700566855,-0.07688303585583593,-0.023666446060066623,9.804310154246275,9.804640161807477
15.325108369456483,-0.04692550207016661,-0.06100354283845203,9.810820289828127,9.81112216794219
15.345115038346114,0.008938846684933692,0.05152333283392733,9.783749177352078,9.783888926298369
15.365121707235744,-0.04424388080345304,0.030462612449310207,9.813798483364057,9.813945494235458
15.385128376125374,-0.025966884791892374,-0.038674350305346564,9.775495380620974,9.775606371014502
15.405135045015005,0.00037025851914770946,0.023967230183753872,9.78749145140344,9.787520803375566
15.425141713904633,-0.07348101737239383,-0.017220670318489995,9.832916716624155,9.833206352328169
15.445148382794263,-0.011391773679763633,0.027444316090490993,9.796992695494144,9.797037758351188
15.465155051683894,-0.034944256735808074,-0.01488220707477247,9.837517467661593,9.83759078777488
15.485161720573522,-0.04497539153702251,-0.010900622853238751,9.805394786200527,9.805503991262814
15.505168389463153,-0.024065533176541806,-0.008650418032729942,9.768934797213877,9.768968269568457
15.525175058352783,-0.032076267752082936,-0.01972066024983939,9.84505095827134,9.84512296329269
15.545181727242413,0.014084406539769084,0.04197814125699912,9.770540217448444,9.770640545820342
15.565188396132044,0.03589580360048651,0.02695580979244436,9.791946374734183,9.792049271223444
15.585195065021672,-0.010932805548331885,0.003298456149998373,9.804009027541856,9.804015678188827
15.605201733911302,-0.017883773371405082,0.030737044919574304,9.840174858619777,9.840239115158388
15.625208402800933,-0.012426150034736962,-0.04881215145736378,9.794205455319293,9.794334971622156
15.645215071690561,-0.03324561323815387,-0.03685376335653097,9.782198485125898,9.782324400318798
15.665221740580192,-0.038662256868590344,0.014236642870738876,9.814880192146813,9.814966665165107
15.685228409469822,-0.049366633586800115,0.02206609667423666,9.803581028303203,9.803730155182802
15.705235078359452,-0.0398856287495452,0.008382226387672546,9.795978282028825,9.796063067736975
15.725241747249083,0.04895973021337887,-0.056480840252349555,9.816494560694636,9.816779135777963
15.745248416138711,-0.020712631060903743,-0.03187003573013243,9.773892113538206,9.773966019960744
15.765255085028341,-0.08824885415291288,0.012497755995125056,9.75834478377103,9.758751814300611
15.785261753917972,-0.017611708154430205,0.07279416867723802,9.874161903218049,9.874445931505232
15.8052684228076,-0.04771243610282465,0.03653737995175284,9.813125582800847,9.813309592615179
15.82527509169723,0.0017845481999148873,0.04731912895412318,9.815225426458868,9.815339650607202
15.845281760586861,-0.001450609657110144,0.010191762665708969,9.786540318579688,9.78654573296832
15.865288429476491,0.0016765691307616363,0.009974729423681314,9.836930965304822,9.836936165406584
15.885295098366122,-0.0012217823623555408,-0.03100456401768228,9.793995442195625,9.79404459339913
15.90530176725575,-0.011181309138592475,0.02855466159154851,9.726415569366585,9.726463911329203
15.92530843614538,-0.04367688364619959,-0.0021954510762300827,9.792988999784741,9.793086645183704
15.94531510503501,-0.0022396221591427165,0.02078197126391157,9.801557607662266,9.80157989522909
15.96532177392464,0.030567737674070818,0.0009205905864280449,9.804897491869966,9.804945183944247
15.98532844281427,0.05441019251385612,0.008373552742522184,9.804029650117663,9.80418420705268
16.0053351117039,-0.007139739819180191,-0.002631843488958659,9.790652561490711,9.790655518519149
16.02534178059353,-0.00388829835851056,0.006738740934686789,9.7877543682089,9.787757460311626
16.04534844948316,0.015012815372666799,0.030002296726356917,9.801060639996239,9.801118058227733
16.06535511837279,0.04479724678416313,-0.037986885872076714,9.760635717388922,9.760812435672866
16.08536178726242,-0.014588898315136415,-0.044787672789453295,9.751272111185685,9.751385878836693
16.10536845615205,0.02077953950851013,0.012775937329166967,9.81294166469759,9.812971982462537
16.12537512504168,-0.024684577965731657,0.0432172289372285,9.81344204622795,9.813568252778445
16.14538179393131,0.009895469707965081,0.05078233850403245,9.83638201740162,9.836518081032875
16.16538846282094,0.029118125298551116,-0.036732306531302154,9.802333040688877,9.802445111712938
16.185395131710568,-0.03872581819643389,-0.012086215062071203,9.774191183606774,9.774275372593404
16.2054018006002,-0.015754341660546536,-0.04437645763334728,9.751810595544061,9.751924290140826
16.225408469489828,0.028643492900850043,-0.0165183487916136,9.783294117721294,9.78334999370729
16.245415138379457,0.018484836915443843,0.03368544285148085,9.822675592321726,9.822750744585187
16.26542180726909,0.031078384209445652,-0.000386753506751991,9.853243467102269,9.853292487160669
16.285428476158717,0.025453189393622,-0.011216222388713636,9.811622562383146,9.811661988427904
16.30543514504835,-0.010233105837501168,0.016352572692336302,9.773592303289917,9.77361134044201
16.325441813937978,0.06597570445184073,-0.023851562694284133,9.78360238192485,9.783853906218472
16.345448482827607,0.004107299722601841,0.04778935094645572,9.784538822278071,9.784656389298586
16.36545515171724,-0.09167126847432602,0.00021854916724420412,9.797820341953056,9.79824918658515
16.385461820606867,-0.008470391171318984,-0.012053827288796977,9.843626862749847,9.843637887251303
16.4054684894965,-0.01407513770997985,0.017605477043868348,9.845967283504704,9.845993083999627
16.425475158386128,0.023857475021018336,0.028178584806331387,9.804832323156754,9.804901840251922
16.445481827275756,-0.013535559455943915,0.047879257204477756,9.81549210330341,9.815618211027353
16.46548849616539,0.03296909987457412,-0.006299067187744928,9.786073263213796,9.786130826469769
16.485495165055017,0.01674298117220123,0.03258169568081151,9.758702746669389,9.758771500151267
16.505501833944646,-0.03000271384410181,0.0030363483569999135,9.863650150603883,9.863696248149441
16.525508502834278,-0.004211200068342747,-0.018341400629210844,9.740325388482194,9.7403435675901
16.545515171723906,-0.02326600332826202,-0.023304345870127037,9.754924790470064,9.754980372464862
16.565521840613535,0.00554275940561009,-0.032909503308990125,9.86389217565479,9.863948631787052
16.585528509503167,-0.023444726017053632,-0.02225081996667342,9.810498462140114,9.81055170873793
16.605535178392795,0.0022330569152718555,0.033471198652802514,9.77622255278736,9.776280105915063
16.625541847282427,-0.008169172529712337,0.021201288053581114,9.83048110893268,9.830507365496313
16.645548516172056,-0.004566697640394717,-0.03723634967825849,9.83319159918138,9.833263162687956
16.665555185061685,0.06152821139394297,-0.052391727606448064,9.770019430645569,9.770353641967668
16.685561853951317,-0.010814556801216136,-0.033368794673892324,9.794014638705914,9.794077453965867
16.705568522840945,-0.0580329926285157,-0.023302086247414457,9.836287375911173,9.836486169205262
16.725575191730577,0.030474784342030423,-0.009097971317310256,9.785492827608886,9.78554451038611
16.745581860620206,0.03023867705406024,0.03518590569026142,9.818464912158415,9.818574522650179
16.765588529509834,-0.059368205213904776,-0.016431505766990002,9.852744365590988,9.852936928239066
16.785595198399466,-0.021026988636242017,0.05041499880531822,9.738225455053767,9.738378654571447
16.805601867289095,0.013074316705395694,-0.050405996769641026,9.799762550420137,9.799900904952286
16.825608536178724,0.015726097836512,-0.010458975622869186,9.817849079957025,9.817867245850152
16.845615205068356,-0.00014171290358161565,0.023566460074092035,9.756238518421698,9.756266982122732
16.865621873957984,0.0005347613679985342,0.025416157570993008,9.794111658292426,9.794144650868446
16.885628542847613,-0.028157636192495533,-0.010071418691651785,9.841334959324255,9.841380394414605
16.905635211737245,-0.07199546140367061,0.030052603013525907,9.788870545537684,9.789181429655182
16.925641880626873,0.06148521954550609,0.02436589327520649,9.765470206923428,9.765694163308964
16.945648549516505,-0.029060018331201427,-0.020463439779375318,9.843924954694868,9.8439891177661
16.965655218406134,0.0052951707019344724,0.009447854053332663,9.823335050805914,9.82334102132116
16.985661887295763,-0.004765439869780085,0.021108398522305356,9.807934311254861,9.807958183424097
17.005668556185395,0.026915926568206378,-0.018316043027184745,9.80704824518676,9.807102284974697
17.025675225075023,0.0034469164044647546,0.050829763508074895,9.840848474133148,9.840980349382866
17.045681893964655,0.0046032285927599965,-0.025060858398529284,9.818835849750277,9.818868910453913
17.065688562854284,-0.07902954744026788,0.0043227864988353674,9.829368364388056,9.829687014278962
17.085695231743912,-0.025000172176267592,-0.03749331949258524,9.789223008155789,9.78932673175342
17.105701900633544,0.022338991397969916,0.0031008059598768073,9.752479349735799,9.752505427455935
17.125708569523173,0.019640046752157875,-0.03201219648212466,9.828657411006255,9.828729165822416
17.1457152384128,-0.028549584708516346,-0.008823874239877877,9.843027837649986,9.843073196532483
17.165721907302434,-0.04734085748163366,-0.047597926839632904,9.803263140969825,9.803492996403072
17.185728576192062,0.0037973792016879155,0.02399440200977165,9.836632697513807,9.836662695102152
17.20573524508169,-0.08720322146387445,0.010688401492248227,9.799943616204693,9.800337418913251
17.225741913971323,-0.03446022757013288,0.032622316609100976,9.807279025160446,9.807393823038675
17.24574858286095,0.05280483225465931,-0.010434154939195079,9.862572863651618,9.86271974217741
17.265755251750583,0.04335201986621305,0.03401542100642995,9.801254398388808,9.80140929807692
17.285761920640212,0.014617480762954355,0.001178389361845073,9.799482918223399,9.799493891211807
17.30576858952984,0.009220089434437691,0.0033950237828621038,9.753900614303781,9.753905562898963
17.325775258419473,-0.058505123535731965,0.06342159976055815,9.83070219479943,9.831080855716246
17.3457819273091,-0.022220017099473494,-0.014540278948158111,9.78870475903637,9.7887407774674
17.365788596198733,-0.008855057938973284,0.0368237709346455,9.81441675033038,9.814489826339548
17.385795265088362,-0.021582412485035667,0.014390548216428399,9.80054882737702,9.800583156435525
17.40580193397799,-0.010507300047235931,-0.01715714676736449,9.796626218535243,9.796646877209142
17.425808602867622,0.038976732730388826,-0.03947072671390419,9.80646811530415,9.806625006618669
17.44581527175725,-0.01625469183813967,-0.030992551513664708,9.808774429813218,9.808836861127505
17.46582194064688,-0.010228175416702965,0.03392024393563533,9.845282371789057,9.845346117774701
17.48582860953651,0.022185938600512538,0.0520319858051087,9.855606355700777,9.855768675346837
17.50583527842614,-0.0425842715580841,0.002743197096306777,9.829521453073248,9.829614078983044
17.52584194731577,-0.025206137365165398,0.004316452878633695,9.848146677404126,9.848179880606986
17.5458486162054,-0.022131677632705286,0.023293602994694598,9.835624424122402,9.835676906826924
17.56585528509503,0.0016677643965524235,0.00219906088059555,9.824838423058075,9.824838810713645
17.58586195398466,-0.010348862024809963,0.03299100113910967,9.853654288058804,9.853714950904608
17.60586862287429,-0.009400227280414017,0.008748667519895547,9.770745761072241,9.77075419970063
17.62587529176392,-0.01994561961307485,0.004066239409573278,9.789466133962524,9.78948729760879
17.64588196065355,-0.03212490780644264,-0.02097638542482355,9.785372954194317,9.785448169150184
17.66588862954318,0.018274287726317322,-0.02835801238419847,9.800958362500817,9.801016424327273
17.68589529843281,-0.010134123568867632,-0.09477264040635729,9.830577010742529,9.831039055866354
17.70590196732244,0.018570569404421193,0.03702350399825615,9.776546896434398,9.776634636932965
17.72590863621207,-0.033348819914434426,-0.0043982116566697645,9.825083975904334,9.82514155733278
17.7459153051017,-0.019957264732489276,-0.012011920342073436,9.792388172447874,9.792415876510908
17.76592197399133,-0.006635490835402986,-0.058551218891563,9.799588078404392,9.799765241136024
17.785928642880958,-0.0038360111044863227,-0.01920338297317056,9.816012469903017,9.81603200352313
17.80593531177059,0.022631061777966296,-0.023150593748486867,9.860437444171845,9.860490591515935
17.825941980660218,-0.012915278687770754,-0.02384319261692324,9.788629588432377,9.788667147359314
17.845948649549847,0.022402267284326257,0.009985084294578835,9.807597198195197,9.807627866387168
17.86595531843948,0.011248320256790838,0.003667456595880105,9.77765324323209,9.7776604011304
17.885961987329107,-0.0032055783024884737,-0.04083887800859116,9.788341568509658,9.788427286929364
17.90596865621874,-0.02853896389489559,-0.03893523299721998,9.777379756952266,9.77749893052864
17.925975325108368,0.0227062579638996,-0.038990356569910976,9.817343552638997,9.817447237067213
17.945981993997997,-0.02779012401940952,0.05431578262701531,9.822759263084665,9.82294874443265
17.96598866288763,-0.0006384114047183649,0.044781678860748894,9.830611480401716,9.830713498263323
17.985995331777257,-0.0016182132880823926,-0.02556896997298793,9.78739050867281,9.787424041089583
18.00600200066689,-0.006212854278518477,-0.05929782959987192,9.825238292356351,9.825419193792145
18.026008669556518,-0.01167959168955943,0.003841327290375602,9.813393002347441,9.813400704504994
18.046015338446146,-0.024662300848850138,0.0014082034871301476,9.80826742508246,9.808298532062222
18.06602200733578,-0.048508093121102346,0.009507509609651943,9.772757315174768,9.772882326577927
18.086028676225407,0.04211414198521055,0.02224121677431999,9.814597604979545,9.814713160370452
18.106035345115036,-0.014751703927717477,0.013551118601878256,9.815548698597336,9.815569137860523
18.126042014004668,-0.003843362853524081,-0.0334931859450076,9.813051853336267,9.813109764045704
18.146048682894296,-0.004026821518018218,0.00882123261492053,9.822001522718317,9.822006309391035
18.166055351783925,0.032868130116862446,0.025614707260069626,9.830837869772083,9.83092618469645
18.186062020673557,0.0579958266455292,-0.02172005169010119,9.777059300731269,9.777255435272698
18.206068689563185,0.0047954225876606,0.008998694062675757,9.80349911740715,9.803504420235418
18.226075358452817,-0.004710080053707529,-0.01658342152403424,9.825473028046927,9.825488151720565
18.246082027342446,-0.03370371021478237,0.05988509162823689,9.80194815537375,9.802189031278495
18.266088696232075,-0.04330765348238295,-0.0398048141660106,9.838782706711855,9.838958538685546
18.286095365121707,-0.05321924788932303,0.034678468095858034,9.812705354900778,9.81291094765431
18.306102034011335,-0.02387534878570404,-0.050124382842758074,9.751352320766294,9.751510373770271
18.326108702900967,-0.06272564391939345,0.05379158055649823,9.83518286757593,9.8355299846629
18.346115371790596,0.03236489861220336,-0.03424647202273228,9.80648690319434,9.806600108601875
18.366122040680224,0.012692887319802738,0.0056901463196800785,9.756908675006242,9.75691859039347
18.386128709569856,-0.007549215440543406,-0.04887579560090414,9.802431304191396,9.802556059897888
18.406135378459485,0.0332815194228237,-0.04049943351065132,9.771949068641563,9.772089667198847
18.426142047349114,-0.03213468232209825,0.026932411428738656,9.832593938567825,9.832683334337277
18.446148716238746,-0.02459943166093664,0.03084486934408414,9.808924770595615,9.809004113222052
18.466155385128374,-0.05801379840905234,0.007180767971029408,9.782287639055948,9.782462298289797
18.486162054018003,0.02323061085060636,0.022232449964707225,9.834325441708886,9.834378009643244
18.506168722907635,-0.02431023858927821,0.03134636227961918,9.823755769979888,9.823835860311469
18.526175391797263,0.00047086839827471165,-0.020525305913979427,9.80292705788924,9.80294855705144
18.546182060686895,0.030077292017240326,-0.04196884302950444,9.77263207681391,9.772768478586428
18.566188729576524,0.04112552266498263,-0.0004111015860838385,9.784725786193903,9.784812220407035
18.586195398466153,-0.0008743905447171127,-0.01731603557691625,9.784276262708818,9.784291624571201
18.606202067355785,0.011527123088140693,0.011658644406029855,9.832394916097932,9.832408585116088
18.626208736245413,-0.02711550738130982,0.016440858362637787,9.759573081430673,9.759624597511447
18.646215405135045,0.050501200290226,-0.02044952371707842,9.808582955503107,9.808734278653748
18.666222074024674,-0.004984516808980984,0.02112325628899329,9.802491468276838,9.802515494657698
18.686228742914302,0.002408548556043609,0.019624151278539243,9.841066170533264,9.841086031593962
18.706235411803934,-0.012205592167896781,0.021699527366670586,9.81698209673026,9.817013666767025
18.726242080693563,0.03597746995241269,-0.0122337713103178,9.82605630855431,9.826129788598593
18.74624874958319,0.005987817692495684,0.02339766494485725,9.7942391998881,9.794268977790546
18.766255418472824,0.022828037322408727,0.015600068420255788,9.773070054374843,9.77310916592775
18.786262087362452,0.010618744199366459,0.019205539342696823,9.800235720723705,9.80026029206463
18.80626875625208,-0.0066122814964801446,0.05033365689265579,9.833314871577793,9.83344591498198
18.826275425141713,0.027884056838987748,0.009833225697762352,9.833246718934554,9.83329117073173
18.84628209403134,0.010359485837261432,-0.018208866719924017,9.79708237286653,9.797104771436617
18.866288762920973,-0.028829371825417012,-0.033313635929983924,9.784177685860543,9.784276872590539
18.886295431810602,-0.029676341514281408,0.03383808479981465,9.778299626252785,9.778403207170584
18.90630210070023,0.004464801870949025,0.010719230281063445,9.805901201918203,9.805908077181554
18.926308769589863,0.027223737071628826,0.050100659649606735,9.814096535151581,9.81426217345103
18.94631543847949,0.049182616455192105,-0.060886565736014094,9.854195745389273,9.854506577809795
18.966322107369123,-0.05331640372742408,0.02732001263359326,9.813699922728567,9.813882778765977
18.986328776258752,0.0007697954729616301,-0.007834120062618844,9.828412979814214,9.828416132205776
19.00633544514838,0.014689429865249893,-0.010605629846435134,9.786585960362874,9.786602731198704
19.026342114038012,0.008870074049842892,-0.02294423520445773,9.811251030147874,9.811281867968145
19.04634878292764,0.030279813151011272,0.02698713041655429,9.814202353666106,9.81428616920242
19.06635545181727,0.019666019294745065,0.01840608531849674,9.805784084164669,9.80582107941751
19.0863621207069,-0.0295650055074102,-0.034271460751183216,9.809345436093903,9.80944985751948
19.10636878959653,-0.03044375066072193,0.004947643137752137,9.813786554028603,9.813835021496923
19.12637545848616,0.00937364568455173,0.021183429920414113,9.82443110439283,9.824458413973664
19.14638212737579,0.029715162732675753,0.005340315777777204,9.845073541302414,9.845119833883267
19.16638879626542,0.004302526588580865,0.03323520900080816,9.742033566250809,9.742091207580117
19.18639546515505,-0.04733799208704835,-0.008701156316675469,9.84341212542416,9.843529797108529
19.20640213404468,-0.031415142459488184,-0.06763073019313423,9.758675756510462,9.758960669433362
19.22640880293431,0.02074547567595992,0.005601526823047099,9.819262884631103,9.819286397155228
19.24641547182394,-0.010459352727513974,0.005418773082152395,9.880668869072654,9.880675890920756
19.26642214071357,0.00353871909609864,0.009335594901130628,9.808723791347226,9.808728872326226
19.2864288096032,0.031962541174552724,0.033209372939031034,9.81540057418244,9.815508794665222
19.30643547849283,-0.03606627142859866,-0.0585738975987992,9.800692208582387,9.800933600672039
19.32644214738246,-0.012427279677058622,-0.00715449912997981,9.830017870417949,9.830028329403442
19.34644881627209,-0.01568618440121831,-0.027679734240046536,9.820866256579192,9.820917790801655
19.36645548516172,0.010662076095836,-0.036240911643554544,9.789718582656628,9.78979146923753
19.386462154051348,0.02318664534815976,-0.0021689699868867804,9.806569408344457,9.806597059410091
19.40646882294098,-0.04440802370696345,0.021054660908420262,9.776446904886685,9.776570434226102
19.426475491830608,-0.00016609077498808266,0.009028398145774778,9.80643175736303,9.806435914815198
19.446482160720237,0.02607987312138635,-0.02062567267487282,9.797418834392499,9.79747525613942
19.46648882960987,-0.05564359354382506,-0.004364147986311547,9.814096228547722,9.814254940569088
19.486495498499497,-0.0019317732431882114,0.027896893338888486,9.788702583085742,9.788742525396984
19.50650216738913,-0.036473533223496835,0.02049387735180067,9.803567049297415,9.803656318318424
19.526508836278758,-0.019247007106485983,-0.016583100396798882,9.810263183255644,9.810296079693135
19.546515505168387,-0.07515103768444566,-0.018524891269919335,9.8123525309387,9.812657797023226
19.56652217405802,0.0417820235626508,-0.05149452481796992,9.818228511471176,9.818452450719754
19.586528842947647,-0.010674873822105383,-0.012882340007470924,9.80477497004157,9.804789244077043
19.60653551183728,-0.02421575592107743,-0.05207366791315549,9.78639919023205,9.78656769149937
19.626542180726908,0.009848011363714505,0.06201209062158344,9.812462198179487,9.81266308773579
19.646548849616536,-0.03126930698061748,-0.025653544706001303,9.804634265232128,9.804717688382414
19.66655551850617,-0.03411733586643882,0.03326942565939652,9.840739369263217,9.840854748499103
19.686562187395797,0.04530987509441182,0.054543186236759716,9.844522245027312,9.84477760931061
19.706568856285426,0.05425989084980396,0.006486042255839653,9.76883758693689,9.768990429130849
19.726575525175058,-0.01776191016847446,-0.0030004276916071938,9.828514636452534,9.82853114391875
19.746582194064686,0.03202064129748538,-0.03967095768165247,9.834532324832697,9.83466446578284
19.766588862954315,0.01068121331964259,-0.015138003649463268,9.769625061124076,9.769642628183288
19.786595531843947,-0.042414938751310485,0.04811895143607078,9.827384184567382,9.827593518842836
19.806602200733575,-0.027843956815493547,0.01053757888866807,9.83687864753299,9.836923698636197
19.826608869623207,0.04653299397590806,0.0008504462237651217,9.781510600863642,9.781621321518992
19.846615538512836,-0.0428038509847253,0.03936369627526987,9.80290975130637,9.803082232772562
19.866622207402465,0.06842998014224576,0.02088871645367148,9.815589598074608,9.815850353305503
19.886628876292097,-0.017140865277353375,-0.004436194433392884,9.827113741802979,9.827129692001447
19.906635545181725,0.047424447188797,0.006487675070207911,9.780346817686572,9.780463948215894
19.926642214071357,-0.00916691383928511,-0.02304195112293922,9.844710200934468,9.844741434095873
19.946648882960986,0.023997107745034534,-0.01683121939090759,9.749119556098032,9.74916361900955
19.966655551850614,0.04185099420362067,-0.006188958877759756,9.849712366467765,9.849803221946916
19.986662220740246,0.041698614530430285,0.016724131871210687,9.826508024033698,9.826610728905427
20.006668889629875,-0.017530965923789107,-0.03742088918070136,9.791346854665717,9.791434056668386
20.026675558519504,-0.025721642996973788,0.0022872099126818577,9.835932175281213,9.83596607309012
20.046682227409136,-0.002436360292534052,-0.01169586480189193,9.778566028691937,9.778573326748282
20.066688896298764,-0.039014388631019345,-0.027027876553986138,9.813448081631817,9.813562853495894
20.086695565188393,0.007177925268316756,-0.011534746484749635,9.817155146214258,9.81716454674305
20.106702234078025,-0.024623899568325454,-0.06964209789150666,9.81708404441877,9.81736194165267
20.126708902967653,0.03248129320628747,-0.022727660220851376,9.78480847328654,9.784888780147046
20.146715571857285,-0.01710337248654415,-0.03298460646227868,9.795117684829274,9.795188153847228
20.166722240746914,-0.05226776908440061,-0.008397481278022928,9.813802345984525,9.813945125352406
20.186728909636543,0.04202744328507888,-0.06839369468891798,9.788197687711003,9.78852685429086
20.206735578526175,0.005501040099955905,0.005726782305284074,9.818143583828299,9.81814679510072
20.226742247415803,0.0008740467126022,0.027282698892205894,9.791576220953203,9.791614269381363
20.246748916305435,0.03283184354838628,-0.003518891166896969,9.840000000782318,9.840055402686605
20.266755585195064,0.02614729506894471,0.014963756202131293,9.856880548517129,9.856926587064267
20.286762254084692,-0.022855606320312763,-0.01538191669203729,9.801076074760283,9.801114794008885
20.306768922974324,-0.01349344818078481,-0.04663863371327621,9.837607762829103,9.837727569442746
20.326775591863953,-0.03338865750178014,5.0739638569582855e-05,9.803630863752703,9.80368772032998
20.34678226075358,-0.04393356165374446,0.020411351309556566,9.78190706409776,9.782027018555384
20.366788929643214,0.017357776047461682,-0.03973164376822973,9.797228467783345,9.797324407502806
20.386795598532842,0.01176552930125045,-0.013956818289655058,9.812567092222688,9.812584071478222
20.40680226742247,0.022824876345675496,-0.007413492027132503,9.756391270067189,9.756420785794731
20.426808936312103,0.03844816324487828,0.08554222935854836,9.828769702843365,9.82921714104395
20.44681560520173,0.023234243847770175,0.006701135841596752,9.812580625468092,9.812610420607786
20.466822274091363,0.025903784289157746,-0.05716720736591332,9.840016318724075,9.840216473655172
20.486828942980992,-0.06233883774516411,-0.0645855270552663,9.828244126613141,9.828654029586255
20.50683561187062,-0.00920955725774982,0.021914964907912494,9.813598449514917,9.813627240218235
20.526842280760253,0.02893729484009961,0.07455095927989587,9.799324951939516,9.799651255338969
20.54684894964988,-0.03504626208615649,-0.008429234538021569,9.85568585165109,9.85575176731418
20.566855618539513,0.002750141485132908,-0.010224587761755277,9.875096180605082,9.875101856774652
20.586862287429142,0.015583933218405184,0.012923225285927884,9.799825517848205,9.799846429867928
20.60686895631877,0.0132856048151546,-0.023948892250353265,9.841268804211078,9.841306911862542
20.626875625208402,0.011063889238748997,-0.0763246386128602,9.788797510231042,9.789101315054918
20.64688229409803,0.017967381571367257,0.031117931678270587,9.79236942138933,9.792435347625904
20.66688896298766,0.005422316847846576,-0.018395463852054886,9.798412651455045,9.798431419508157
20.68689563187729,-0.0438878462217304,0.03150353597464113,9.83054048062819,9.830688925863457
20.70690230076692,0.0152086660621048,-0.02282960370932041,9.777752601169828,9.77779108101683
20.72690896965655,0.00854239681661232,0.003653373823816147,9.856498926810128,9.856503305629886
20.74691563854618,-0.0434924535256636,0.025644958424660826,9.838136167721192,9.83826572684587
20.76692230743581,0.04139205633259712,0.03211052853215616,9.829845456162866,9.829985049857187
20.78692897632544,0.016015130992441208,0.006989660024442717,9.80118556001992,9.801201136682737
20.80693564521507,-0.041410449629323755,0.005497172873969992,9.834884627695702,9.834973344363133
20.8269423141047,-0.02451675491916451,0.018591185405373346,9.722479114160908,9.722527800358383
20.84694898299433,-0.016921561252385392,0.013925086031824567,9.823227040904776,9.82325148534939
20.86695565188396,-0.016942903164019453,-0.03873541602513939,9.814803662029883,9.814894722747537
20.88696232077359,0.008791505664553258,-0.03816247062911526,9.753413533043464,9.75349215467423
20.90696898966322,-0.02929055253174785,-0.06327177309062638,9.822187589481965,9.822435049248796
20.92697565855285,0.03384410241365803,0.0229952400251894,9.827726751776282,9.827811929005927
20.94698232744248,0.031374103541039734,-0.011871893211330002,9.754388017654975,9.754445697998035
20.96698899633211,0.018579519287987685,0.024605917361289056,9.774396857470439,9.774445486933475
20.986995665221738,0.0013272532618155268,0.012111317203634727,9.87193167455553,9.871939193122007
21.00700233411137,0.028123425454546117,-0.030072800447129084,9.804409393616927,9.80449584925354
21.027009003000998,-0.008278431684120274,-0.0036066730060433675,9.839268781784952,9.83927292541117
21.047015671890627,-0.021734665841496276,-0.01364466154992276,9.843804057728692,9.843837508789136
21.06702234078026,0.035703289368592225,-0.018276704407906866,9.821818104419858,9.82190000148166
21.087029009669887,0.009526282710570287,0.027458619764798436,9.840517240535679,9.840560161248016
21.10703567855952,-0.020521729217441748,0.07532230411643018,9.746613349255059,9.746925995961208
21.127042347449148,-0.012532271011247376,0.03348610925230644,9.80308411764958,9.803149320246174
21.147049016338777,-0.022092839512958033,-0.0008086910207221142,9.717582038184783,9.717607185742303
21.16705568522841,0.06066524576485814,0.037785232798683725,9.757617190062984,9.75787893057062
21.187062354118037,0.00012295312351573605,0.0513870795093241,9.793619565090452,9.793754378826359
21.20706902300767,0.004733139337610059,-0.04177112346930891,9.790038466830115,9.790128722921738
21.227075691897298,0.021636571435858214,0.036745642840875906,9.811242308674275,9.811334976597802
21.247082360786926,-0.03646082947821017,0.023090460562296154,9.80938048465191,9.809475421964468
21.26708902967656,0.032896417988586696,0.035643571699694995,9.814012272899438,9.81413213336466
21.287095698566187,-0.01823538392363559,0.02439862368050702,9.815241289458921,9.815288553698437
21.307102367455816,0.05490048858345446,-0.006831870226024223,9.81998768173809,9.820143522758988
21.327109036345448,-0.009379761900437794,0.06098611932548301,9.781228659677641,9.781423279849562
21.347115705235076,0.03112920044289557,0.010187958257464465,9.788256230419087,9.788311031733295
21.367122374124705,-0.0749039435135726,-0.0130298106208276,9.808893658221159,9.809188303575887
21.387129043014337,-0.03525399228257911,0.015179340451211226,9.809359711479813,9.809434805611977
21.407135711903965,-0.008808214769928784,0.029171877051835816,9.777542179041111,9.777589664430911
21.427142380793597,-0.06092348994374673,0.00284283227585988,9.842446781430391,9.842635744484896
21.447149049683226,0.018026533465242123,0.011794091505666755,9.831744020326525,9.831767620205921
21.467155718572855,0.009388743763087466,0.0026510124631095406,9.784208499439107,9.784213363212853
21.487162387462487,-0.029724829495796315,-0.019802271993019305,9.8037490196125,9.803814081010396
21.507169056352115,-0.0004787588959349583,-0.024654733758833126,9.870286189523913,9.870316993299319
21.527175725241747,0.024194316897693753,-0.04208448859714761,9.814817311135029,9.814937356911987
21.547182394131376,-0.06309148550609922,0.04554060102140235,9.821870578656002,9.822178788117895
21.567189063021004,-0.0382046704870397,-0.006702517443889837,9.791731933466066,9.791808759235762
21.587195731910636,-0.010052648976700329,-0.10282725305265868,9.800606636744151,9.801151205236827
21.607202400800265,0.0007117087989742683,0.011895992378385269,9.855339779573503,9.855346984860958
21.627209069689894,-0.0017583426480463067,0.011274813135219077,9.813398832818777,9.813405467275315
21.647215738579526,0.02667884356307132,-0.055997030484911864,9.807872153433815,9.808068291270175
21.667222407469154,0.014316337369661909,-0.024971886249997865,9.810229232578095,9.810271461501378
21.687229076358783,0.020899045217131783,-0.026288671036827874,9.886361483652456,9.886418524913998
21.707235745248415,-0.04169627198413095,-0.02226803072376829,9.811194225094438,9.811308096620763
21.727242414138043,0.004344715643981405,0.03638327585110711,9.785097699023593,9.785166304092767
21.747249083027675,-0.009214275277138305,-0.004466326442005098,9.790339472951544,9.79034482776648
21.767255751917304,0.04386215645006302,-0.012817046544484532,9.833422680071644,9.833528856437955
21.787262420806933,0.005231869121336993,0.03367169826661781,9.767145566200597,9.767205007937052
21.807269089696565,-0.02007161804148087,0.014860432355511162,9.823517489443928,9.82354923475784
21.827275758586193,0.025575038278651197,-0.052229347739296474,9.788285474170518,9.788458229527558
21.847282427475825,0.01689893387593943,-0.018498709175037088,9.75423691330644,9.754269092921174
21.867289096365454,-0.024648050179214388,0.009658862614018372,9.780597833492592,9.780633660480522
21.887295765255082,-0.010454691083075248,-0.028016704020360994,9.81082601429036,9.810871588138653
21.907302434144714,-0.00994339378825084,0.060886643652633944,9.851855021804784,9.852048184266835
21.927309103034343,0.03682383276838612,0.0033863629095775114,9.8373998823584,9.83746938534187
21.94731577192397,0.006097256216353259,-0.022601290187325748,9.801189293214877,9.80121724870342
21.967322440813604,0.02180347435680515,-0.03368830930008149,9.839165612094543,9.839247442558873
21.987329109703232,-0.014798151633902485,0.027825827641071083,9.799296605122828,9.799347285260762
22.00733577859286,0.010044008734183235,-0.019435858109818703,9.766004652457625,9.766029157570435
22.027342447482493,0.03910082708788973,0.01139772534875121,9.81063262906898,9.810717168758613
22.04734911637212,-0.010832302957519425,-0.03454558070623299,9.764821980149797,9.76488909511779
22.067355785261753,0.003454644115133286,0.0021059337457350973,9.833742249224553,9.833743081538529
22.087362454151382,-0.04089918768712822,-0.019076576936503838,9.834176402670208,9.834279952196633
22.10736912304101,-0.022966742697300827,-0.009461832404251613,9.783600901814093,9.783632433995061
22.127375791930643,-0.010033286759934694,-0.023888424011563714,9.81436792520477,9.814402126208869
22.14738246082027,-0.03182517926855163,0.030768788334248114,9.814081477025743,9.814181310637725
22.167389129709903,0.0396592103256554,-0.014730119253729787,9.836158901453018,9.8362498831623
22.187395798599532,-0.025140210607245386,-0.004303715847591065,9.772647952380485,9.77268123665793
22.20740246748916,0.023603957763517362,-0.0028542684239623254,9.827984625707046,9.828013385054195
22.227409136378792,0.005605087125944301,0.048368103649008835,9.770496922469835,9.770618250778444
22.24741580526842,0.0009255584553138897,0.02670925762174198,9.833315662130186,9.833351979472512
22.26742247415805,0.044584909348954725,0.023720422748338778,9.841880922039994,9.842010493604029
22.28742914304768,-0.06781800890782738,-0.047336598690789045,9.789912258190803,9.790261592980158
22.30743581193731,-0.005886146904693147,-0.019691771628076175,9.846573865996247,9.846595315697478
22.32744248082694,-0.03241141009696326,0.035658561474867456,9.762779011109437,9.762897933107254
22.34744914971657,-0.058842612273991124,-0.03512792446264949,9.842987503356317,9.843226067470203
22.3674558186062,-0.03584195201273074,0.002520406443651887,9.85315368714488,9.853219198844075
22.38746248749583,0.0005171260500921255,-0.03195784512782367,9.820374455824547,9.820426468534645
22.40746915638546,-0.021760413876193364,-0.0289472176622822,9.80413422656912,9.804201109198369
22.42747582527509,0.026898407694754455,0.050423569585926115,9.819372594602997,9.819538900190105
22.44748249416472,-0.006415375438239915,0.021578119247291656,9.791887248938068,9.791913126053977
22.46748916305435,-0.009742150641628288,0.02949420683383762,9.888738800374883,9.888787583914196
22.48749583194398,-0.009608428515182779,0.02351224440491337,9.792404061286971,9.792437002454754
22.50750250083361,-0.00295483218388617,-0.004178650866885067,9.84952203508972,9.84952336470523
22.52750916972324,-0.012554356048282589,-0.020747901237116916,9.787763177477276,9.78779321939535
22.54751583861287,-0.025537610926924893,-0.012062707782524796,9.85790424838511,9.857944707129375
22.5675225075025,0.029675546519281077,-0.005754793631602401,9.870369857452655,9.870416145159275
22.587529176392128,-0.018722851511668376,0.053288582079837506,9.821579724330581,9.821742131594087
22.60753584528176,-0.011505798490385579,-0.04009069293088589,9.818599718057015,9.818688307023901
22.627542514171388,0.012882152402709323,-0.016609843458563832,9.781302629256464,9.781325215013029
22.647549183061017,0.009562237384717587,-0.027388900989161476,9.777729971712953,9.777773007593037
22.66755585195065,-0.026803141870381488,0.031698695925614404,9.81893743815497,9.819025187366554
22.687562520840277,0.022649458323322397,0.0556136477801729,9.853745774315435,9.85392874241645
22.70756918972991,0.016130110195152137,0.00926359079479188,9.79355392532553,9.793571589712734
22.727575858619538,0.005339245025617627,0.01173047504530753,9.876237876533827,9.876246286189081
22.747582527509167,-0.012939505517444756,0.0027396276912580696,9.791695621811105,9.791704554701274
22.7675891963988,-0.012201920715642257,0.013124369678433747,9.8168817582225,9.816898114520201
22.787595865288427,-0.006053913090048278,0.023194654870728814,9.81696049399211,9.816989761758952
22.80760253417806,-0.03695495823383298,0.012769215386604641,9.806953968742935,9.807031909137569
22.827609203067688,-0.0011780534579086902,0.014965029848348835,9.748685174510214,9.74869673195569
22.847615871957316,0.02676306121340997,0.02326243090481625,9.791427806987073,9.79149201611158
22.86762254084695,0.026291135695020704,-0.05334834303765201,9.815989178769087,9.816169356079428
22.887629209736577,-0.011425553138293586,6.026790437176153e-05,9.807120447120594,9.807127102838404
22.907635878626206,0.031922498181766096,0.009156271262535527,9.829086079782083,9.829142182660679
22.927642547515838,0.05717713663588334,0.012484445415578737,9.832705077359757,9.832879243877022
22.947649216405466,-0.009486226057884822,-0.005126587853518613,9.802797646164633,9.802803576632488
22.967655885295095,0.02074544119296505,0.004822544993914562,9.781127088830537,9.781150277862265
22.987662554184727,-0.06788429888072377,-0.021597192140423025,9.856449531161504,9.856706959074959
23.007669223074355,-0.037744401845459734,-0.05324534207093189,9.76933613008453,9.769554141766037
23.027675891963987,0.0027336308800056004,0.029494113039169698,9.792140783297036,9.792185583175538
23.047682560853616,-0.030201991875551643,-0.034031148099585094,9.784501202280786,9.784606995520484
23.067689229743245,0.06117606134167345,-0.004813615893412855,9.832393728654063,9.832585220411517
23.087695898632877,0.017936390618896597,-0.022473888987060167,9.849510659234419,9.849552630255197
23.107702567522505,0.02897494940574391,0.04761027839628238,9.804789198734673,9.804947604037777
23.127709236412137,-0.0008707921848176129,-0.002389341435261452,9.816893302810048,9.816893632203024
23.147715905301766,-0.030096240595909565,-0.009313693886461982,9.822863154629674,9.82291367584858
23.167722574191394,-0.015564308465246413,0.02243597606177947,9.864120122957667,9.864157917473657
23.187729243081026,0.007631414388790792,0.0646942250282456,9.756792796733604,9.75701026235139
23.207735911970655,-0.019137460152270334,0.012170685811742655,9.832326656973809,9.832352813920581
23.227742580860284,0.02013575975181599,-0.011322583848955065,9.821295742438185,9.821322910390442
23.247749249749916,0.021342449076139153,0.0208978194406407,9.798874814242627,9.798920340741036
23.267755918639544,0.00014943911818764968,-0.04718037205744696,9.81978680207161,9.819900144501435
23.287762587529173,-0.05476905261050998,0.0013928778019319107,9.832224869274897,9.832377508477805
23.307769256418805,0.05144354800997877,0.05981872964869236,9.827494881374484,9.827811575447013
23.327775925308433,-0.0063801857006855305,0.004732421900573156,9.87475501817749,9.874758213323917
23.347782594198065,0.08127829945413108,0.003233329684729449,9.813824447633811,9.814161548770128
23.367789263087694,0.019576070890565848,0.0006190962107251675,9.81080715549871,9.810826705645978
23.387795931977323,-0.0062986523019617074,-0.011864288412785981,9.804561036429908,9.80457023797779
23.407802600866955,0.013434656294940122,0.009434720170946114,9.826589365114376,9.826603078099442
23.427809269756583,-0.06057856551235836,0.023258190349809093,9.809038252155423,9.809252883796308
23.447815938646215,0.030784272097078996,-0.009954601574723245,9.810396274351943,9.810449624014158
23.467822607535844,0.07700823712588428,-0.07472255214902462,9.810534895800188,9.811121682565053
23.487829276425472,-0.06267700421530137,0.013968525158362622,9.805961742915297,9.806171996761575
23.507835945315104,-0.008622270294771228,0.06399378229560311,9.791739815935427,9.791952725105075
23.527842614204733,-0.003160143683745788,-0.01128784224168392,9.822543196145908,9.82255019035499
23.54784928309436,0.02625685887489192,-0.0441349014826981,9.801448573049502,9.801583108983007
23.567855951983994,0.0631792702249661,0.020322389541974375,9.828410385084613,9.828634458425134
23.587862620873622,0.01148646367786694,0.0523149679255201,9.81332302886784,9.81346919614184
23.60786928976325,0.06425375472646581,0.01588120709145706,9.798402753710128,9.798626295642128
23.627875958652883,0.00511297430653987,0.051741001624995314,9.856944912151052,9.857082036532715
23.64788262754251,0.013542714563886893,0.02381005636877138,9.80693062243359,9.806968877136693
23.667889296432143,0.009847066984807647,0.02120552957033078,9.828684690436855,9.82871249875793
23.687895965321772,0.03660899349015259,-0.015540020482263371,9.789000512820238,9.789081302688
23.7079026342114,-0.0126696317433061,0.008562206722596508,9.749233820066065,9.749245812331969
23.727909303101033,0.024548602762845265,-0.0008841287015332978,9.79299002496969,9.793020833467935
23.74791597199066,-0.03692389818769281,-0.0019120716169995495,9.745876538808007,9.745946672333252
23.767922640880293,-0.008535123139542276,-0.007615953838532021,9.802894113995423,9.802900788097674
23.787929309769922,-0.019102308688164246,0.006768404023756618,9.854059410436172,9.85408025002313
23.80793597865955,0.0026388467585382663,-0.03889034952410179,9.7828414493377,9.78291910656927
23.827942647549182,-0.009482392482113453,0.02435155197844724,9.746818684272174,9.746853716863104
23.84794931643881,0.033964010773709245,-0.02633235878340589,9.855007709730376,9.855101415307306
23.86795598532844,-0.026360042855149275,-0.007508136750141238,9.795739357100272,9.795777701449744
23.88796265421807,-0.05193947807433038,0.009916796791054948,9.80952784853494,9.809670364666886
23.9079693231077,-0.04071851459134672,-0.02781820255186536,9.833648399073933,9.83377204771562
23.92797599199733,0.02982504138903958,-0.05899389186915758,9.825695182949675,9.825917547008634
23.94798266088696,-0.029086720299486658,-0.011491400330925217,9.832515372588357,9.83256510996829
23.96798932977659,0.011935332465621257,-0.042932924777511,9.837012869686363,9.837113798597947
23.98799599866622,-0.008843625097442392,0.021369327980114112,9.757616561022317,9.757643968183107
24.00800266755585,0.024727321642597652,-0.03460510717626378,9.7675695677958,9.767662167356574
24.02800933644548,-0.006922971153498309,0.04455466691127487,9.845135089878866,9.845238340631338
24.04801600533511,0.08293045548351408,-0.00017378667705675527,9.78654782570725,9.78689919410146
24.06802267422474,0.05694351047455514,0.0017752258378268785,9.789820624651094,9.78998639312925
24.08802934311437,-0.009456305412170773,-0.05941893985633992,9.77211472433507,9.77229994513533
24.108036012004,-0.013564037672849583,0.004345878865515698,9.797851563319576,9.797861916082761
24.12804268089363,0.09396978452425385,-0.0024053975061975965,9.799520518089466,9.799971351529408
24.14804934978326,-0.03236552883985769,-0.038972671047764085,9.781876179369446,9.782007359691622
24.16805601867289,-0.0016507064375504703,0.002618050163904256,9.778407517653728,9.778408007458339
24.188062687562518,0.0006734675911628251,-0.011937690324222714,9.819559892765271,9.819567172213508
24.20806935645215,-7.013693443722589e-05,-0.006503634536860789,9.785769921993348,9.785772083406146
24.228076025341778,-0.05216135161591579,0.000776452865821386,9.791810632290654,9.791949594851975
24.248082694231407,0.014898072290278211,-0.014143626394746046,9.744411649596778,9.744433302738695
24.26808936312104,-0.029110502741769507,0.007393698808466041,9.86814600727593,9.868191714243691
24.288096032010667,0.043079673725072126,-0.0025966644705289026,9.838254720884242,9.838349381575942
24.3081027009003,-0.043678951273038655,0.014183054051597262,9.795155818400191,9.795263473564438
24.328109369789928,0.001783977821264287,-0.015860237819159746,9.783027571930269,9.783040590883205
24.348116038679557,-0.06648361940855664,-0.031947592588018776,9.810326663916994,9.810603955571878
24.36812270756919,-0.06463151119022172,-0.02126605585314416,9.80950399231207,9.809739958457447
24.388129376458817,-0.02518055874877898,0.04327970306555336,9.77172100291456,9.771849290284715
24.40813604534845,-0.020946302470110846,0.028678995786202394,9.73348391313233,9.73354870124932
24.428142714238078,0.043971792389683045,0.03640137397797327,9.794217722774501,9.794384073522112
24.448149383127706,-0.0012177550878569472,0.038481418745106584,9.763098764073016,9.763174677304516
24.46815605201734,0.038772207027346614,-0.01398954171519607,9.815141398401707,9.815227947527973
24.488162720906967,-0.011393597840300305,0.00887435806225388,9.815342446999821,9.815353071600594
24.508169389796596,0.018182555486409947,0.0022751700854388678,9.780803619049744,9.780820784378962
24.528176058686228,-0.021764259507567024,0.019786155767742657,9.793962471970337,9.79400664066118
24.548182727575856,-0.023804192072958034,-0.008675047356929021,9.862891250759343,9.862923791671113
24.568189396465485,-0.05462550416753684,0.0027892247127301257,9.83325385578813,9.833405977475564
24.588196065355117,0.01007261981553824,0.002168144328590568,9.796432416878734,9.79643783510069
24.608202734244745,0.007862502441004489,0.01596787199747093,9.87875877980808,9.878774813787183
24.628209403134377,0.023319386618575567,0.01967151663214797,9.774091877640851,9.774139491276136
24.648216072024006,0.00644754861424186,0.002810130970206003,9.785619158255503,9.785621685827444
24.668222740913635,0.060785879315819025,0.0037197235219742406,9.806684574878762,9.806873666497001
24.688229409803267,0.005280829100325291,0.006776940622461131,9.76406978803871,9.764073567920844
24.708236078692895,0.02975480143014362,0.04939654261869128,9.863709274938836,9.863877839224553
24.728242747582527,-0.009723272489973081,-0.05189993373950795,9.815494561161278,9.815636587880418
24.748249416472156,-0.027254101029041664,-0.02909038983653424,9.786301534293006,9.786382720745667
24.768256085361784,0.02153085510559909,0.020210387893378253,9.823433608542143,9.82347799401697
24.788262754251416,-0.0026744396346102283,0.008093531965172736,9.814381675448937,9.814385377051122
24.808269423141045,0.024961291377888623,0.0078824865045263,9.800860467476225,9.800895423511008
24.828276092030674,0.010588096255340426,0.020024864961400688,9.773744544995356,9.773770794009112
24.848282760920306,-0.023790399803704686,0.006419786793712893,9.766913642234128,9.76694472655827
24.868289429809934,0.032230136330310855,-0.016778474353476708,9.875604029923297,9.875670876184907
24.888296098699563,-0.02613569861354003,0.018864274203247763,9.7694179534467,9.769471126151608
24.908302767589195,0.01875978789886514,0.0006266148899723342,9.860938965580543,9.860956830104922
24.928309436478823,0.03844833334577559,-0.013427315366686603,9.784657225571522,9.784741978665764
24.948316105368455,-0.01153784515245473,0.02071081873733734,9.83370097702621,9.833729555232326
24.968322774258084,0.03467983361016945,0.01953101574845999,9.823962992702423,9.82404361927522
24.988329443147713,0.011928505021595773,0.006442994748023767,9.829962561008893,9.829971910043787
25.008336112037345,0.0255583133518879,0.05151357461983672,9.831960428167207,9.832128596433094
25.028342780926973,-0.025102670733077582,0.03980480204310853,9.761653031329875,9.761766462603752
25.048349449816605,0.0064290069616124304,0.030055715821614055,9.789709620225775,9.789757868636238
25.068356118706234,-0.0422424393007351,0.07699096718426242,9.768958561223469,9.76935327458309
25.088362787595862,0.05133901545931391,-0.004393902059931483,9.815679031825429,9.81581427374729
25.108369456485494,-0.06041994964753521,-0.013944009879482813,9.770299670036273,9.77049643815696
25.128376125375123,-0.0106425545888655,0.025810892979100768,9.750568584687803,9.750608554898779
25.14838279426475,-0.027951257825988663,-0.007579028939828431,9.802875679903693,9.802918458813222
25.168389463154384,0.02024101245606713,0.0003578314694346782,9.743727628425377,9.74374865868207
25.188396132044012,0.05771837837789755,-0.029577598972509143,9.817762145841629,9.8179763596112
25.20840280093364,0.01964745296062577,0.01819978373139382,9.772271114298668,9.77230781268641
25.228409469823273,0.08883851090854053,-0.044130217366128294,9.784782607557593,9.785285403822762
25.2484161387129,-0.0413382052967652,-0.0028931466347810837,9.74158752080527,9.741675658890701
25.268422807602533,-0.03903552397585696,-0.00046067212547269904,9.859503066414257,9.859580351160135
25.288429476492162,-0.026793426948462002,-0.013081165272594944,9.766112553390657,9.766158068048414
25.30843614538179,0.0036373408588771775,-0.052716442759844995,9.799079962963564,9.79922243722122
25.328442814271423,-0.030807671258497496,-0.05293893281323351,9.756247842226163,9.75644010908479
25.34844948316105,-0.022549882629150766,-0.022385172200154003,9.784929965748578,9.78498155479843
25.368456152050683,0.018614505717818638,0.016171509862861925,9.862554653430728,9.862585477929327
25.388462820940312,-0.03717515649341453,0.008667745843258317,9.818924302057962,9.818998501457404
25.40846948982994,-0.033995880389103054,-0.0004930607649342424,9.788291070110683,9.78835011818646
25.428476158719572,-0.01195616258970216,-0.02653765458052433,9.808974795610336,9.809017980300236
25.4484828276092,-0.009133292125179632,0.010233966637833226,9.793183228299402,9.793192834522502
25.46848949649883,0.030300471516639473,-0.053970878341167546,9.807227382605173,9.80742269449032
25.48849616538846,-0.027019192439343614,-0.07189648447115933,9.832316061570989,9.832616044363078
25.50850283427809,-0.021608399523626927,-0.007292146536450141,9.800067060302789,9.800093595714422
25.52850950316772,0.017450103488370193,-0.016381541402910864,9.816599744217754,9.816628922353466
25.54851617205735,0.02404182971350147,0.03039513892942374,9.817094864929448,9.817171357426265
25.56852284094698,0.04286173401379764,0.0047395133331850315,9.800215630581068,9.800310505137825
25.58852950983661,0.014073610645942626,0.04952205929999553,9.787922220309898,9.788057615876102
25.60853617872624,0.003910921798854799,-0.01644645206086379,9.794244499301866,9.794259088527298
25.62854284761587,0.017251152202384625,0.014603168745664833,9.830975557546052,9.831001539408772
25.6485495165055,-0.008022384176656426,-0.007568313882468898,9.833472501149265,9.833478686044002
25.66855618539513,-0.008243027831264361,0.04145159172393413,9.775866170061946,9.77595752634625
25.68856285428476,-0.05322330936836261,-0.006121513413722393,9.80217031996836,9.802316724900047
25.70856952317439,0.026802478700680022,0.025632203404372944,9.787412343926931,9.787482606511704
25.72857619206402,0.00634376835155241,-0.032328568935724805,9.833998572891485,9.834053757804972
25.74858286095365,0.02331117799104917,-0.012456379293961336,9.795863908806604,9.795899565239747
25.76858952984328,-0.08447431483431882,-0.0025213023578239996,9.876027714527142,9.876389304039229
25.788596198732908,-0.0014130512368063812,0.03790252619888402,9.816536921696912,9.816610195645172
25.80860286762254,-0.025676445191328973,-0.06591560823024116,9.845459893626698,9.845714025110514
25.828609536512168,0.045040875144606994,-0.00997933339337337,9.7795616751959,9.779670486600722
25.848616205401797,0.018426507464514873,-0.010994403792819017,9.810351664472577,9.810375130121782
25.86862287429143,0.007027062324316805,-0.06230920567183141,9.828485192951106,9.828685212416536
25.888629543181057,-0.012957989080230731,-0.013921072822404453,9.779000992745347,9.779019486730968
25.90863621207069,0.011916249303949399,-0.04622001393573881,9.810610281354318,9.810726394069949
25.928642880960318,-0.02784556888134313,-0.06991990434112176,9.841555770966016,9.841843534712584
25.948649549849947,-0.0029917604305729727,-0.00786938485485969,9.800176499762296,9.80018011591326
25.96865621873958,-0.0173509016096226,-0.008884353624115745,9.784447424862822,9.784466842676236
25.988662887629207,0.06799468964945074,-0.007348607488779973,9.864088783664176,9.864325867075861
26.00866955651884,0.044098432685725206,0.007585747376950546,9.774847640950611,9.774950057116728
26.028676225408468,0.031891424519484915,-0.026381904696410965,9.814676718851448,9.814763989185778
26.048682894298096,-0.04470933066462473,0.053725680403377614,9.788751709849896,9.789001246811267
26.06868956318773,0.025924713368521608,-0.0009988202439450997,9.781894972834275,9.78192937758015
26.088696232077357,0.005630000254258126,0.03859291389184453,9.832249712481099,9.832327065272503
26.108702900966986,0.03670380418548437,-0.050396977244661356,9.803833922650124,9.804032160670548
26.128709569856618,0.009671852853808184,-0.025035889502756228,9.822176593962592,9.822213262981384
26.148716238746246,-0.00020152998114910848,0.020589444151326908,9.742345628366245,9.742367387261254
26.168722907635875,0.007013528890096763,-0.006796928270337996,9.825093593458861,9.825098447753476
26.188729576525507,-0.054168998748676346,-0.03219538162118899,9.78838212264551,9.788584954014008
26.208736245415135,-0.023022098165033922,-0.05515889695932243,9.753634441465252,9.75381757767977
26.228742914304767,0.01120006616109816,0.021996110167210942,9.866542186643615,9.866573062171215
26.248749583194396,0.03418165075219747,0.019548067648465648,9.82803040579484,9.828109287621134
26.268756252084025,-0.01651479348936355,0.007299620742576842,9.816818322380389,9.816834927688776
26.288762920973657,-0.0012242063959180109,-0.014877185723577496,9.847482565492196,9.847493879511127
26.308769589863285,-0.048029773340261706,-0.033392700828894145,9.817427078441657,9.817601355326833
26.328776258752917,0.043779324400612794,-0.0015894461969010545,9.786041579695691,9.786139634969304
26.348782927642546,0.03341225196699363,-0.03945955810936201,9.804750971685529,9.804887304404678
26.368789596532174,0.019563078557015955,-0.022547522416937704,9.789649013604238,9.789694526101016
26.388796265421806,0.012204185628926714,0.03783751744198647,9.794989413215259,9.795070098007061
26.408802934311435,0.04657647195440392,-0.055525072893942574,9.772268890024224,9.77253762645071
26.428809603201064,-0.024150329739441513,0.020325834807011018,9.780899382725991,9.780950317479217
26.448816272090696,-0.02739484668979976,0.04482587854347489,9.83683756598006,9.836977845684562
26.468822940980324,0.031845593587692865,0.0244877915814796,9.819962263164099,9.82004443186152
26.488829609869953,0.029829401451243735,0.011946386352794517,9.794909608424055,9.794962314707275
26.508836278759585,-0.03580486758267456,-0.01390718538513372,9.779159044066107,9.779234479625073
26.528842947649213,-0.015940796447305984,-0.019376641633020383,9.797838090635762,9.797870218243625
26.548849616538845,0.05067279393232168,-0.06744392598189962,9.759484505910988,9.759849088808362
26.568856285428474,0.012350019846477113,0.0011102004080194286,9.813798917982732,9.813806751619587
26.588862954318103,0.02361484554054516,-0.012067213461872808,9.838364144459778,9.83839988603647
26.608869623207735,-0.034771396275880696,-0.020941032260457206,9.88100917980177,9.88109255032853
26.628876292097363,0.019699335736115348,-0.0006024308663703934,9.776902238323077,9.776922102813245
26.648882960986995,-0.042586246373126406,0.001871084406139658,9.837114073378519,9.837206431807697
26.668889629876624,-0.05939464096802055,-0.01906671892101161,9.788783656629064,9.788982415932434
26.688896298766252,0.02180471880542604,0.04839242350430359,9.77614631129847,9.77629039934522
26.708902967655884,0.04303335508903467,0.02191808337337273,9.776133056134322,9.776252339381957
26.728909636545513,-0.007613582272475033,0.026888356751198356,9.814222071792809,9.814261858378803
26.74891630543514,-0.01639652045563375,-0.0030990835091822756,9.782076191289203,9.782090423952782
26.768922974324774,0.05132545968739111,0.01533707196783428,9.791794626861195,9.791941152969438
26.788929643214402,-0.005843501073438232,-0.026871138017956892,9.796787960077882,9.796826554517036
26.80893631210403,-0.0019730617067177905,0.019987756207509186,9.787800964803033,9.78782157223812
26.828942980993663,0.05081871679321007,-0.006132078219412179,9.785622463419026,9.785756339748646
26.84894964988329,-0.0106075443908463,-0.030659506050429768,9.737125207124446,9.737179253999978
26.868956318772923,-0.01962082828034598,-0.0006830001365768882,9.812608598703356,9.812628238893932
26.888962987662552,0.02446524672411263,-0.008761620907496685,9.812030144686753,9.81206455719385
26.90896965655218,-0.021355684631373474,0.0696920798166275,9.786079654507935,9.78635111037967
26.928976325441813,-0.004338046143665463,0.013061827454397348,9.820811528111651,9.820821172420946
26.94898299433144,-0.039574758051365976,0.047391524023446666,9.851907225961972,9.852100695130241
26.968989663221073,0.005561912651295387,0.033938613190761795,9.810707394985029,9.810767674058518
26.988996332110702,0.0020429246160927864,0.0011334179939249756,9.849907733374687,9.849908010442118
27.00900300100033,0.029040608241694316,-0.013311576087901345,9.877143957612814,9.877195619931413
27.029009669889962,0.025717696099851924,-0.052206797436009686,9.885915740673608,9.886087040952523
27.04901633877959,0.01654554025408746,-0.026128306519942194,9.7743529174047,9.774401843452194
27.06902300766922,0.011827670783430383,0.019882603732626427,9.77450810980744,9.774535487705734
27.08902967655885,-0.002197623412570242,-0.00906391155362109,9.79666710009823,9.796671539568344
27.10903634544848,0.018286679069874096,0.01127460977215325,9.813861456037795,9.813884969662178
27.12904301433811,-0.03336996521006961,-0.06090825454042009,9.857599559995307,9.857844209322288
27.14904968322774,-0.07046898215562927,0.013605445472921203,9.828817236632728,9.82907926800477
27.16905635211737,0.0348575301363868,0.032894446715978576,9.773901386109825,9.77401889692421
27.189063021007,0.020224813867437408,-0.0532727486941876,9.79165027774577,9.791816082347964
27.20906968989663,-0.003809593028397443,0.011146917190703983,9.808739993761035,9.808747067386799
27.22907635878626,0.032236758253379585,0.04030603960825382,9.765325200655635,9.765461589703357
27.24908302767589,-0.021944922508395817,0.05040259948018397,9.810410053726228,9.810564072667328
27.26908969656552,-0.02116477596249451,-0.015104972125738789,9.774346932268223,9.774381518043262
27.28909636545515,-0.02532413171082502,0.02339791033834601,9.76047836599328,9.760539263118506
27.30910303434478,0.017028659253476543,0.04289369460016246,9.781590441615911,9.781699311049394
27.32910970323441,-0.04748874231644259,0.012041441723411359,9.822330631646771,9.822452810492502
27.34911637212404,-0.02300884820346124,0.038552327669904324,9.822123471329595,9.82222608043147
27.36912304101367,0.008691450697084066,-0.001075849600149013,9.812899617500623,9.812903525558145
27.389129709903298,-0.03612453227767833,0.011829424313123909,9.839748409816227,9.839821832004523
27.40913637879293,-0.01980931216983556,-0.018648276793866072,9.836567497026403,9.836605120194278
27.429143047682558,-0.0663470273134369,-0.004938004730212769,9.816131440262108,9.816356898790218
27.449149716572187,0.01817419948204612,0.013011485096290909,9.811991455500772,9.81201691412583
27.46915638546182,-0.02063505580026836,-0.020898579751373027,9.813886401156603,9.813930346755576
27.489163054351447,-0.032978437504234626,-0.006707591194222624,9.805570644601888,9.805628395742831
27.50916972324108,-0.03885068177875725,0.0228262104284041,9.74476971820117,9.744873897189624
27.529176392130708,-0.012546405366152992,0.06157672599528301,9.844064545344596,9.844265126375985
27.549183061020337,-0.04740466760674319,-0.06148315474945721,9.821925684956812,9.822232513112443
27.56918972990997,0.05827139031446003,0.0592973000197085,9.773510176625189,9.773863765027366
27.589196398799597,-0.07154233851506957,-0.007796152932683026,9.852834498578174,9.853097317218225
27.60920306768923,-0.013518574493594698,0.028946996070821546,9.792300603953617,9.792352720292923
27.629209736578858,0.0032072078787376457,0.03483278099975221,9.806766929920242,9.806829315665274
27.649216405468486,-0.023261370124096632,0.04693490321821641,9.840707267867048,9.840846686557589
27.66922307435812,0.006363952118793465,-0.021838855941893724,9.816604180751687,9.81663053583392
27.689229743247747,-0.02398804724838484,-0.006758139243533951,9.850061275257477,9.850092802871647
27.709236412137376,0.04590283391019447,-0.0016078829685871076,9.799436955028717,9.799544596104
27.729243081027008,-0.033566310423293305,-0.01072301527492034,9.86073519633841,9.860798156972848
27.749249749916636,-0.07053671824044958,0.03956282924517418,9.786665913005026,9.787000068399536
27.769256418806265,-0.03895499551359965,-0.0023048310303439754,9.84952866987929,9.849605972966412
27.789263087695897,0.01159484324441137,-0.048556429944251064,9.742046723433019,9.742174630380571
27.809269756585525,-0.0035377313864659327,-0.018990414669412915,9.776994238459976,9.77701332157588
27.829276425475157,0.022563987239463502,-0.0473520008009064,9.81893898415468,9.819079087167621
27.849283094364786,0.015052338501328994,-0.006850163600800225,9.797986637215708,9.798000594034136
27.869289763254415,-0.019088410491756115,0.02017649023703809,9.807757541402923,9.807796870302694
27.889296432144047,-0.014672504813866406,-0.019634300169110663,9.811249527604822,9.811280144867258
27.909303101033675,-0.011559863269596779,-0.01209098893903731,9.77427292175619,9.774287235979338
27.929309769923307,0.056530382504899584,-0.00824295877014583,9.776522111553824,9.776689021760705
27.949316438812936,0.020724669440621086,0.004222274815057345,9.816963661464253,9.816986445444329
27.969323107702564,0.05675060697535516,0.015482483359065732,9.790010011445347,9.79018673789643
27.989329776592196,0.025223381170254418,0.02421766283806105,9.850231015768836,9.850293080825837
28.009336445481825,-0.0019075018476465413,0.06766550948809565,9.804241585337017,9.804475270170725
28.029343114371454,-0.030580844609569946,0.0037048779300021726,9.831562537293205,9.831610795738648
28.049349783261086,0.006045590134462314,0.02207379161939144,9.823285550079214,9.823312211257038
28.069356452150714,-0.0018260751664869127,-0.04762670243034824,9.79196516828482,9.792081162563864
28.089363121040343,-0.002809418560146417,-0.011375489566966015,9.750590136391429,9.750597176711247
28.109369789929975,-0.006272972306977494,-0.008112506803862192,9.845548241028633,9.845553581661633
28.129376458819603,-0.061573881227286666,-0.030519446669613117,9.780632727699086,9.780874159992697
28.149383127709235,0.03782519449603966,-0.016079781941026078,9.797887258335638,9.79797346555816
28.169389796598864,-0.0015136046765195194,-0.003224541529668832,9.805474726753003,9.805475373772508
28.189396465488493,-0.042427593480859255,-0.01513990122494424,9.80846965295689,9.808573099603935
28.209403134378125,0.014452881272209355,0.07805502563514481,9.838858759876171,9.839178988594325
28.229409803267753,-0.02567508505819584,0.015368260247331893,9.810174721737699,9.810220357588157
28.249416472157385,0.016864218689123484,0.060030682165780086,9.80617937729222,9.806377621951162
28.269423141047014,0.026449693815373817,0.04477953536502014,9.84055367869635,9.840691108677007
28.289429809936642,0.030589094720079535,-0.01917738400351158,9.828019571156604,9.828085884637469
28.309436478826274,-0.004827501799644612,0.0011268140225943423,9.787932886620581,9.787934141966433
28.329443147715903,-0.012413331840555514,-0.013044738632237306,9.775585338675636,9.775601923653777
28.34944981660553,-0.018766150807940103,-0.004854682778589954,9.785289006744003,9.78530820576777
28.369456485495164,-0.021676682653814904,-0.02929301007566192,9.808523407494354,9.808591101395491
28.389463154384792,-0.0005169019263275152,-0.013246059875106686,9.772618386744888,9.772627377437148
28.40946982327442,-0.006280291871752188,0.01078556644599716,9.812722591414875,9.812730528582419
28.429476492164053,-0.02475911447466497,0.009993661708266115,9.80612405070629,9.806160399711207
28.44948316105368,-0.03431354261408714,0.0076021099564880035,9.733724429030683,9.733787878908768
28.469489829943313,-0.0032626827677574746,-0.001790244746506767,9.767814744411982,9.76781545337683
28.489496498832942,-0.01302592853831492,0.02582227275710821,9.723427492689476,9.723470505440647
28.50950316772257,-0.03424100919845597,-0.007711290782356143,9.799682908168672,9.799745762588417
28.529509836612203,0.02491713040264222,0.04174657019284848,9.842220409360381,9.842340485166138
28.54951650550183,0.05316278252475746,-0.05542792671052686,9.75328026133716,9.753582643966999
28.569523174391463,0.028877646419526736,0.01970433071927268,9.770331395406199,9.770393940633706
28.589529843281092,-0.021605640350281324,0.014651133367420717,9.805087863981806,9.805122614215856
28.60953651217072,-0.0015068905376980934,-0.020236996717546498,9.778087409134397,9.778108466744877
28.629543181060352,0.04621286855062382,-0.010656930805658308,9.777939816987997,9.778054830283637
28.64954984994998,-0.03521098928332479,0.013943728173271098,9.826247823185195,9.82632080302559
28.66955651883961,0.02347785380055676,0.027478057414462485,9.795153136662814,9.795219814988007
28.68956318772924,-0.043442496244319694,-0.05248389504993319,9.765398253378061,9.765635916662
28.70956985661887,0.05052112882293987,0.01884738202962766,9.747368523298288,9.747517670527875
28.7295765255085,-0.012909435742529694,-0.013729535566726696,9.876252233101912,9.87627021327022
28.74958319439813,0.06687131173571438,0.03375869322895659,9.84384927163688,9.844134289230706
28.76958986328776,0.0518419139592549,-0.055178256414485316,9.79645099961814,9.796743561609805
28.78959653217739,-0.003192915287441636,0.07335896895363621,9.812635740349918,9.812910470692504
28.80960320106702,-0.02158216119331232,-0.02658419799042292,9.79534406813709,9.7954039182901
28.82960986995665,0.005843264156727415,0.04289883560369033,9.825313701923738,9.825409090467558
28.84961653884628,-0.005404768999396913,-0.0020755385919849966,9.784373568968464,9.784375281872475
28.86962320773591,-0.012047008907567781,-0.024560002116003912,9.793704803505696,9.793743007774816
28.88962987662554,-0.04974339763734891,0.007953420161442338,9.823662025205836,9.82379118507575
28.90963654551517,-0.015436607509637608,0.030873763348691054,9.853615773133393,9.85367623187701
28.9296432144048,-0.03331437365268719,-0.04658114402234287,9.832242452839864,9.832409231815811
28.94964988329443,0.016549431192757095,0.02104766547861028,9.847017416327729,9.847053817531238
28.96965655218406,0.029732139497922742,-0.0003653549597126937,9.800627479874665,9.800672585740113
28.989663221073688,0.022220520117707903,0.017311322476990017,9.791309687778693,9.79135020492011
29.00966988996332,0.01027125268882522,0.0003292607201693984,9.751848565827542,9.751853980545295
29.029676558852948,-0.02558721201422705,-0.01715606516263962,9.812165950720239,9.812214310769214
29.049683227742577,0.006162023178057303,-0.03339369754115637,9.821371410940694,9.821430114866589
29.06968989663221,0.023782954309331274,0.020179353361410756,9.800999838128185,9.801049467389014
29.089696565521837,-0.017587067231991903,0.020018159765965046,9.786698960217008,9.786735235489253
29.10970323441147,0.0035695926418501875,0.019868167430724244,9.847302103195295,9.84732279341259
29.129709903301098,-0.004363847678097695,0.012827889583217195,9.8289541283159,9.828963467958149
29.149716572190727,0.049871000088314535,0.028340966155184097,9.849384763515571,9.849551794207953
29.16972324108036,0.025546444057935734,0.04218207839308925,9.781392627149515,9.781516941405176
29.189729909969987,0.01827478835245174,-0.05629253542219554,9.78875297620356,9.788931895082714
29.20973657885962,-0.051500812018963046,-0.07025392331607265,9.846095317297548,9.846480637501331
29.229743247749248,0.005185119803027499,0.051538420796389345,9.808579587607326,9.808716359479087
29.249749916638876,-0.0046504028677371015,-0.04023139543755567,9.792926876649643,9.793010619969357
29.26975658552851,-0.004909713317096185,-0.032587298603688586,9.795014549287115,9.795069987399856
29.289763254418137,-0.04690240418224921,-0.00862842935624773,9.80966758421597,9.80978350414161
29.309769923307766,-0.03263305866892709,-0.04961914736139307,9.840088554475063,9.840267767505827
29.329776592197398,-0.0020405246371734795,-0.011447600919229126,9.805184614437254,9.805191509323244
29.349783261087026,0.033430673345713834,-0.02844316032367995,9.833715984905334,9.833813944501504
29.369789929976655,-0.017715737095182697,-0.007000226090910226,9.824021333305382,9.824039800802183
29.389796598866287,-0.01199816181312802,0.008395239147213053,9.783649828794571,9.783660787680615
29.409803267755915,0.05343275985858623,-0.010306146762886943,9.783626118960386,9.783777456181793
29.429809936645547,-0.008904671675035095,-0.01182141856191441,9.796492002242056,9.79650318170249
29.449816605535176,-0.00386368571560742,0.007739873903749387,9.769894870360133,9.769898700171082
29.469823274424805,-0.003457343461552227,0.03132875393849844,9.794575834326018,9.794626548184997
29.489829943314437,-0.04036515439213531,0.04808893040764997,9.855403002501943,9.855602986760433
29.509836612204065,0.017153943702453447,-0.00655614762006646,9.80905828992518,9.809075480187012
29.529843281093697,-0.019586283557530164,0.054746674557697106,9.787006420017377,9.787179138359534
29.549849949983326,-0.0009021185111921476,0.026301205042837384,9.867472339554615,9.867507432937659
29.569856618872954,0.01333118893253392,-0.03696025361919529,9.782081480408214,9.782160388702042
29.589863287762586,0.05827672767106177,-0.03783624766841025,9.78114351099584,9.781390296952765
29.609869956652215,-0.039533101336387294,-0.017318635518080095,9.846884570454202,9.846979158355445
29.629876625541844,0.025949465551986715,0.043338119500791784,9.82983954178801,9.829969327758016
29.649883294431476,0.026061697685219036,-0.015041019466966097,9.806098234424208,9.80614440172744
29.669889963321104,-0.019146443183378197,-0.05677070473518819,9.834957266999675,9.835139752078382
29.689896632210733,0.017985115441559445,-0.006866526266631319,9.819018000036875,9.819036872250178
29.709903301100365,0.04930308453875675,-0.0594171590268122,9.774414227527835,9.774719161399492
29.729909969989993,-0.02294913627637326,-0.031649569408106155,9.73807245878957,9.738150931811209
29.749916638879625,0.007244093914054646,-0.01761085218877758,9.792979645448781,9.792998159664158
29.769923307769254,0.01214404091819356,0.004490067327740744,9.84254774507695,9.842556261081455
29.789929976658883,0.016025365648606498,0.030724869798206347,9.797145897349601,9.797207181841282
29.809936645548515,0.023078752821480385,0.020824078301152932,9.823802915950477,9.823852095919705
29.829943314438143,0.004989144847565223,-0.03537974395342457,9.815534563453353,9.815599593717947
29.849949983327775,0.01540308559044007,-0.011151367864969572,9.759194991161568,9.75921351767467
29.869956652217404,-0.0273442095037117,0.002291267661076997,9.79780812918881,9.797846553814733
29.889963321107032,0.004920104809186726,-0.007866213733394982,9.820766379913398,9.820770762704276
29.909969989996664,-0.014290237970415426,-0.00807885677604883,9.78638561233487,9.786399380371874
29.929976658886293,-0.036894867154622625,-0.05168229973962815,9.799123855289162,9.79932960067299
29.94998332777592,-0.015274336483107014,-0.03458202453418922,9.821752412762914,9.8218251704757
29.969989996665554,0.008083691765941743,-0.012088195474178196,9.81217889997429,9.812189675890039
29.989996665555182,0.01307391829110579,-0.09279677024835487,9.841407292227743,9.84185346667087
30.01000333444481,-0.038053773627683134,0.019219329600295633,9.821510127394905,9.82160265205421
30.030010003334443,-0.028130301501746124,-0.041180372991332086,9.78132450004794,9.781451636246041
30.05001667222407,0.02173968839079663,0.020605143997954135,9.795673598582114,9.795719393488627
30.070023341113703,0.0152444427784759,0.017967480134127297,9.810608888526788,9.810637185576624
30.090030010003332,0.02661307986139058,-0.01631079129337153,9.850152452295422,9.850201908153652
30.11003667889296,0.0410349128152968,0.03001644977104613,9.79579423109153,9.795926166994764
30.130043347782593,0.01613661328771796,0.022295920347747994,9.758022935928059,9.758061749981428
30.15005001667222,-0.012444228815126164,-0.009268844125039217,9.823217007104736,9.823229262262688
30.170056685561853,0.0034454837424575074,-0.01265278845575095,9.787332052549681,9.787340837596302
30.190063354451482,0.049796913027821466,0.0329169835699307,9.771440960412752,9.771623289054206
30.21007002334111,0.08293346993356161,0.006960415182229925,9.810564090384776,9.810917091656723
30.230076692230742,0.01389289097227078,0.03134091505104427,9.83918602925425,9.839245752782467
30.25008336112037,0.016066624164339197,-0.07166922223058211,9.79278358381017,9.793059018160216
30.27009003001,0.021771251009922492,0.0029545529105838636,9.82489721661548,9.824921782579851
30.29009669889963,0.0007137853745808896,-0.04732227260908119,9.830457409891274,9.830571336125928
30.31010336778926,0.034915617070278716,-0.0007736552246028945,9.83375389481,9.833815910548084
30.33011003667889,0.030241358781985528,0.021414606250376517,9.788031830711443,9.788101973526953
30.35011670556852,0.010631293414464494,0.05217420437247308,9.776367538261999,9.776512538486541
30.37012337445815,-0.009540597180168467,-0.028145001853115578,9.780457406851243,9.780502556175485
30.39013004334778,-0.0456208916213141,-0.01577114415905949,9.833729240163674,9.833847708989113
30.41013671223741,0.02197240642842751,-0.0028659872122661265,9.830021794640125,9.830046769147481
30.43014338112704,0.0063857494567831205,-0.029235933043856712,9.78128548197899,9.781331258962148
30.45015005001667,-0.02213303191962303,0.029356791863677713,9.87397932079031,9.874047767745767
30.4701567189063,-0.033897607949838815,-0.0021028363609687053,9.777709081002385,9.777768065487235
30.49016338779593,0.019842985481497547,0.0036587107012813814,9.839983922541021,9.840004610065108
30.51017005668556,-0.048037089648508946,0.01860519380322476,9.855589963176158,9.855724592209189
30.53017672557519,0.00898923562331415,-0.002151345491262282,9.813292728179801,9.81329708118485
30.55018339446482,0.02530651227506681,-0.024526173845275955,9.786908284692576,9.786971734185768
30.57019006335445,0.016496786592498702,-0.0018906071489540094,9.78756365917655,9.78757774430409
30.590196732244078,-0.011722193230753209,-0.025685440785401675,9.802137293989114,9.802177956040929
30.61020340113371,-0.037481234534247426,0.0032394266734945875,9.842426123342042,9.842498022873727
30.630210070023338,0.0176105771938557,0.0299081316240539,9.774003725619005,9.774065349545221
30.650216738912967,0.03601569275860261,-0.03524934876816995,9.754837019027617,9.754967191872307
30.6702234078026,-0.017182000642291223,-0.04597113004326277,9.820861649717079,9.820984273932384
30.690230076692227,0.015207246008785777,0.0014774980775902227,9.827448382537773,9.827460259638602
30.71023674558186,0.04744545356195427,-0.02303398850231718,9.869039083403978,9.869180009780207
30.730243414471488,0.0101654128932483,0.0009523582323590682,9.768530430741999,9.768535766374505
30.750250083361117,-0.011906404346333627,0.009612105618291022,9.805955801641133,9.805967741063514
30.77025675225075,0.03122560620189474,-0.06431058686785618,9.844855122963615,9.845114691165811
30.790263421140377,-0.022126829224734367,0.02069548282975626,9.813625865028083,9.81367263150393
30.81027009003001,-0.03894576045159069,-0.035090055088657465,9.804136824328154,9.804276972544718
30.830276758919638,0.024369635734379384,-0.0006704385169406975,9.833697164907887,9.833727383843373
30.850283427809266,-0.012184867904506898,-0.019781470063152905,9.792018331073802,9.792045893154764
30.8702900966989,-0.009495630420110535,-0.01655871044352883,9.835542325258626,9.83556084775253
30.890296765588527,-0.018808219066532142,0.050818738188539644,9.772393104234292,9.772543337173873
30.910303434478156,-0.014184521866622514,0.009578025623869831,9.764417048901514,9.764432049234301
30.930310103367788,0.04209100282580597,0.027140652088607727,9.80179235943263,9.801920308028757
30.950316772257416,0.04987496297351001,0.004528240626082287,9.733101306393104,9.733230145096021
30.970323441147045,0.05384935908433827,0.018600407239648616,9.812540989101388,9.812706374462557
30.990330110036677,0.03270361863532537,0.012521350864303556,9.75802315971886,9.758085995547946
31.010336778926305,0.01398813779319713,0.007633684340604773,9.818472615616992,9.818485547412916
31.030343447815937,-0.042968567757993396,0.033214677274940395,9.815563783143508,9.815714028717428
31.050350116705566,-0.005625741087010492,0.004695163615328103,9.807961128415055,9.807963865656564
31.070356785595195,0.06470263465871062,0.06855445716653115,9.823092260026144,9.823544558534598
31.090363454484827,-0.013068647362579625,0.028815947184373133,9.816125924058424,9.816176919011182
31.110370123374455,0.045424334243168246,-0.034186220932190696,9.801209981900062,9.801374861576333
31.130376792264087,0.0016510745709163485,-0.00529649126948947,9.864930209414315,9.864931769428624
31.150383461153716,-0.08034427157559439,0.011912327984720049,9.821799320806575,9.822135155032715
31.170390130043344,0.019214566910068884,0.0013349050713611075,9.833157242619327,9.833176106407839
31.190396798932976,0.03798764088534934,0.020606202569165035,9.842192392319179,9.842287272980295
31.210403467822605,-0.0014698790592163322,0.023910501145016205,9.830044481371264,9.8300736710539
31.230410136712234,0.03699153013456241,-0.04078760957396894,9.871884987567745,9.872038553924
31.250416805601866,-0.050034825432512614,0.038432326341494835,9.814980206544636,9.815182982620705
31.270423474491494,-0.041566927916981085,-0.01490452396458133,9.809791159624918,9.809890547288806
31.290430143381123,0.006145929242570626,-0.017877135175942714,9.790512837365801,9.790531087894717
31.310436812270755,0.01431344183452595,-0.01797367178116621,9.802311781903201,9.802338710590078
31.330443481160383,0.04069736605776836,0.02425729217971749,9.788063262928466,9.78817792701572
31.350450150050015,0.01916773400245682,-0.00801203094443358,9.830316357390046,9.830338309592246
31.370456818939644,-0.03580887268095129,-0.01990654933013122,9.782630512580441,9.782716304367554
31.390463487829273,0.0063913686622315774,-0.012718774723306117,9.812213765096944,9.812224089816834
31.410470156718905,0.018021823358644475,-0.053840749767476305,9.826786408029072,9.82695042836167
31.430476825608533,-0.05622701996091387,-0.025264912918544605,9.814509716597858,9.81470329509722
31.450483494498165,-0.001309004092140458,-0.037187506459592984,9.783122553732902,9.783193319437462
31.470490163387794,-0.010067476318146746,-0.008075079914876736,9.83096834742018,9.830976818657062
31.490496832277422,-0.019640792212372353,0.01992579810820777,9.807439808743922,9.80747971704678
31.510503501167054,0.014963311552580169,0.016616277027996812,9.723818633506607,9.723844343606348
31.530510170056683,-0.03449044579673771,0.03770251492639749,9.780499449282498,9.780632931865824
31.55051683894631,0.012506385360109484,0.031019274518898618,9.852033967092083,9.852090737188865
31.570523507835944,0.016784733876266836,-0.015857901447551313,9.854529655245441,9.85455670877394
31.590530176725572,0.032512899307829204,0.0005721420226113955,9.825783336301956,9.825837144382003
31.6105368456152,-0.03370257788377814,-0.0009766828266425576,9.833522069308751,9.833579872317488
31.630543514504833,-0.045157026550636414,-0.06453158048165661,9.786651180562265,9.786968111316554
31.65055018339446,0.008367108220170356,-0.03651778610729233,9.802195667437829,9.802267261197233
31.670556852284093,-0.008588137016031052,-0.005018600314533371,9.84706099801379,9.84706602197075
31.690563521173722,0.08707950787481163,-0.005186893054224252,9.822777457276862,9.82316480161754
31.71057019006335,0.013754954287287959,0.015369751626155007,9.811948451516612,9.811970130572746
31.730576858952983,0.0017448513511254453,0.01390924888607544,9.80439574371321,9.804405765320636
31.75058352784261,-0.005184838670292464,-0.05312077506299206,9.845234160037041,9.845378832998534
31.770590196732243,-0.03654185536318347,0.015557902033725902,9.843660964606505,9.843741084650029
31.790596865621872,0.016916446588637918,0.005357616193612911,9.829490152523062,9.829506169119806
31.8106035345115,-0.0023743507881239375,0.018701195449338872,9.811988251982477,9.812006361050477
31.830610203401132,-0.002349410502883048,0.03200596762924768,9.799297305426997,9.799349855058875
31.85061687229076,0.0028332997649596616,-0.004286489183639152,9.830790411590542,9.830791754390772
31.87062354118039,0.006636375897517366,0.03736764710940239,9.776942704650766,9.777016366589523
31.89063021007002,-0.052177669377525646,-0.026682013616791397,9.783162904572404,9.783338431048671
31.91063687895965,0.025110690191127952,-0.028372143611166554,9.766467259176453,9.766540751456505
31.93064354784928,-0.025393331244477676,0.012863165704066233,9.847056893339794,9.847098036628577
31.95065021673891,-0.004140965924058821,-0.011063026359155393,9.78838000127612,9.788387129018412
31.97065688562854,0.03857714761995867,0.007848976938569084,9.822120233602549,9.8221991267792
31.99066355451817,0.05338345776810341,0.05978946359533474,9.806233274378714,9.80656084491666
32.0106702234078,-0.051014833158791746,0.01180485220511927,9.896926169703658,9.897064689912
32.03067689229743,0.0009073448302394665,0.006365086165923587,9.823257163621076,9.823259267688567
32.05068356118706,0.008187395554981085,-0.02607661135955542,9.75413577722264,9.754174069781648
32.07069023007669,-0.045225900785743386,-0.05099939419873039,9.845263072697898,9.845499037171217
32.09069689896632,0.024077740932544948,-0.002176398458205319,9.79838547109183,9.798415296078348
32.11070356785595,0.003487880322425186,0.03200610739824589,9.803972165941529,9.804025029893394
32.13071023674558,0.005824787870849896,-0.009688140211820219,9.789824632109699,9.789831158690955
32.15071690563521,-0.027526587550258046,0.01204387497616107,9.815868375559154,9.815914360580418
32.17072357452484,0.012386599301440452,0.04279491818155747,9.815475394130246,9.815576500931606
32.19073024341447,0.02514671869169812,0.0420454893969108,9.790635684670542,9.790758259225063
32.2107369123041,0.00381893651177801,0.012864476628053474,9.794755664385407,9.794764857006268
32.23074358119373,-0.015418077028891605,0.005103194359720286,9.81303858399265,9.813052023230103
32.25075025008336,-0.01308207954139093,-0.04555899147009227,9.7397180554047,9.739833394944966
32.270756918972985,0.006611871213778967,-0.018905839325308215,9.76675507588489,9.766775612244032
32.29076358786262,0.0014639213514188818,-0.008422674240542192,9.86009976288294,9.860103468955653
32.31077025675225,0.02714466357358185,-0.025569948343024562,9.819834628329607,9.819905436548769
32.33077692564188,-0.014407748625724977,0.007453597888582929,9.794252730397778,9.794266163743268
32.35078359453151,-0.03655141808222475,0.05734944550458303,9.759117515053896,9.759354468288116
32.370790263421135,0.010781582319615093,0.04553284777984849,9.808310515051605,9.808422128070148
32.39079693231077,-0.0143258955899611,0.007316395854936213,9.839555762753434,9.839568911759654
32.4108036012004,0.023510458471091004,0.023383022160744855,9.889176183139499,9.889231774438114
32.43081027009003,0.00022615891372802023,-0.02185812946068357,9.866761692749872,9.866785906792936
32.450816938979656,0.01964439613094467,0.043922680520064046,9.783391859396145,9.78351017675467
32.470823607869285,-0.030429511401923633,-0.046858997878355416,9.795126014058471,9.795285363486421
32.49083027675891,0.004301587896894632,0.02738484483258487,9.7658550230929,9.765894365876264
32.51083694564855,-0.020977896221517488,0.01486769130599324,9.784750348001282,9.784784131143919
32.53084361453818,-0.0366112095922866,-0.02267578160263273,9.803614705106257,9.803709290769222
32.550850283427806,-0.02583323634213046,-0.006263602702138132,9.798985890101216,9.799021944215731
32.570856952317435,-0.01633431275327577,-0.034027581094681784,9.871637019197383,9.871709179510733
32.59086362120706,0.03734083581071555,-0.03274920143406696,9.770539291725713,9.770665530012252
32.6108702900967,-0.017128211984779783,-0.0477316200187179,9.808647166524363,9.808778258303214
32.63087695898633,-0.03814620750834669,0.023025417066021344,9.748096207131102,9.74819803689185
32.650883627875956,0.003944322674900065,0.03616034908280043,9.819926723414632,9.81999409275586
32.670890296765585,0.0008754198203302403,-0.06485423591440279,9.769748839779721,9.769964136610385
32.69089696565521,-0.01476159036030594,0.05514916548454518,9.843078789251484,9.843244352672347
32.71090363454485,-0.004836703975383797,-0.00036024709910519276,9.801269223209541,9.80127042323177
32.73091030343448,0.029286812579897122,0.008695596146305141,9.767940471951514,9.767988247043082
32.750916972324106,0.020121172961975298,-0.044172385067552285,9.746918947393262,9.747039808488406
32.770923641213734,0.01752690620621193,0.03962477250494595,9.78064087534171,9.78073684583336
32.79093031010336,-0.03551036353560691,0.006007502795005023,9.817181426722286,9.817247488027856
32.810936978993,0.08659644185145969,0.03416478719313897,9.822645409414694,9.823086532018378
32.83094364788263,0.031537566308226656,0.0366257496194323,9.795046860564803,9.795166107028722
32.850950316772256,0.015510856895726153,0.0400462326816381,9.837773911302989,9.837867645854326
32.870956985661884,-0.03492935323191629,-0.019448423275566083,9.775927713213148,9.776009459634027
32.89096365455151,0.028431903382023224,-0.0062388602367961345,9.722188204724743,9.722231780028487
32.91097032344114,-0.015033855308979844,-0.01835106224188544,9.818476609522275,9.81850526862551
32.93097699233078,-0.005828124139078966,0.026852893882238493,9.848702874380502,9.848741206508148
32.950983661220405,-0.05042337828177849,0.009986676880912222,9.848980010209733,9.84911414759233
32.970990330110034,-0.03724449257821528,0.03207434592039714,9.77100572278154,9.771129348776592
32.99099699899966,0.013156394964814048,0.033382164091716966,9.793659204380354,9.79372493340261
33.01100366788929,0.030187040258114695,-0.051817784728167234,9.831714600472216,9.831897493635307
33.03101033677893,0.020547132593851054,0.04052310391661617,9.791186816761238,9.791292232761105
33.051017005668555,0.01952456990228846,0.028525828732971516,9.813161545818256,9.813222429765919
33.071023674558184,-0.0019429937087912018,-0.011076746495564924,9.788506803125692,9.788513263227232
33.09103034344781,-0.012201210460986362,0.010493782995888866,9.77731833727616,9.777331581646136
33.11103701233744,0.008666854306961805,-0.0037100871474811206,9.783108790457797,9.783113332934606
33.13104368122707,0.02464224969300821,0.018481670358935276,9.838671755788537,9.838719974201943
33.151050350116705,0.00014586764800774012,-0.01114189142114629,9.810413482938927,9.81041981106067
33.171057019006334,0.036307560597402144,0.014367817235073228,9.848156449152167,9.848233857911076
33.19106368789596,-0.00645207791448023,0.00201915913978056,9.825612620848633,9.825614946724352
33.21107035678559,-0.029408368058881532,-0.012965817104859157,9.85819395694443,9.858246347969843
33.23107702567522,-0.00031086726123002415,0.005704087347061764,9.834542045788762,9.834543704902527
33.251083694564855,0.003179168347787052,0.08119408720466273,9.8327802249074,9.833115962818624
33.27109036345448,-0.0024609020182922835,-0.020566098894770454,9.80638536304093,9.806407237562892
33.29109703234411,0.03841966682646784,-0.007498307737847076,9.9002761972949,9.900353583490944
33.31110370123374,0.024159059421721165,-0.02004337198899092,9.813380946596837,9.813431153268597
33.33111037012337,-0.04292822965865129,-0.016896491565827513,9.750797298926225,9.75090643422835
33.351117039013005,0.04603101042594858,0.02447323060156074,9.81804100618842,9.818179413319672
33.37112370790263,-0.08224251182487517,0.021476473789082035,9.780531232702877,9.78090058550613
33.39113037679226,0.06453073118557492,-0.00017590509963929263,9.840510645648049,9.840722230269613
33.41113704568189,-0.008619165406706292,0.030788897558073357,9.831774502745429,9.831826489470828
33.43114371457152,-0.005687032099545007,0.023803298864829302,9.80425459050202,9.804285135324802
33.451150383461155,-0.001800487169209201,-0.004870025580786425,9.783363209596706,9.78336458738984
33.47115705235078,0.011556162985205412,-0.04601594225382618,9.814392771801625,9.814507450251206
33.49116372124041,-7.896038005291653e-06,0.024893490238470078,9.790762985764289,9.79079463217009
33.51117039013004,-0.004001855665118017,0.005089938630059247,9.833634119783516,9.833636251361678
33.53117705901967,0.03926754928068556,0.0006667039110177602,9.826680471427743,9.826758950562487
33.5511837279093,0.01696788239252549,-0.013981440600291464,9.898078997774803,9.898103416104764
33.57119039679893,-0.028764115631122838,0.022339468473489478,9.796646563840472,9.796714261578066
33.59119706568856,0.022220217430071736,0.010454887572855027,9.800897231145461,9.800927995767113
33.61120373457819,0.015723210095500175,-0.007104841284068902,9.805356729781897,9.805371910151319
33.63121040346782,-0.016358211767436567,-0.036763636416567345,9.806670433971869,9.806752987436402
33.65121707235745,0.02376415279086484,0.03203787305640229,9.840812368138845,9.840893212772016
33.67122374124708,-0.004727178036691193,0.01814715669467631,9.801709630648137,9.801727569619997
33.69123041013671,-0.006650204163753019,0.0076620869983678695,9.869171451484306,9.869176666347878
33.71123707902634,-0.0074673935229880315,-0.07970321985341992,9.827468253291771,9.82779429143074
33.73124374791597,-0.07284354170857198,-0.0011368277134817964,9.79542791856036,9.79569883069389
33.7512504168056,-0.015800979988038043,-0.007236111104269902,9.78776262945058,9.787778058514702
33.771257085695225,0.021395197263768033,-0.01855487055163022,9.841226165802254,9.841266914587678
33.79126375458486,-0.0006723372871128897,0.022627058356928527,9.810855604556604,9.810881720277084
33.81127042347449,-0.03855559289567249,0.02144580102501832,9.810271801612704,9.810371006116053
33.83127709236412,0.02893893765576112,0.013104741515771635,9.792045593207277,9.792097124508768
33.85128376125375,-0.008958004786301868,0.031136727443032277,9.808156629572386,9.808210143133678
33.871290430143375,-0.03664726471984569,-0.030668955421015276,9.790831354475918,9.790947973440916
33.89129709903301,0.06618037385013045,-0.0136096217030792,9.85085134368678,9.851083050056044
33.91130376792264,-0.03159517783463267,0.002243767895574174,9.831511804567663,9.831562828620386
33.93131043681227,0.026384745338571304,-0.018660060576837455,9.804756934820977,9.804810192123423
33.9513171057019,-0.023079423025638136,0.021815076651106262,9.804315957508418,9.804367391728581
33.971323774591525,0.004074805037214653,-0.015666025443950855,9.812765225047176,9.812778576442275
33.99133044348116,-0.02706542890104527,0.03895110013340263,9.809833792833837,9.809948459021989
34.01133711237079,-0.03717912543820976,-0.027934782052505693,9.781291914620725,9.78140246378
34.03134378126042,0.015666076340142276,0.06395950948501851,9.75297677614845,9.753199077271645
34.051350450150046,0.012158716354032017,0.060878920668072684,9.78606898000677,9.786265894549148
34.071357119039675,0.03433948332657193,-0.0028425943894603385,9.80614447528005,9.80620501267047
34.09136378792931,-0.001031457908875891,0.03438511352777245,9.787865004068475,9.787925456285723
34.11137045681894,0.06661055382379474,-0.01201284181525821,9.834580140911868,9.834813054769636
34.13137712570857,0.00805040002311107,0.030398594946940347,9.803125405922978,9.80317584294844
34.151383794598196,0.01700324043711637,-0.0052793499437031235,9.86620720725086,9.86622327124873
34.171390463487825,-0.04075287735321685,-0.03856319695525452,9.793155172253126,9.793315891208662
34.19139713237745,-0.01842252945367592,-0.10598454563036697,9.814221503961047,9.814811044656713
34.21140380126709,0.015590391015479316,-0.008061403382118311,9.801334147314908,9.801349861821981
34.23141047015672,-0.0025268328724074884,0.008371875260558779,9.823193341732045,9.82319723421191
34.251417139046346,0.005630494051039077,0.0399094927810865,9.841972533869912,9.842055061191592
34.271423807935975,-0.024494812671425805,0.0010987509645417142,9.828248428767813,9.828279014185467
34.2914304768256,0.0036584092041486434,0.030087304041527665,9.749076111916018,9.749123225488225
34.31143714571524,0.0035563767477520807,-0.013618246416645805,9.824995848314186,9.825005929964727
34.33144381460487,-0.035413050596557166,-0.010118369085943355,9.77967365573157,9.779743006754094
34.351450483494496,0.01927649534041772,0.03162107047585756,9.800706924647512,9.800776892583789
34.371457152384124,-0.05100194840753906,-0.07394023454007816,9.83067987560512,9.8310902332169
34.39146382127375,0.005527142417930513,0.0003895148670874751,9.776407172747549,9.776408742906305
34.41147049016338,0.05296778081476501,-0.011998840486675948,9.844678440224552,9.844828243773458
34.43147715905302,0.020416516134572463,0.040818336145568526,9.799398423013464,9.799504702976346
34.451483827942646,0.020228977381113122,-0.0158473888493946,9.875128121187544,9.875161556203942
34.471490496832274,-0.026922800248460544,0.015497549087102831,9.812060334773813,9.812109509399216
34.4914971657219,0.053071861594585816,0.027645509080040823,9.861160282279554,9.861341846294204
34.51150383461153,0.04130154283806865,-0.044777879823912306,9.845930376736005,9.846118822129618
34.53151050350117,-0.025307700686867014,-0.004181109248217035,9.791666847538366,9.791700445508457
34.551517172390795,-0.014242897254446309,-0.012949093022578137,9.770949278170995,9.770968239418375
34.571523841280424,0.03763968134780064,0.02838879740488783,9.813408820837127,9.813522066735977
34.59153051017005,0.05388442134950273,0.02025245522436581,9.792520706444336,9.792689900070759
34.61153717905968,-0.037940581052708644,-0.006996060901775463,9.857391563402611,9.857467061410844
34.63154384794932,-0.030111323091737297,-0.03142224151248155,9.802594224849821,9.80269083395468
34.651550516838945,-0.004313602692665082,0.0311444008806027,9.800987881244437,9.801038313830567
34.671557185728574,-0.06513282088327545,-0.002029583297963447,9.76812304617789,9.76834040402136
34.6915638546182,0.000571354806282697,-0.04855129697002387,9.822576510392393,9.822696516608675
34.71157052350783,0.035572305420899536,-0.045971411969097715,9.774773331541596,9.774946160600997
34.73157719239747,-0.04315911048707248,0.013129002902189291,9.823273107386422,9.823376691435412
34.751583861287095,0.0038132089492526173,-0.038274185782965556,9.82740275179494,9.827478023371338
34.771590530176724,-0.017453121149859394,0.055789424808108404,9.787509746640769,9.787684307942627
34.79159719906635,0.04919837846261753,-0.028112108530779917,9.838697397930531,9.838860567115198
34.81160386795598,-0.017093755863991533,-1.0821760718284845e-05,9.801753736821263,9.801768642132718
34.83161053684561,0.045569792632457494,0.004773358984809163,9.765862689122875,9.765970174732198
34.851617205735245,-0.017923652124336817,-0.02188133217710537,9.856358620209411,9.856399205601388
34.87162387462487,0.023135274160023894,-0.06719481091733906,9.78229588277777,9.78255401833977
34.8916305435145,0.00755836855088097,0.005726852928486823,9.825212116237996,9.825216692513683
34.91163721240413,-0.0041481799954290475,-0.022597199703067745,9.822773834221417,9.822800702401357
34.93164388129376,-0.023715857071619266,0.003496152828493294,9.821675540217731,9.821704795109273
34.951650550183395,0.009692862639536793,-0.003669931567161268,9.821155857477905,9.82116132628196
34.97165721907302,-0.013216057874547358,0.007898737442154101,9.7808943709032,9.780906489124861
34.99166388796265,-0.02069298674424414,0.04685610361968179,9.860740488045082,9.860873524527042
35.01167055685228,0.04418168224127161,-0.016385490381813674,9.83868747450602,9.83880031946692
35.03167722574191,0.016425906824796815,-0.014065339630274879,9.824251701937513,9.824275502408106
35.05168389463154,0.019309168557216084,-0.0499739190826167,9.770010712934532,9.77015760197523
35.07169056352117,-0.011747955558367879,-0.0058555185329788395,9.780648963730338,9.780657772014948
35.0916972324108,-0.00557935041249914,0.012296099678248988,9.829723698800676,9.82973297287276
35.11170390130043,-0.007457300020533351,-0.014504846327130807,9.749889476649097,9.74990311791678
35.13171057019006,0.010117167375029318,0.012492915012164733,9.820161115798212,9.820174273923879
35.15171723907969,0.01925410355527517,-0.005325255764675732,9.770064696078432,9.770085119609288
35.17172390796932,-0.0009075411093471512,-0.03906798713906969,9.783959046674712,9.784037088965777
35.19173057685895,-0.02377934982541923,0.009359552135493138,9.767667971769972,9.767701401324429
35.21173724574858,0.02281711371079646,-0.0061749640069505155,9.81738319247347,9.817411649651813
35.23174391463821,0.0010021160462500875,0.0036827346422807408,9.84349084355503,9.843491583473963
35.25175058352784,-0.04322509136312942,-0.017008496496312493,9.820440525714382,9.820550382568678
35.27175725241747,-0.06405884250239065,-0.019662075689726846,9.823734991467667,9.823963523706174
35.2917639213071,0.008936915263814205,0.004722324226588955,9.815038766884648,9.815043971590196
35.31177059019673,-0.024884213966331115,-0.006917997361264043,9.83048080532612,9.83051473457405
35.33177725908636,0.012931863881893583,0.05172834747507796,9.8240125684275,9.824157266639082
35.35178392797599,-0.02326854926591803,0.023961915364834937,9.728547054180085,9.728604390361903
35.37179059686562,0.003995573174850217,0.016350127784030645,9.83718920212985,9.837203601114682
35.39179726575525,-0.011352045838862746,-0.005324424045042434,9.834034558858827,9.834042552443316
35.41180393464488,0.052557624308199144,-0.06078070345429527,9.799130615080248,9.799460057022953
35.43181060353451,0.02850946973455933,-0.024227847828530366,9.75077379816802,9.750845575718802
35.45181727242414,0.0404189070056349,-0.019418803577529543,9.817274220769033,9.817376630431989
35.471823941313765,0.0007214330735719766,-0.00824953158869742,9.819799824124095,9.819803315805501
35.4918306102034,0.024670828173446433,-0.001000784981698611,9.796785495523174,9.796816610339636
35.51183727909303,0.002749502328034252,0.01968224896456486,9.8156009917304,9.815621110227625
35.53184394798266,0.04408774102301179,0.008194366832101953,9.842155207739111,9.842257363520952
35.55185061687229,-0.002176861957688207,0.034776095744097145,9.881925651548855,9.881987082480043
35.571857285761915,-0.04192468021082381,-0.009357059205577486,9.814407110187476,9.814501116096846
35.59186395465155,-0.05995864575761816,0.00771488832510485,9.820017410440597,9.820203485674796
35.61187062354118,0.050049333586935446,0.010315326833364027,9.78528633374444,9.785419764891328
35.63187729243081,0.01435513422452578,0.007371788530757671,9.794958238620703,9.794971531835522
35.651883961320436,0.016327705501252253,0.03845670743820427,9.805918721088856,9.806007723682194
35.671890630210065,0.044689435268747454,0.024113229682415777,9.845331541061718,9.84546249532723
35.69189729909969,-0.04955204831177866,-0.03958209658504267,9.834568732680843,9.834773220856983
35.71190396798933,-0.010758036456954235,-0.003429932971780197,9.86788060032024,9.86788706066122
35.73191063687896,-0.007082094888451006,-0.00041921046689385305,9.765293214730194,9.765295791805848
35.751917305768586,0.022268256996210444,0.06454623191085017,9.770287950880531,9.770526533122196
35.771923974658215,-0.020779206753026483,-0.009893735437364097,9.843062488057079,9.843089393337369
35.79193064354784,-0.0360412123054437,-0.029474517100085456,9.853465811289436,9.85357580832423
35.81193731243748,-0.036310459529913214,0.013149762884299313,9.81099384365013,9.811069848180468
35.83194398132711,0.034482542288160604,0.014909571588713373,9.676031884094135,9.676104813562837
35.851950650216736,-0.02227596281409352,-0.0022131859118907624,9.787694125143037,9.787719724433813
35.871957319106365,-0.016560524529654345,-0.006607830089126699,9.820064809564482,9.820080996531438
35.89196398799599,0.01903494452183714,0.028467118681862556,9.783017610402668,9.783077546018314
35.91197065688563,-0.020968362247046995,-0.025607944627794612,9.815553784708133,9.815609585733407
35.93197732577526,-0.05114845268266925,-0.010228600286056082,9.86695666346616,9.867094536244949
35.951983994664886,-0.04745103521174697,-0.015664495863401625,9.85278398458785,9.852910698069081
35.971990663554514,-0.0017042219014637469,0.03281683792861764,9.834266767361104,9.834321669583874
35.99199733244414,0.014919852910956644,0.00856482609859031,9.808066521634856,9.80808160911559
36.01200400133378,-0.006067357315512602,-0.03194982291963811,9.795159958262989,9.79521394416518
36.03201067022341,0.01291328111427207,-0.028935191797883064,9.832732539458325,9.832783593198627
36.052017339113036,-0.04838512578022907,0.05620245370836453,9.810761839575008,9.811042131652519
36.072024008002664,-0.04635910622904325,0.0324965324432112,9.811791133181172,9.811954465473423
36.09203067689229,0.06761807748882723,0.02524650844570438,9.763463531613569,9.763730318056727
36.11203734578192,0.0369835281641004,0.000367408229200274,9.788564088533224,9.78863396147116
36.13204401467156,0.02306915675695553,0.04525419720361227,9.832555814019505,9.832687016485718
36.152050683561185,-0.01979174012203317,-0.03310214357934776,9.776967994777543,9.777044064326958
36.172057352450814,-0.00714018572191352,0.022589025366134715,9.817971212958074,9.817999795518055
36.19206402134044,-5.0319514008004756e-05,-0.0132982051957669,9.822375107845925,9.82238410998189
36.21207069023007,0.03943038341149571,-0.00746679958965689,9.824126634472622,9.824208601123372
36.23207735911971,0.01208348299335275,0.02177367794497161,9.826807926490732,9.826839478069925
36.252084028009335,0.01577741403863404,-0.004306725260445228,9.828831781594202,9.828845388220962
36.272090696898964,-0.005029648053524995,-0.013040995783837737,9.791286207238725,9.791296183702844
36.29209736578859,0.02377995200520254,-0.014854729442637762,9.765970363090165,9.76601061241793
36.31210403467822,0.009069682422938196,-0.05959037236533373,9.7837939376285,9.783979613919588
36.33211070356785,0.0013206819823704087,0.022896108578269684,9.831897635907147,9.831924384317928
36.352117372457485,-0.022292525165588134,-0.0301989021839638,9.77397460218613,9.7740466775308
36.372124041347114,-0.0034071522630489707,0.05575228216977834,9.778781679603465,9.778941203576288
36.39213071023674,-0.03238598111339867,-0.008628376494449783,9.77861567997727,9.778673116397282
36.41213737912637,-0.0012041701796086403,0.03928319392337872,9.754620766357702,9.754699939762757
36.432144048016,0.0026673407389469807,-0.05427093098048042,9.775589869016047,9.775740879128563
36.452150716905635,-0.07213555153818942,0.021944490635957964,9.840011907399711,9.840300779764462
36.47215738579526,-0.006910186173015109,0.02965667197535435,9.788497060418534,9.788544425535793
36.49216405468489,-0.035276406138137775,0.03910690903093301,9.75753185530337,9.757673989349305
36.51217072357452,0.014959179765500836,-0.0458411631835984,9.794650684352563,9.794769380531092
36.53217739246415,0.019114792306529845,-0.02108155911260787,9.825316416476811,9.825357626636714
36.552184061353785,-0.012790194529959525,0.017295298582682406,9.75507681705349,9.755100533723045
36.57219073024341,0.016470662613657473,0.004453259365323285,9.83859930929298,9.838614103778347
36.59219739913304,0.01773200809005183,0.008800789276915041,9.766770575539228,9.766790637318978
36.61220406802267,-0.006891475182353043,-0.010808598174279965,9.7981354908304,9.798143876005035
36.6322107369123,0.04602860925910973,0.04652395845167073,9.797752046700133,9.797970620500807
36.652217405801935,-0.021752248110195046,0.0782539634483944,9.793156796797335,9.793493599821826
36.67222407469156,0.04414097109759499,0.0031193977202726743,9.808055949045555,9.80815577239572
36.69223074358119,-0.006755982875496165,0.013602637365157553,9.833356810619302,9.833368539824027
36.71223741247082,-0.02529979059677902,0.001687312368684525,9.808775952560904,9.808808725526477
36.73224408136045,-0.01054645427413147,0.038521601971423104,9.791829790197202,9.79191124253634
36.75225075025008,-0.0329816768318797,0.024873488527704338,9.823720460542827,9.823807315309374
36.77225741913971,0.02353673602167608,-0.03199141711910531,9.816217911858676,9.816298259619405
36.79226408802934,-0.04808306934225829,-0.018381060314839354,9.789914893202196,9.790050227709655
36.81227075691897,0.04168825661306478,-0.030278903790176608,9.81126904266253,9.811404331198583
36.8322774258086,-0.02807601605239381,0.08084466996586531,9.787429724903772,9.787803877442027
36.85228409469823,0.025099601155378633,0.019059353507462067,9.784027838148091,9.78407859670961
36.87229076358786,0.0007267758318140385,-0.01787058678329347,9.834174036424498,9.834190300414203
36.89229743247749,0.008124458491487884,-0.0202665612187452,9.823408764197076,9.82343302969147
36.91230410136712,-0.017701301138320913,0.024156938189007313,9.833111389057096,9.833156994746348
36.93231077025675,0.01058424000999397,0.02714760448977401,9.829053855034546,9.82909704417123
36.95231743914638,0.004049228656525923,0.023943231392532308,9.783383422228379,9.783413558718413
36.972324108036005,-0.04373733204507983,-0.012766720759491588,9.840038457902004,9.840143941851858
36.99233077692564,-0.02887500008799774,0.009175309332425326,9.801071786691542,9.801118615740368
37.01233744581527,-0.016227363330294193,0.0033274529290015257,9.837876534698017,9.837890480749698
37.0323441147049,-0.022649895543793486,-0.028087811173152805,9.806246501700862,9.806312884821953
37.05235078359453,0.03758432836150954,-0.027794815286280652,9.81939489263638,9.819506158205137
37.072357452484155,0.00021042551542498146,0.012358951336294057,9.820296837868412,9.82030461705773
37.09236412137379,-0.023360140429196454,0.0058935324313097535,9.834396011558532,9.834425521709122
37.11237079026342,-0.014723094720091185,0.016600551325266343,9.760963616369734,9.760988836583934
37.13237745915305,-0.015133892506412,0.023730691160811543,9.762708068618718,9.7627486402897
37.15238412804268,-0.008641484160151975,0.044981478674925864,9.830151325953066,9.83025803831258
37.172390796932305,-0.03225988214158799,-0.0232771315834814,9.820690873949802,9.820771444572543
37.19239746582194,-0.02441793331791957,0.018907085961761463,9.786730690554341,9.786779415252258
37.21240413471157,0.022998207334926316,0.022475964495860555,9.820929267270502,9.820981914210561
37.2324108036012,0.005560293101007406,-0.009363912375763336,9.767761193696883,9.767767264672367
37.252417472490826,-0.0045701263962060115,0.0036558955070780563,9.907928685326072,9.907930413821772
37.272424141380455,7.86845194529931e-05,-0.008596756700882212,9.849347141604838,9.849350893650628
37.29243081027009,-0.001366822697262317,0.06325771150071524,9.828669080322237,9.828872737844915
37.31243747915972,-0.006273933141949319,0.003145580713233185,9.812268911120325,9.812271421085617
37.33244414804935,0.015513145161224366,0.013545153261341807,9.791438158655842,9.791459816780712
37.352450816938976,0.013294799575437777,-0.00791952890751634,9.770694412819624,9.77070666734697
37.372457485828605,-0.04715288919681646,-0.014389036987523696,9.806585321175318,9.806709239129924
37.39246415471823,-0.0039468655772772875,-0.03906007985105031,9.784207180929148,9.784285943641025
37.41247082360787,-0.04517458198022295,0.03299605874175998,9.785956744540403,9.786116639850833
37.4324774924975,0.019067316103671194,0.023053124921898024,9.767497300806765,9.767543116381903
37.452484161387126,0.023029996705508506,-0.009032893333193548,9.817489891557933,9.817521059042981
37.472490830276755,-0.018323366929250882,-0.027011097091918276,9.798690194825314,9.79874455628411
37.49249749916638,-0.0035027686600414753,0.0053972557926042965,9.826052147244777,9.826054253876887
37.51250416805602,-0.06334320891366738,-0.014930904188909078,9.823712963809644,9.823928526273846
37.53251083694565,0.029183694422760795,-0.006661277058963643,9.816883938902391,9.816929577546736
37.552517505835276,0.02129021220754206,-0.037906798338086516,9.889783207741626,9.889878770471574
37.572524174724904,0.03450255785212578,0.006512087419440899,9.834711165406967,9.834773842888374
37.59253084361453,0.04459632421011299,0.007110096059662483,9.772183019680504,9.772287365593124
37.61253751250416,-0.03672327878930325,0.03284168652719053,9.823762093437644,9.82388562861159
37.6325441813938,0.026641326049153247,-0.004522247058978198,9.808379437710945,9.808416661474114
37.652550850283426,0.04437913333255379,-0.010006874316115088,9.769754082875206,9.769860003340154
37.672557519173054,-0.04483733613087708,-0.04670282598351676,9.7673510135977,9.767565580199305
37.69256418806268,-0.005136336355371407,0.03302882845087888,9.823596087518387,9.823652954790624
37.71257085695231,-0.010902059496882728,0.026784693496708777,9.830926426046357,9.830968958807855
37.73257752584195,0.025663855925744942,0.0008621532422040555,9.778612284020264,9.778645999216927
37.752584194731575,-0.07181823199032239,-0.03987693163591117,9.839105011595839,9.839447924417978
37.772590863621204,0.05447873088696583,-0.03643581093264425,9.81854743190446,9.818766173659245
37.79259753251083,-0.0033761119258378046,-0.016413177862928684,9.845875774708276,9.84589003399523
37.81260420140046,0.027482832060514373,0.0289567712659999,9.842688611950178,9.842769575301148
37.8326108702901,-0.0018071171307477226,0.008710129057249119,9.80524689253791,9.805250927724638
37.852617539179725,0.014763751529390216,-0.04480071566645326,9.859067991903064,9.859180835213998
37.872624208069354,-0.0696425477584845,0.012126357438006627,9.776276517296386,9.776532088406592
37.89263087695898,-0.0115464711840213,-0.025174397375125716,9.88170883514852,9.881747647756056
37.91263754584861,0.02543283634031036,-0.015666366795364366,9.783636429585423,9.78368202930389
37.93264421473825,0.008661970401410837,0.02915214037565116,9.80855991804967,9.808607064358847
37.952650883627875,-0.049105232781802725,0.022965122513424953,9.792984351041618,9.793134392036322
37.972657552517504,0.001842746816298392,0.03279299648476269,9.798696270363608,9.798751317140974
37.99266422140713,-0.024562269775845146,-0.0006940055725263672,9.897706609875419,9.89773711117404
38.01267089029676,-0.027162577535203136,0.02649073673598561,9.796118379377669,9.796191855386057
38.03267755918639,-0.04562082819950153,-0.017584087912891715,9.835533251168789,9.835654772050523
38.052684228076025,0.018561078657213896,-0.0077269780381588075,9.802937912661408,9.802958529919676
38.07269089696565,0.033390433318069054,-0.009788796732143723,9.838096512887633,9.838158046020121
38.09269756585528,0.06360429402488535,0.0007159505467348189,9.793675214448871,9.793881775114183
38.11270423474491,-0.04422145175228785,-0.03859473258936235,9.817683962809776,9.817859414546074
38.13271090363454,0.02302116483679427,-0.006750147093700848,9.828860949014183,9.828890226957071
38.152717572524175,0.024995141112627246,0.043549719045562166,9.788345656399907,9.788474448261644
38.1727242414138,-0.017415140316540248,-0.03277584485434302,9.892731777726768,9.892801401481947
38.19273091030343,-0.027527351562279923,-0.03987963845745097,9.830428231297015,9.83054766283796
38.21273757919306,-0.03257226962900791,-0.03746064982986684,9.803220871364479,9.803346556446456
38.23274424808269,-0.015820597303806454,0.07985578332223923,9.78908296449448,9.78942146008563
38.25275091697232,0.006078647875678492,0.013945559426111327,9.81275169070881,9.812763482938754
38.27275758586195,0.04080336031520437,-0.008107961530241481,9.773520059681596,9.77360859714833
38.29276425475158,0.03316015014030349,0.002049612390244095,9.8634688579155,9.863524811523371
38.31277092364121,-0.04846250832805987,0.006829181977404527,9.822937613172034,9.823059533806655
38.33277759253084,-0.023665297458015357,-0.019213499271881408,9.807360417977659,9.807407790694388
38.35278426142047,0.038989211229284115,-0.015516502461273084,9.841379335630702,9.841468800347837
38.3727909303101,-0.021932784977852043,-0.004730493966060899,9.78835455665742,9.788380272111732
38.39279759919973,-0.0017074249023052842,-0.021742652647047184,9.775321212407087,9.775345541922285
38.41280426808936,-0.05115866803842256,-0.011908038210635656,9.806096007848138,9.806236685182787
38.43281093697899,0.03459100246538844,0.010592747319910369,9.813826309484089,9.813892987824426
38.45281760586862,-0.05738244617554164,-0.029914595388602985,9.825917586197784,9.826130674833164
38.47282427475825,-0.049284317423598574,0.07829848262843557,9.765711662507034,9.766149900116817
38.49283094364788,0.0315245118251011,0.022594698326585987,9.796310495099423,9.796387274482026
38.51283761253751,0.05760185038699671,-0.03810254215537955,9.717496056204943,9.717741475221768
38.53284428142714,-0.008718332541747444,-0.07433710527301836,9.774529524872818,9.774816082523145
38.55285095031677,-0.001405884355884746,-0.020625098554133355,9.831457846011013,9.831479580871472
38.5728576192064,0.02724838679348965,0.02053081948821742,9.838830774257243,9.838889926897398
38.59286428809603,0.008683434440921475,0.014714096833503146,9.77573986394061,9.7757547940871
38.61287095698566,-0.011196545381299926,-0.003325455310458381,9.80026186352777,9.800268823608784
38.63287762587529,-0.014563608641570785,-0.018043273834292564,9.81076818465384,9.810795586059436
38.65288429476492,-0.047003938724549506,-0.0271239412197579,9.842343304165263,9.842492915694159
38.672890963654545,0.006988253163606601,-0.012077492133285213,9.85587284599551,9.855882723426154
38.69289763254418,-0.002757504662084282,-0.030371399214828065,9.814592467656691,9.81463984728455
38.71290430143381,-0.013135385373380421,-0.011966332686253484,9.802181500332534,9.80219760548257
38.73291097032344,-0.030054443866871658,0.03992852807468466,9.766689191738982,9.766817051884479
38.75291763921307,-0.027015925598802917,-0.023137193977481985,9.813242077036833,9.813306540229307
38.772924308102695,0.018551307615200994,0.018326438491559644,9.872247675044708,9.872282115437526
38.79293097699233,0.026449909452271412,0.022902714389526086,9.84870577649812,9.848767923149772
38.81293764588196,-0.009813484688718503,-0.03238803955607748,9.815245748887767,9.81530409109404
38.83294431477159,-0.012974387197391376,-0.025301156236785107,9.819101334261005,9.819142503076137
38.852950983661216,-0.025609441398426098,0.03206830310960369,9.78934450915644,9.789430531880003
38.872957652550845,0.02810460130722774,-0.027772921189520936,9.799285931136705,9.799365589870591
38.89296432144047,0.0009298730896772085,-0.0017245724763241006,9.814427975267531,9.81442817083747
38.91297099033011,0.011037029379817943,0.061199514665055764,9.814519030209555,9.814716042298842
38.93297765921974,0.010754103902803886,0.029394967711840917,9.840322497987092,9.840372278489694
38.952984328109366,-0.009231048616018105,0.00255691355206698,9.83886248798224,9.838867150616963
38.972990996998995,-0.034960802995302645,0.025221917235937624,9.825617003406332,9.825711572221259
38.99299766588862,-0.029883994670577577,-0.0016776625594205484,9.780025614654022,9.780071415433424
39.01300433477826,0.033836565979423534,0.030546954996104214,9.781157540364546,9.781263765950033
39.03301100366789,-0.021770529445517155,-0.06138796294039413,9.783363255891462,9.783580072482337
39.053017672557516,-0.012310869592450516,-0.004177979891248354,9.8170656086762,9.817074216795914
39.073024341447145,-0.0340317160611363,-0.06259019719778465,9.749210368357316,9.749470677783954
39.09303101033677,-0.036481995567792205,0.004840655646954866,9.809811747826062,9.80988077887463
39.11303767922641,-0.023074949910861682,-0.007085336948180959,9.852259281493625,9.852288851078734
39.13304434811604,0.05065221552733376,0.04082189539926989,9.83000478104042,9.830220041756915
39.153051017005666,0.019741121735772874,0.021354821057930018,9.799478171671627,9.799521323888147
39.173057685895294,-0.015803666142708693,-0.015782630626201992,9.789052337587506,9.78907781741061
39.19306435478492,0.03248630383655986,-0.012186487697425946,9.8341714585433,9.834232666885965
39.21307102367456,-0.004568966198893395,0.011420895906893417,9.819181660981569,9.819189365913674
39.23307769256419,0.040630201409755144,-0.017176817776598186,9.802607026422518,9.802706277901201
39.253084361453816,0.0663519105118864,-0.0009711835915363473,9.792329073632816,9.79255391639692
39.273091030343444,0.030844852177985736,0.03950094193544607,9.812291489690619,9.812419477782969
39.29309769923307,0.002836528656677321,-0.024873905505911353,9.80090889708039,9.800940871464306
39.3131043681227,0.02097929620549079,-0.01343023097869187,9.833531387097501,9.833562937359233
39.33311103701234,0.00045213657846636325,-0.009222970363479495,9.847235072879363,9.847239402398788
39.353117705901965,-0.055079950919251275,0.0947422027855687,9.768982505164718,9.76959718065163
39.373124374791594,-0.01963876242636133,0.018247279875215013,9.773225412824136,9.773262178724357
39.39313104368122,-0.028547747869596515,0.03396205017143526,9.850441685629463,9.850541599158236
39.41313771257085,-0.020303731254926183,0.023043771356351533,9.814974568279919,9.815022620090224
39.43314438146049,0.05381014297918332,0.025061815979558973,9.776050480896336,9.776230696497558
39.453151050350115,0.03366449228563975,0.014207206119968648,9.83949754819982,9.839565394049519
39.473157719239744,0.013226544043249416,0.010958076001772763,9.820250552996665,9.820265574032522
39.49316438812937,0.024370288513540735,-0.04352233963405609,9.876097372857748,9.876223338056768
39.513171057019,-0.05676340457717568,0.010735936690288186,9.802940949682034,9.80311116979649
39.53317772590863,0.021845511392685882,-0.003250307771788739,9.843261119912063,9.843285897790487
39.553184394798265,0.02818872948606503,0.016363707085484857,9.766534966826018,9.766589355226056
39.573191063687894,-0.0671924156306185,-0.0021257749992134108,9.851880826504908,9.852110188142065
39.59319773257752,0.02295710261338197,0.022894928781839758,9.838324801746335,9.838378225651898
39.61320440146715,-0.04272220928001256,0.028197977134475406,9.858130423013813,9.858263323234512
39.63321107035678,-0.059100160693380956,-0.08736480073937292,9.843317409525262,9.84388251972083
39.653217739246415,0.03978954650578735,-0.013016784544978746,9.80702855442373,9.807117910577675
39.67322440813604,-0.030211471428370263,-0.055721607176643796,9.774866203078895,9.775071709128595
39.69323107702567,-0.02147840218153132,0.00716833663925983,9.79193841298908,9.791964593000811
39.7132377459153,0.029688136282720358,-0.009021251335620012,9.757165488384057,9.757214824739922
39.73324441480493,-0.009157148167572035,0.040674854117598164,9.78237302906449,9.78246187709865
39.753251083694565,-0.005404961211872469,0.006217339854026316,9.822775840476254,9.822779295146793
39.77325775258419,-0.006062607193137878,-0.014565899293911397,9.808567413635245,9.80858010256609
39.79326442147382,0.010427963129243567,0.028157146195367536,9.803292295796034,9.803338278571783
39.81327109036345,-0.006790032491720281,-0.009546073734823284,9.786206912521575,9.786213924023428
39.83327775925308,0.0034237822307730164,-0.014939926676810053,9.756828029674251,9.756840068604742
39.853284428142715,-0.015106743762381178,0.01180876243925567,9.815462493397119,9.815481222021825
39.87329109703234,0.010554587696380858,0.04838914169818414,9.82137480577406,9.821499680998272
39.89329776592197,0.00941529095713702,0.02560655724719467,9.7802530931986,9.780291146509834
39.9133044348116,0.05693657513052547,0.017007928958444284,9.793996791895088,9.794177055929014
39.93331110370123,-0.011437528490211069,0.0825284560056499,9.856264003622684,9.856616147147909
39.95331777259086,-0.005524965534149391,-0.02197230109078478,9.84478493860721,9.844811008581463
39.97332444148049,0.00716472977811124,-0.02264153510826321,9.765467263148132,9.76549613896205
39.99333111037012,0.028933069329441594,0.004367084413192282,9.807460908383078,9.807504558417973
40.01333777925975,-0.03274755459531603,0.04545079152314142,9.853648670471168,9.853807908512337
40.03334444814938,0.0031072956532520396,-0.02825057928883808,9.803507370080775,9.803548567011054
40.05335111703901,-0.075234781081652,0.0526371779268918,9.801931704347785,9.802361760386258
40.07335778592864,-0.008145957501671863,-0.04317367468225164,9.842782128802293,9.842880186097918
40.09336445481827,0.03218181090298083,-0.0036365415216353543,9.839612077328256,9.839665376713342
40.1133711237079,-0.021784273090419543,0.00520396997005949,9.838059100361418,9.838084594984007
40.13337779259753,0.005305128458559359,-0.026478957489537065,9.802140457524777,9.802177657470901
40.15338446148716,-0.01586716723150807,-0.01863703094796602,9.829886640488253,9.829917114135192
40.173391130376785,-0.025782065932010483,0.023898914380069962,9.854842365418657,9.854905069064982
40.19339779926642,0.029144579948043047,0.04324667227533701,9.808503789045943,9.808642427009554
40.21340446815605,-0.03135776069536961,-0.06343831087488064,9.79789771136059,9.798153259197756
40.23341113704568,0.008788958815892794,0.0054070915637794365,9.84690217917269,9.846907586071483
40.25341780593531,0.009250548622984767,-0.0033992671084740883,9.871363194086914,9.871368113754066
40.273424474824935,-0.025553985511158714,0.0032218906687185114,9.873450146506975,9.873483740925165
40.29343114371457,0.004670557708728856,-0.009502994268486055,9.798764655006751,9.79877037618593
40.3134378126042,-0.028048435124039314,-0.038714609086689826,9.801778792515094,9.801895379622673
40.33344448149383,0.015653756247274744,0.04626890934133863,9.779125130005903,9.779247116233911
40.35345115038346,-0.03944837143928681,0.03477988794992099,9.813541569732445,9.813682486991402
40.373457819273085,-0.010188165095755231,-0.0031196756669064738,9.777776432056275,9.77778223762216
40.39346448816272,-0.007583149789736993,-0.014649396374200284,9.794200996748776,9.794214888069874
40.41347115705235,0.033388660146320095,-0.01828321887017639,9.831033893944872,9.831107592871287
40.43347782594198,0.004201292151356762,-0.07756959674443441,9.821699322304182,9.822006529775129
40.453484494831606,0.028650404703361776,0.010614602238072342,9.755678360844989,9.755726205451314
40.473491163721235,0.016640731454696363,0.023409707709085327,9.857108768948232,9.857150613196213
40.49349783261087,0.01644909002687276,0.004137063483293057,9.777390117385448,9.777404829268532
40.5135045015005,-0.009957995706902034,-0.002590093037992578,9.781171982283631,9.781177394223597
40.53351117039013,0.030627176505746596,0.0040015052545975364,9.772832335447067,9.77288114594385
40.553517839279756,-0.01068511227906008,-0.025596779422727298,9.79016149984308,9.790200792616613
40.573524508169385,-0.05189476439790323,-0.01498665682110994,9.783095808640025,9.783244925252799
40.59353117705901,-0.0064436150540067875,-0.004989990846964745,9.783826996764333,9.783830391150401
40.61353784594865,0.013604292139322044,0.02090029724294687,9.736071838448057,9.736103776286013
40.63354451483828,-0.0481987715613844,0.04136575119885335,9.813897821761614,9.814103357053543
40.653551183727906,-0.026553070761611574,-0.0068744352891886885,9.816961955034467,9.817000272487597
40.673557852617535,-0.03691765320532067,-0.03134356612696247,9.877332202136767,9.877450924384474
40.69356452150716,0.023601513141268907,0.001069403722902905,9.824590229929967,9.824618636928472
40.7135711903968,0.05018587911037487,0.06034473337766763,9.795102329408456,9.795416772802037
40.73357785928643,-0.006290974626396488,-0.028734193054012026,9.773978550645797,9.774022812470632
40.753584528176056,0.015945910892047777,0.026575222413984377,9.807111706206022,9.807160676389662
40.773591197065684,0.0151655809769917,0.04007881668361816,9.823461686681778,9.823555151578166
40.79359786595531,0.046613908393198844,-0.010800445794764586,9.79489954142043,9.79501641308493
40.81360453484494,-0.019576587118578206,-0.02102173733157121,9.811830480790457,9.811872529745397
40.83361120373458,-0.006596368942749729,0.01724870048499758,9.866920622821764,9.866937904274916
40.853617872624206,-0.01022305948272175,0.010596503184124948,9.798476696188825,9.798487758964665
40.873624541513834,0.0022610172012078873,0.02084322513962661,9.753396733356226,9.753419266620137
40.89363121040346,0.07512950406350426,0.06221128294469414,9.836204603621743,9.836688248105458
40.91363787929309,0.0009243334559193957,0.005011396601296912,9.819429643374452,9.819430965675615
40.93364454818273,-0.0256413195782118,-0.03576674546868307,9.758730239662263,9.758829470169557
40.953651217072355,-0.03463491680679357,0.0019992000650527267,9.822829310318289,9.822890574261285
40.973657885961984,0.037579350219391405,0.007246703826161429,9.780064093525867,9.780138976300552
40.99366455485161,-0.02577763511934237,0.038015059112647465,9.823239672070933,9.82334705108905
41.01367122374124,0.01990760877597286,-0.005902931862831094,9.86721790527613,9.86723975322854
41.03367789263088,-0.020390739877758843,-0.012272035010861543,9.804690919969703,9.80471980330149
41.053684561520505,-0.038000782097495155,-0.041135819884997704,9.842498135971095,9.84265745475845
41.073691230410134,0.018155988009054637,0.0164223837619239,9.77314538046443,9.773176042734635
41.09369789929976,-0.01892234600290595,0.10044621556616926,9.76441742560987,9.764952388975255
41.11370456818939,0.012762769177166807,-0.006677729520118161,9.87052111417187,9.870531624267322
41.13371123707903,0.014978488225381312,0.013558648635658463,9.819234450406691,9.819255235714975
41.153717905968655,0.016387957350374054,-0.016434985599448892,9.829100098234841,9.829127500191353
41.173724574858284,-0.008044460518295595,-0.038438547599875215,9.844560669085363,9.84463899808363
41.19373124374791,0.020585506695141226,0.013027078176015923,9.794165555706062,9.794195852668595
41.21373791263754,-0.027676389853442483,0.0008456485031157619,9.834753490792881,9.83479246971381
41.23374458152717,-0.07362270753192401,-0.0715666242919747,9.830206324869264,9.83074251896959
41.253751250416805,0.021206765193603237,0.04830086147220357,9.771155855376529,9.771298247938601
41.27375791930643,0.0049677151451240934,0.012478931290113475,9.855389559342381,9.855398711788109
41.29376458819606,-0.01830234732041913,0.0022168665031081255,9.849205815479387,9.849223070176018
41.31377125708569,-0.04413458285925135,-0.012659305922769256,9.771488482828868,9.771596353180366
41.33377792597532,-0.06109734896506029,0.01215882331479276,9.816008593243854,9.816206264421716
41.353784594864955,0.0015523004462691641,0.01354187857248105,9.803067607892611,9.803077084111157
41.37379126375458,0.04946357897189857,0.012039641211801363,9.852549224097778,9.852680742410918
41.39379793264421,-0.004156722492929394,0.03203979133510468,9.767681639816443,9.7677350723378
41.41380460153384,-0.010840061600746362,0.03885813701500036,9.918072450726317,9.9181544956511
41.43381127042347,-0.0007310352748752911,0.06016779190855189,9.804765474918844,9.80495011286423
41.4538179393131,0.0653761533572631,-0.025105265473461653,9.832153354985437,9.832402753738968
41.47382460820273,0.022557126799594,-0.01720264541301652,9.851624949960085,9.85166579364397
41.49383127709236,-0.028007257551011674,0.010835465011249141,9.804120019704897,9.804166011168716
41.51383794598199,0.0008431171170630953,-0.023372725762133548,9.806551743432141,9.806579632663368
41.53384461487162,0.009973107334648224,-0.018540452171166618,9.794915073185441,9.794937697716712
41.55385128376125,-0.03169016599736535,0.014256887445198894,9.783436031216066,9.783497743770239
41.57385795265088,0.022774098670276792,0.027025270649395503,9.818155774433782,9.818219382142127
41.59386462154051,-0.024534263914330615,0.03827783858336589,9.805941999594753,9.806047400581376
41.61387129043014,-0.04532837302020212,-0.005778432412728021,9.794718774050235,9.794825364161117
41.63387795931977,0.0022840066151933493,0.013894588906139118,9.79647108155899,9.79648120133493
41.6538846282094,-0.002464675784710658,0.0072827320768131054,9.827287003616794,9.827290011201907
41.67389129709903,-3.065706608083869e-05,0.0005297233553995817,9.786073094119484,9.786073108504553
41.69389796598866,-0.022939338529883634,-0.024480274956240524,9.802591056948234,9.802648464923937
41.71390463487829,-0.018753378536131234,-0.028296332676075644,9.836960021753674,9.83701859514505
41.73391130376792,0.033853399811073326,0.020000243398678695,9.817416764102079,9.817495504581975
41.75391797265755,0.013232568450022448,-0.02498458139652606,9.778513222009241,9.77855409368813
41.77392464154718,-0.028702382297318547,-0.0533075647448108,9.80928386793759,9.80947070564917
41.79393131043681,-0.05852090683260322,-0.0009528396987056354,9.82311064863429,9.823285011631922
41.81393797932644,-0.0274324920633663,0.043657209064492476,9.839678165737087,9.839813255281184
41.83394464821607,0.0047189721648057134,-0.08384551315206726,9.787338639997653,9.787698912040826
41.8539513171057,-0.01895795155063325,-0.008649908194605363,9.793244108318966,9.793266277905595
41.873957985995325,-0.021289506155304623,0.02025644595978698,9.789145200338394,9.78918930861915
41.89396465488496,-0.017674813167919887,-0.054704892996444036,9.790634394018246,9.790803177557565
41.91397132377459,-0.0021812268820886366,-0.006399987486032459,9.822150141470914,9.82215246874063
41.93397799266422,0.023538837388750462,-0.03418371733657626,9.82783467389651,9.827922312515453
41.95398466155385,-1.2576118370787459e-05,-0.030215343420206573,9.841527104786493,9.841573488085297
41.973991330443475,0.001858110645529521,-0.012072546231060613,9.807264752727727,9.807272359277238
41.99399799933311,-0.006745810916484612,-0.0336944367039651,9.767840311356617,9.767900755494654
42.01400466822274,-0.014980704964642171,-0.03618902109455437,9.830084104933725,9.830162133802254
42.03401133711237,0.026827226139597888,-0.001776952546260127,9.814774310352227,9.814811135257404
42.054018006001996,0.022272062035325883,0.06681417181607058,9.81179908437948,9.812051847118052
42.074024674891625,0.0613583975299815,0.022732299523435685,9.771497895350663,9.771716979591229
42.09403134378125,0.018316928951677584,0.03031598301115065,9.804124924091841,9.804188905560265
42.11403801267089,-0.014952429654223894,0.023917873152565345,9.774190356416229,9.774231057391098
42.13404468156052,-0.02713953927330569,-0.020925408380376515,9.824458949653373,9.824518720056068
42.154051350450146,0.02858835782134849,0.009324966873484813,9.797103179138885,9.797149327835283
42.174058019339775,-0.024449606529303298,0.032930827828270025,9.794413968109064,9.794499844370351
42.1940646882294,0.02429210059566213,0.024850124033453734,9.763885335507329,9.763947177230676
42.21407135711904,-0.02279741981677842,0.005836530221051556,9.840812876090522,9.840841013331348
42.23407802600867,0.010474751513618414,0.015601394825816814,9.80224306106312,9.802261073451364
42.254084694898296,-0.031792536445990865,0.07388621895507456,9.812609423110134,9.812939092302313
42.274091363787925,0.023396560629962437,0.02518329651469037,9.787935297279224,9.787995656987041
42.29409803267755,-0.03701014966527747,-0.00945478071592946,9.760482748201001,9.760557495450042
42.31410470156719,0.00818871988520105,-0.0022211101879379028,9.794051232354683,9.794054907465656
42.33411137045682,-0.0059351980268103535,-0.031624541897743406,9.79885375986682,9.798906589282396
42.354118039346446,0.0030541931167877966,0.0704110784383889,9.818782800627446,9.819035733408846
42.374124708236074,-0.011874115024849013,0.04811609176330631,9.799349027673326,9.799474349119771
42.3941313771257,-0.012577798421129733,0.0024963910881634272,9.788449534209082,9.788457933542933
42.41413804601534,0.004643436120293151,0.0654246035630033,9.76489981808573,9.765120091299499
42.43414471490497,-0.030064151342695553,0.01897200134864932,9.811453604862683,9.811518008463526
42.454151383794596,-0.030240661850000298,-0.012925392528474532,9.786103194186875,9.786158454198242
42.474158052684224,-0.010756484989152352,0.027193576215593932,9.849624196012972,9.849667608363283
42.49416472157385,-0.011924104191570223,0.011959304153899541,9.814504399840144,9.814518929815062
42.51417139046348,-0.03016189391413123,0.025135703348291974,9.82686308520099,9.826941520061734
42.53417805935312,0.02772644078743994,-0.04107275578968651,9.802536340011326,9.802661598975533
42.554184728242745,-0.010034202552948145,-0.024309424715918092,9.816038408693037,9.81607363838963
42.574191397132374,-0.006799866089883341,0.044654124903695254,9.783278540526894,9.783382811205119
42.594198066022,-0.039825849779086396,0.05079412474692169,9.774653435229911,9.77486654232534
42.61420473491163,0.06214907563836358,0.04245338180904163,9.810453932320458,9.81074264036172
42.63421140380127,0.07281202186664738,0.06655940710760572,9.827111749656034,9.827606884965968
42.654218072690895,-0.023411957352130443,0.017321048946415896,9.751625646898153,9.75166913383168
42.674224741580524,0.036782591435072926,0.015212500884912923,9.79502689527588,9.795107771657936
42.69423141047015,-0.0027544015121277136,-0.027396207036714377,9.865263663236652,9.865302087826056
42.71423807935978,0.04811308778439318,-0.017415943225389155,9.824376826550099,9.824510075029144
42.73424474824941,0.01008699259201159,-0.05964782766928655,9.856129381010716,9.856315030780413
42.754251417139045,0.0029928650630219682,-0.009644580371031202,9.790978651446343,9.79098385905369
42.774258086028674,-0.07497808618855745,-0.061755782664997434,9.796262827050167,9.796744401419586
42.7942647549183,-0.026358179202800494,0.032428985125910824,9.839001999610336,9.83909074767701
42.81427142380793,0.0006156200872482801,0.011651966056513578,9.82870561066135,9.82871253666252
42.83427809269756,0.005959987581119365,-0.0607850773918827,9.80716846271821,9.807358645589552
42.854284761587195,-0.03644501141812154,-0.005695910764904462,9.772124525721946,9.7721941460694
42.87429143047682,-0.021863145860288365,0.059029668670455,9.844705558866808,9.84490680706086
42.89429809936645,0.016603410517524585,-0.00376998452507231,9.885306844425832,9.885321506884656
42.91430476825608,-0.041496321892000726,-0.02995112830913977,9.762844014351097,9.762978145185444
42.93431143714571,0.004011891711706181,-0.053565068079157216,9.852108574492483,9.852255004585587
42.954318106035345,0.03713860594467166,-0.05266939837331666,9.79595096572028,9.79616295619732
42.97432477492497,0.011564088873354621,0.01606739903568005,9.799995940468856,9.800015934817111
42.9943314438146,0.010064602294979309,-0.013016178669742341,9.818089184626151,9.81810297126688
43.01433811270423,-0.06060454347533291,-0.010529824247983157,9.7738343016258,9.774027866930075
43.03434478159386,-0.024657383292536885,-0.012892399903319076,9.80888584665167,9.808925310816141
43.054351450483495,0.061626055007731204,-0.004207198483942311,9.761662391165935,9.761857820634264
43.07435811937312,-0.017974857526377966,-0.03681488996109144,9.824282474693346,9.824367896928166
43.09436478826275,0.03793428628641204,0.009483149810681352,9.877011661138896,9.877089059762502
43.11437145715238,-0.01832522668068848,-0.04268118731270083,9.790814055325091,9.790924234393538
43.13437812604201,-0.008334615045283895,-0.022675273741237612,9.80493769985125,9.804967462047568
43.15438479493164,0.015467605360605555,0.030324830929953712,9.806415654717817,9.806474740460061
43.17439146382127,0.003020790479820286,0.011286149991755662,9.839594057819731,9.839600994198806
43.1943981327109,0.011445373530032396,0.020570455386041478,9.822167171071554,9.822195379684004
43.21440480160053,-0.02455170764180961,0.06451165178453658,9.837610380310558,9.83785253672559
43.23441147049016,-0.034088105684062696,-0.0017896203091349206,9.79481293994393,9.794872420311712
43.25441813937979,-0.026576148431715036,0.0006438078007493309,9.823007070144595,9.823043042065155
43.27442480826942,-0.015969544243871,-0.007929628675510217,9.708965828011925,9.708982199739454
43.29443147715905,-0.006878441461722337,-0.013302424421764415,9.830023877159672,9.83003528442201
43.31443814604868,0.031118261419194614,-0.030317724821813594,9.773466218736143,9.773562781269105
43.33444481493831,0.002620243680751442,0.0025219443358755686,9.800172183555002,9.800172858332928
43.35445148382794,0.01453791307525755,0.01065145819788469,9.832357533259326,9.83237405036646
43.374458152717565,0.004248030377403965,0.012323110175786883,9.763917305021403,9.763926005665084
43.3944648216072,-0.03346302760586328,0.0019309148060123425,9.842682983946661,9.84274005676883
43.41447149049683,0.000518085780169469,0.027785124144599455,9.806270855661339,9.806310232504863
43.43447815938646,0.0039234633057460815,0.0008831007222716136,9.853593464588618,9.853594285275538
43.45448482827609,0.022797696640239222,-0.01227905664701885,9.782914675228927,9.782948944618578
43.474491497165715,-0.032057642089303943,-0.027809645459235532,9.755616368269592,9.755708677161618
43.49449816605535,-0.061212325954450815,-0.04646925634733786,9.80913159853986,9.809432657300185
43.51450483494498,0.005287914455114921,0.04381245533809456,9.827612282035417,9.827711364264593
43.53451150383461,0.010615500047651412,-0.020971638764619924,9.830128108164308,9.83015621042696
43.55451817272424,-0.005381544189511432,-0.02777001429861879,9.775935355922183,9.775976279527349
43.574524841613865,0.000840627021803732,-0.01252614684980919,9.761261007896403,9.761269081184444
43.5945315105035,0.02636317135748414,-0.00835166359601389,9.800630280782954,9.800669296925012
43.61453817939313,-0.013764167295825264,0.04915537307708321,9.825493319714269,9.825625917912477
43.63454484828276,-0.008359225264757375,-0.009844413092735127,9.82397360346319,9.82398209234207
43.654551517172386,0.0023710933384149583,0.0790015069620493,9.857163790094164,9.857480654047942
43.674558186062015,-0.03659444037508028,0.0019109161395954753,9.798796343957479,9.798864862575732
43.69456485495165,-0.004556916751432632,0.061710847469137714,9.75465310685326,9.754849369889193
43.71457152384128,-0.0019122995200261817,0.026817878442921633,9.845899993148528,9.84593670153205
43.73457819273091,0.04911126642960822,0.010831122595342853,9.815855859423323,9.815984692463726
43.754584861620536,-0.008943469728853818,0.047335443997124624,9.818465637315027,9.818583813414497
43.774591530510165,0.006000337198334012,0.03366689381820899,9.833012711763198,9.833072177782613
43.79459819939979,0.027558528161692266,0.019040372525582664,9.84790930771106,9.847966274371704
43.81460486828943,-0.025124541759312845,0.06952782029315076,9.809309400475495,9.809587976803625
43.83461153717906,0.041272211606284984,-0.014951781358608687,9.845296548999842,9.845394410025678
43.854618206068686,0.052916106961718334,-0.02984741027885196,9.826564087924254,9.826751892479985
43.874624874958315,-0.0008668886294602562,-0.020286922254358616,9.79033252826076,9.790353585271125
43.89463154384794,-0.016182781843781403,0.052568195702506634,9.803002845834945,9.803157149259398
43.91463821273758,0.048813582731711644,0.043522800632582875,9.828502320701956,9.828719899767098
43.93464488162721,0.02386892618304444,-0.015757856984411556,9.788735257072684,9.788777041528308
43.954651550516836,0.0024590761399150823,-0.07063953862781598,9.836593773064093,9.836847719048837
43.974658219406464,0.042805314588471075,-0.006175351091361662,9.814745505025417,9.814840791288198
43.99466488829609,0.03962976565647958,-0.03039792925773816,9.821448547172995,9.821575541490056
44.01467155718572,-0.010087708618746681,-0.014818079144683617,9.853215159706505,9.853231465910298
44.03467822607536,0.007461895598974499,-0.03163227143237755,9.820697006327286,9.820750784464884
44.054684894964986,0.01730377463777869,-0.04828614230937071,9.81214235561746,9.812276421863482
44.074691563854614,0.000861900896635539,0.05649613104992703,9.807522346106756,9.807685105318184
44.09469823274424,-0.04172611772712841,-0.02051004611830255,9.805960291206578,9.806070515941263
44.11470490163387,-0.02814778511094739,0.04238003409777501,9.819368980926109,9.81950077899435
44.13471157052351,-0.04074788356380681,-0.006641127295405716,9.850899689523493,9.850986203809278
44.154718239413135,0.014787729090720118,-0.03392412613657332,9.791646712189975,9.79171664518569
44.174724908302764,-0.03553056951371233,0.015272051697870088,9.789376285839872,9.789452677381767
44.19473157719239,0.005772542124522905,-0.01173170570798788,9.848551196855942,9.848559876055687
44.21473824608202,0.05495711478825471,-0.006213033169897419,9.793015591804243,9.793171767490247
44.23474491497166,0.042833105547364386,0.004347178030193041,9.816482845990581,9.816577256789405
44.254751583861285,-0.05512249940801936,-0.02436638507246067,9.792246076055525,9.79243153791168
44.274758252750914,-0.038361044123130184,-0.04863409062361077,9.759615466249306,9.759812031669957
44.29476492164054,-0.023295492725395755,-0.0015380884420301345,9.815946755798759,9.815974519036486
44.31477159053017,-0.03507071067658103,0.028917531079015065,9.843455036820782,9.843559988147758
44.33477825941981,-0.04961443131965201,-0.02704773776735266,9.80813835444622,9.808301134848609
44.354784928309435,-0.00032521019175721795,0.004618867987969057,9.765550243102314,9.765551340823457
44.374791597199064,0.021153016482496918,0.04516521445647591,9.813272117491513,9.813398850481905
44.39479826608869,0.02862102116168662,-0.0026929466182154336,9.787321458340639,9.787363676890164
44.41480493497832,-0.014234285122314281,0.0025828311538757683,9.731414847502627,9.731425600603659
44.43481160386795,-0.008157111009467748,0.0016563706080115837,9.807573488348295,9.807577020415183
44.454818272757585,0.010670317353742662,-0.0204703327767918,9.825530525816642,9.825557643408901
44.47482494164721,-0.0032545668551744737,-0.029800635553001283,9.845331164343959,9.845376803641756
44.49483161053684,0.024318203282874058,-0.029677871079632233,9.862705642198865,9.862780274126766
44.51483827942647,0.012910945885035404,0.011045495910218197,9.829528070321595,9.829542755425795
44.5348449483161,-0.011289132705420873,0.022736170857982317,9.838007022258168,9.838039771620338
44.554851617205735,-0.0556990893496033,0.024152467153135557,9.771463036497659,9.771651631319243
44.57485828609536,0.044970948164459804,-0.011356285612663875,9.858654774046387,9.858763883227418
44.59486495498499,-0.020582468683329646,0.03279925622791939,9.848020805447147,9.848096933608344
44.61487162387462,0.01072675937190781,0.009220914585312795,9.798986535451006,9.79899674510521
44.63487829276425,-0.05749775006157293,0.0021222666537305717,9.830449803758636,9.83061818196069
44.65488496165388,-0.00033949750157414595,-0.10018069987810754,9.827432045503459,9.82794265840389
44.67489163054351,0.0030078588258659698,-0.024522288348191493,9.854106405316513,9.854137376611941
44.69489829943314,0.0044580621764298625,-0.04563293706711827,9.805466766835204,9.80557396355631
44.71490496832277,0.09041379848153988,0.018812205211923283,9.787613020869,9.788048692170733
44.7349116372124,-0.018933551213802986,0.002850999957900981,9.79530004891016,9.795318762334471
44.75491830610203,0.024619926808700784,-0.032159591591553266,9.836903879500916,9.836987258031169
44.77492497499166,0.015696973566281316,0.009130876754029847,9.752403887695731,9.752420794686428
44.79493164388129,-0.020359169780027584,-0.042704770986190424,9.720087796822696,9.720202928499004
44.81493831277092,0.024170082095427894,-0.031312892948027526,9.83682747020904,9.836907002142109
44.83494498166055,-0.004929628107924072,-0.02130663992594821,9.818244163924659,9.818268520293119
44.85495165055018,0.026257296527301563,0.01620408965534595,9.810553900089095,9.810602420070637
44.87495831943981,0.05882887870265143,0.04198325037611709,9.770833601160346,9.771100894568923
44.89496498832944,0.004523966719022995,-0.017580253450318044,9.758703307062142,9.758720191031804
44.91497165721907,-0.008433756872053534,0.039673759248248314,9.790964127495055,9.791048140077898
44.9349783261087,0.03154668551431239,0.001422106518343807,9.82085085298109,9.820901623183754
44.95498499499833,0.041899594978030245,0.007084144827756694,9.792427328616984,9.79251953010113
44.97499166388796,-0.02649772618176148,-0.0019141367318233234,9.837003006007262,9.837038880354603
44.99499833277759,-0.013588712686142259,-0.005919412601581962,9.781378219739391,9.781389449876237
45.01500500166722,0.020262698155237856,0.01317900110216775,9.794419647805213,9.794449474080684
45.03501167055685,-0.003960960312441583,0.02220963558546134,9.83109603164053,9.831121916671446
45.05501833944648,-0.028629960389603606,-0.0265383391090756,9.798692549505464,9.798770312534552
45.075025008336105,0.016220844836861842,-0.0056790140870851885,9.800179501190323,9.800194570648035
45.09503167722574,0.020144691471203176,0.05007825291669795,9.790695346390535,9.790844141637786
45.11503834611537,-0.010031572676909262,0.005315659629555697,9.785131777775915,9.78513836371912
45.135045015005,0.0018404629599371016,0.008600815632874457,9.820625320616887,9.820629259333385
45.15505168389463,-0.01729719206838357,0.03501805616902281,9.82451118883934,9.824588823800246
45.175058352784255,-0.03285712277735918,-0.015037334978539854,9.81681445312654,9.816880956753758
45.19506502167389,-0.014911938198845596,-0.0010188186570375553,9.791514491833397,9.791525899862377
45.21507169056352,0.0022179705052772026,0.02450534689795739,9.8039552430026,9.803986119850329
45.23507835945315,-0.044252676644078885,0.037167066938350264,9.857878043502636,9.858047433991496
45.255085028342776,-0.012720387937564765,-0.07095429880516241,9.767367498687014,9.767633499225676
45.275091697232405,0.002634903917782162,-0.0221000637268612,9.86657673841286,9.866601841086178
45.29509836612203,0.03583979730374602,-0.029950959190478244,9.812991595383528,9.813102751020951
45.31510503501167,-0.009377770644015937,-0.0037147531017614364,9.804596208300705,9.804601396782912
45.3351117039013,-0.03737707050327666,-0.02768018329780404,9.838601350164051,9.838711285803477
45.355118372790926,-0.00628980038093187,0.019923164985297257,9.74798201792825,9.748004406848839
45.375125041680555,-0.016997079122702704,0.005172310231467034,9.851409587237393,9.851425607951606
45.39513171057018,0.016565356651720896,0.026675705080624935,9.865731774868452,9.86578174591003
45.41513837945982,-0.010137159790866875,0.02859023872120704,9.842639186023774,9.842685929664194
45.43514504834945,-0.08131699864737812,0.02037258055247546,9.746931438932679,9.747291930149709
45.455151717239076,0.11074873503593413,-0.010073716533300739,9.832925033934014,9.833553858348623
45.475158386128705,0.0042708987477278896,0.003128326162698693,9.859379956740561,9.85938137807734
45.49516505501833,0.0026757453092573734,-0.013826217159594058,9.856282463632073,9.856292524412769
45.51517172390797,-0.04624229915991096,-0.04094205941909373,9.76775732258321,9.767952585641424
45.5351783927976,-0.043937077978848355,0.02861363541263146,9.84049070494809,9.840630392465851
45.555185061687226,-0.0027584687301909694,-0.0025219388180789176,9.863867112083375,9.863867820189256
45.575191730576854,0.0100851399693492,-0.04507835892373838,9.810883971559381,9.810992715922902
45.59519839946648,0.02106342417530257,0.016108487132628024,9.766418963316308,9.766454961664447
45.61520506835612,0.007123129719547813,-0.006718467528682436,9.83485957778175,9.834864452114648
45.63521173724575,-0.03557826609504403,-0.061794119178626365,9.841615739059552,9.841874043163125
45.655218406135376,-0.07513399827240147,-0.041211878173940356,9.805823755070223,9.806198195636192
45.675225075025004,-0.003006670481346155,-0.021018334759832887,9.774278296324086,9.77430135735826
45.69523174391463,-0.01601924011827384,0.0063153617533165795,9.839456162521085,9.839471229391455
45.71523841280426,-0.03787715172336854,0.023640599551516827,9.786935734031347,9.787037581343474
45.7352450816939,0.02484174672316877,0.022613067920926697,9.821920401796167,9.821977847788133
45.755251750583525,-0.04726730247539965,0.018085888647909075,9.85674499065039,9.856874915913412
45.775258419473154,0.01850906518369748,-0.0010308711507593746,9.76023605709144,9.760253661577508
45.79526508836278,-0.04230413925052444,0.05166696931794651,9.837232919939078,9.837459562155738
45.81527175725241,0.004022660567499929,0.020996137319996586,9.803802539090407,9.803825847344285
45.83527842614205,0.028019229660558656,0.006663161077268695,9.804580401480463,9.80462270176885
45.855285095031675,-0.010137999468068221,0.01699764317191081,9.825429493035985,9.825449425931009
45.875291763921304,0.05069759503520464,-0.01197105009466809,9.786858479057576,9.786997110517808
45.89529843281093,0.05753658976780512,-0.0017173080310486247,9.774749425892141,9.774918912568417
45.91530510170056,0.007115250000589662,-0.062458621186546846,9.75647415683908,9.756676671859733
45.93531177059019,0.016241561117708192,-0.011602429874328066,9.846952881282578,9.846973111108094
45.955318439479825,0.03182126598949558,0.05279664047300321,9.798849834446731,9.799043736827137
45.975325108369454,0.01633279117456468,0.004451258318612882,9.827098212370721,9.827112793152828
45.99533177725908,0.01311729652795631,0.0032021933208483543,9.795449037753551,9.795458343984585
46.01533844614871,-0.015722082083282633,0.029958122854478422,9.775147184898751,9.775205734889878
46.03534511503834,-0.050620685255331366,0.010734762468671319,9.829569378298174,9.829705583163625
46.055351783927975,-0.04170286239748431,-0.023594514127697842,9.819838877211746,9.819955774046456
46.0753584528176,0.07147102076284557,0.0007097253657097083,9.802893025380378,9.803153588390332
46.09536512170723,0.009673768734150023,-0.034056573740355436,9.819056881903245,9.81912070819317
46.11537179059686,-0.00737050444173995,0.005508365118608511,9.78118546331268,9.781189791336292
46.13537845948649,0.03789981777353728,-0.02513249857211823,9.84181799323666,9.8419230565306
46.155385128376125,-0.022483739185854886,0.027848838361012308,9.848771839156035,9.848836876305688
46.17539179726575,0.017493248022395637,-0.01530721865313985,9.832779137140108,9.832806612785946
46.19539846615538,0.002315761006801142,-0.024741117274036346,9.79884042722719,9.798871935273722
46.21540513504501,0.013800825033108073,-0.0033849596493443577,9.811780403840503,9.81179069354376
46.23541180393464,-0.010092296078815701,0.010961754573891395,9.857065093444044,9.857076355131705
46.255418472824275,-0.02894082921871141,-0.03621995990519525,9.848434986528336,9.848544112759347
46.2754251417139,-0.02468613219418926,-0.0156379979197076,9.869816072715262,9.869859333411503
46.29543181060353,-0.023516526067808918,0.0031548691708020897,9.786584434400606,9.786613197212302
46.31543847949316,-8.91093696646706e-05,0.04015105648609582,9.783893631480387,9.783976017315245
46.33544514838279,-0.04668405541421829,-0.07586147292881325,9.814031108627464,9.814435336035
46.35545181727242,-0.03742285845066278,0.018454896110497138,9.822206872718889,9.822295500747838
46.37545848616205,0.004065728925876066,-0.011506966932183222,9.805731325048214,9.805738919605776
46.39546515505168,-0.0038302513324174506,-0.014838310406870042,9.798309467164938,9.798321451178005
46.41547182394131,0.005706946027700955,-0.02043380880407275,9.848021855484875,9.848044708259755
46.43547849283094,-0.001351306029993265,-0.010916867509027685,9.807278037283586,9.807284206374831
46.45548516172057,0.0755685062066464,0.018624516027359834,9.77354365746245,9.773853543820476
46.4754918306102,0.0038021530197262015,-0.016103594134658252,9.777009327391935,9.777023328703912
46.49549849949983,-0.011372389484618273,0.04975776047440868,9.817411929754005,9.817544609750763
46.51550516838946,0.0030339535608452915,0.01871600352877214,9.900079574547352,9.900097730630339
46.53551183727909,0.030598651275309894,0.005939163754586116,9.780721687687645,9.780771354199494
46.55551850616872,-0.0014888516813239485,-0.004981683534498705,9.80055377793981,9.800555157139847
46.575525175058345,0.020541850759087373,0.03569562611484307,9.882144143257982,9.882229961576707
46.59553184394798,0.011881378932066486,0.040080590602749454,9.795471578104847,9.795560783251169
46.61553851283761,-0.008712467305279328,-0.03484146441762733,9.823663825238143,9.82372947439117
46.63554518172724,0.0033262739664585567,-0.0210569431619727,9.866277321677737,9.866300352574223
46.65555185061687,0.04796766342576228,0.019038906191760817,9.781455639572886,9.78159178281407
46.675558519506495,0.007292348851138931,0.02810042833332067,9.800722193339354,9.800765190710306
46.69556518839613,-0.029580630725132107,-0.009010216449278052,9.795469021990964,9.795517830033242
46.71557185728576,-0.009585312813986259,-0.02227334579137509,9.764463139110985,9.764493247230583
46.73557852617539,-0.06342741749198416,0.0023583787789963296,9.857080978370659,9.857285326772114
46.75558519506502,0.004121961202586404,0.04430080292237953,9.792437869845905,9.792538944854696
46.775591863954645,0.03936187031348441,0.001231027801564265,9.783712629725343,9.783791887264938
46.79559853284428,-0.04024217304401562,-0.037918223094753935,9.796666983357888,9.796823016006185
46.81560520173391,0.004491982035241472,0.003287496827322619,9.837864942154624,9.83786651696459
46.83561187062354,0.029562954176078595,0.02348244213689561,9.813386806110238,9.81345943078621
46.855618539513166,0.032734158995894526,-0.003041319340492743,9.78625001083709,9.786305229727787
46.875625208402795,0.038394035168274936,0.037745004374517305,9.822274495347452,9.822422056155233
46.89563187729243,-0.0560476149403651,0.025975471065524572,9.834377840932458,9.834571855371282
46.91563854618206,0.0151479286383543,-0.0018527677108906534,9.809287062362918,9.80929893337596
46.93564521507169,-0.04516695555283816,0.0012943205892138503,9.80295717213403,9.803061310010957
46.955651883961316,-0.029949964097174136,-0.05525279115549671,9.840476278151467,9.840676971232297
46.975658552850945,0.024633667788255185,0.036306801747364885,9.804624442604597,9.80472261014871
46.99566522174057,0.004741413655548509,-0.009885520460109326,9.858245745188702,9.858251841835315
47.01567189063021,0.02179008222718121,-0.011998702178290464,9.787270953837291,9.787302565077088
47.03567855951984,-0.027873498144050952,-0.016495608195822513,9.786572596027177,9.786626191609582
47.055685228409466,0.044208093304886294,0.01370092687470288,9.78288609659747,9.782995576504723
47.075691897299095,0.02065001801523152,-0.033860790022879776,9.802834606299301,9.802914836659767
47.09569856618872,0.026678943578803783,-0.02952518345137632,9.81007512184099,9.810155829478543
47.11570523507836,-0.032405003283454074,-0.0015757530509805952,9.770230922712816,9.770284788601057
47.13571190396799,0.03514203720637855,-0.018795399947546042,9.812902718037426,9.812983643291398
47.155718572857616,-0.009484847299212089,0.010057007201192455,9.826960625618579,9.826970349155433
47.175725241747244,-0.018336788104361724,-0.017696678380985483,9.76603525335621,9.766068501706302
47.19573191063687,0.018763906201369848,0.047851087931267605,9.794364857208574,9.794499720093643
47.2157385795265,0.017496353243638168,0.020803725203532127,9.82702457185707,9.82706216797481
47.23574524841614,-0.025404565432720128,0.020426586371368457,9.777317422023723,9.777371763842481
47.255751917305766,0.0616890303057756,-0.018148852614639242,9.800520644342596,9.800731596033874
47.275758586195394,0.05443051729169324,0.07217039023318345,9.842645507068015,9.843060592328243
47.29576525508502,0.018151054224353085,-0.013170330428229838,9.863855482893781,9.863880975852595
47.31577192397465,0.012912102681950647,-0.02141430831870349,9.823197456337475,9.823229283753458
47.33577859286429,0.009893586787808885,0.021202277908660437,9.804922401425172,9.804950316937726
47.355785261753915,-0.04649989878056014,0.0058568439882099345,9.794958059380928,9.795070184957304
47.375791930643544,0.0033842216376438854,-0.02455152927723533,9.837322622963146,9.837353842309854
47.39579859953317,0.0029862474568724414,0.06587541486265742,9.84400219197347,9.844223059415897
47.4158052684228,-0.017280350587151435,0.029267984945785135,9.77530692608647,9.77536601486887
47.43581193731244,-0.00928047516004753,0.00012015903803816782,9.83731280447832,9.837317182789752
47.455818606202065,-0.07143877184146419,0.07203330393249784,9.791788610948213,9.792314154299422
47.475825275091694,-0.032918187903749736,0.024323404328647578,9.784213326781433,9.784298935491515
47.49583194398132,0.027654788745218692,-0.00035702909378679867,9.805390673893488,9.805429678626414
47.51583861287095,0.05193590704918082,0.06844312935530782,9.839748397276871,9.840123491202219
47.53584528176059,-0.02830142055887313,0.019769542004226193,9.81928215974519,9.819342846539522
47.555851950650215,0.005485459649278167,0.01845735786961109,9.818469949943726,9.818488830888134
47.575858619539844,0.03295146988191951,-0.01159042881481507,9.820573249619992,9.820635370919707
47.59586528842947,-0.015606450776842619,0.0014824045709894123,9.82402974056071,9.824042248598614
47.6158719573191,0.020287445317038463,-0.01232078987592645,9.806575463474207,9.806604188153768
47.63587862620873,-0.0010136908674048062,0.043192072381243576,9.82895666296176,9.829051615749412
47.655885295098365,0.03571205965276047,-0.04828242430252389,9.79020953412075,9.790393723731952
47.67589196398799,-0.0384735221900587,0.040976112991945444,9.829530229528366,9.82969093038828
47.69589863287762,-0.033137298863029595,-0.026320275860938304,9.83570956043502,9.835800597548234
47.71590530176725,0.008386175068284332,-0.0017376360949053653,9.830974097837009,9.830977828255625
47.73591197065688,0.0028861829970130977,-0.0088564916347269,9.832530864950824,9.8325352772165
47.755918639546515,-0.0016897168947999054,-0.015604574594856205,9.823945969206905,9.823958507841331
47.77592530843614,0.01727502480613449,0.020693524444064793,9.84520328746028,9.845240191069726
47.79593197732577,-0.027919486936732085,-0.00015567639986426867,9.74185158648064,9.741891595321789
47.8159386462154,-0.04108306834864286,-0.020030962804466586,9.835612378726955,9.835718576827151
47.83594531510503,-0.015003243240861766,0.004619865905333812,9.869263725814736,9.869276211057795
47.85595198399466,-0.011648356760942963,-0.020882601799995286,9.791343135751235,9.79137233329915
47.87595865288429,-0.008512415431737334,-0.01613326497004266,9.787988104249125,9.788005101775205
47.89596532177392,0.0380713713406163,-0.04491789267116416,9.848589570389215,9.848765586223331
47.91597199066355,0.023112517403976275,-0.013509269804542893,9.782197819815622,9.782234452048106
47.93597865955318,0.015997196074662868,0.014826135791836028,9.789998270622737,9.79002256705167
47.95598532844281,0.006659987838879334,0.00111374753874112,9.815098455590935,9.815100778332088
47.97599199733244,-0.013025653671466653,0.054451910069194275,9.786031463695409,9.786191623231186
47.99599866622207,-0.02561835470350335,0.07838452421163916,9.836250735059807,9.836596411193161
48.0160053351117,-0.03591472262076063,-0.013926551889621695,9.786275936332284,9.786351747111116
48.03601200400133,-0.020835205514120263,-0.024999532731128656,9.8208190004312,9.820872920553247
48.05601867289096,-0.0012876596508296504,0.03389449639076832,9.818534473889896,9.818593061631452
48.07602534178059,-0.03464952600547999,0.010056247260976363,9.859916642172255,9.859982652537822
48.09603201067022,0.005085592732098273,0.034076228310449194,9.844959055988872,9.845019343134203
48.11603867955985,-0.0058331438170693495,0.011964921936135277,9.794114173756391,9.79412321923201
48.13604534844948,-0.01191895234629608,-0.005830735400273239,9.772065227805832,9.772074236076607
48.15605201733911,0.03484598703634911,-0.005660551446563368,9.835139065259323,9.835202423826631
48.17605868622874,-0.07381855866668194,0.012983303350981511,9.7903982749574,9.790685171532092
48.19606535511837,-0.011511886358547895,-0.006333416871445788,9.799929697862888,9.79993850586583
48.216072024008,-0.07057312336888433,0.03658503729593608,9.778205169298092,9.77852828208744
48.23607869289763,0.0071568801878832715,-0.03907011718503588,9.830370357923606,9.830450603554953
48.25608536178726,0.022865447495967785,0.0364243090818329,9.790605206506875,9.790699661855674
48.276092030676885,-0.040533186126414045,-0.0562020224374811,9.808948749350916,9.809193502724703
48.29609869956652,-0.03669172751674171,0.0043530685908366624,9.809414908023227,9.809484495620687
48.31610536845615,-0.050948994951313664,-0.009931281918706463,9.815506818597418,9.815644071398449
48.33611203734578,0.001909259781395033,-0.045490671109535426,9.82984915505159,9.829954600988724
48.35611870623541,-0.010223648286120823,-0.06180058250036212,9.802715388843174,9.802915527007485
48.376125375125035,-0.008359641911747802,-0.032925440103155054,9.787757172543404,9.787816121939242
48.39613204401467,-0.011039149184576444,0.0013705297968101807,9.754213660987338,9.754220003944889
48.4161387129043,-0.02920797193103817,-0.01806552386339155,9.81307888888103,9.813138985471435
48.43614538179393,0.03395622071688109,-0.031228467035135342,9.80529002878146,9.805398553378637
48.456152050683556,0.008170220403948823,0.040568432487671564,9.78868581509637,9.788773290708333
48.476158719573185,-0.03553990610332813,-0.03696554033785685,9.811876573864577,9.812010570563546
48.49616538846281,-0.021016404474975044,0.020373519946483395,9.835679480178447,9.835723034244886
48.51617205735245,-0.026162063234024268,-0.026669910251466138,9.843356642548416,9.843427539737746
48.53617872624208,0.042177837104191845,-0.03368417799475684,9.763945877447268,9.76409507796342
48.556185395131706,0.02133657818048596,-0.018115158807686733,9.79917416096954,9.799214134080353
48.576192064021335,-0.003794683707676584,0.018597481416123343,9.838830756371953,9.838849064726531
48.59619873291096,0.051216635548615774,-0.0411439726979424,9.857881231035691,9.858100138234143
48.6162054018006,0.04356130785597551,0.008623657815201044,9.785482090405248,9.785582849102965
48.63621207069023,-0.006921326824253099,-0.028822799930141592,9.851349687876978,9.851394283622733
48.656218739579856,-0.012316959663714287,-0.023423006107381548,9.769497111532962,9.76953295490431
48.676225408469485,-0.010870918676920457,0.01201924767123195,9.8444485368936,9.844461876341134
48.69623207735911,-0.02858239787906792,0.06520448489833432,9.80154731003384,9.801805866734506
48.71623874624875,0.05201923345401488,-0.02733050969962797,9.856884697969313,9.85705985101395
48.73624541513838,-0.030192375091766317,0.021596417509710038,9.796079063512341,9.796149396745017
48.756252084028006,0.02604912946282319,-0.0093813713169888,9.80070327819719,9.800742385887853
48.776258752917634,0.02071629392726488,-0.014242303643903899,9.805998221123884,9.806030446655361
48.79626542180726,-0.009145979346706978,0.03214128029250462,9.763888495358314,9.76394568095437
48.8162720906969,0.05430135310993351,-0.025305684325796707,9.75712581987724,9.757309735758309
48.83627875958653,-0.046772889632445844,-0.03462339680384265,9.825304625791222,9.825476959028768
48.856285428476156,-0.0023907390293667103,0.01380527385657257,9.839653870420602,9.83966384542188
48.876292097365784,-0.014671204948215133,0.04784351389460241,9.828227325085233,9.828354724959231
48.89629876625541,0.02881779450812559,0.02249984115873455,9.772380731574644,9.772449123478918
48.91630543514504,0.010606975931255041,-0.042210521422096,9.824405662352161,9.824502066492446
48.93631210403468,-0.051818855359994774,-0.01845999131906753,9.78029388078889,9.780448576606643
48.956318772924305,0.037184383312393585,0.029387947247304265,9.822229581246711,9.822343929863363
48.976325441813934,0.01456385168773703,0.047433306537258,9.843938974356073,9.844064026365915
48.99633211070356,-0.031064755858887922,0.006861339758232646,9.821024005600052,9.821075532527603
49.01633877959319,-0.010490373143591776,-0.017375176023233796,9.854056017067258,9.85407691933496
49.03634544848283,-0.038996547449162464,0.049380565181058565,9.805500375859419,9.805702258987358
49.056352117372455,-0.0051251407684944,-0.0022378075546550438,9.803500520360869,9.803502115446621
49.076358786262084,0.004503539020794687,-0.018174257224630813,9.812020538933425,9.812038404018848
49.09636545515171,-0.010039414759018456,-0.02324797614525099,9.769720767486039,9.769753586088624
49.11637212404134,-0.013513934996185625,-0.03585055040966565,9.797911467731486,9.797986375674745
49.13637879293097,-0.04838221107153536,0.08500741288369797,9.8005460049078,9.801034082835727
49.156385461820605,0.010117243845096241,0.042628735963817686,9.801480001701394,9.80157792355421
49.176392130710234,-0.05773363790588858,-0.019688799481508333,9.818048735014903,9.81823822204873
49.19639879959986,0.0009323855471178577,0.05195477780165749,9.765590126405302,9.765728374536328
49.21640546848949,-0.05397467472097383,0.01599906520209453,9.775631580484186,9.775793677904536
49.23641213737912,0.0015151467145885981,0.014223240039574439,9.843962087899154,9.843972479859067
49.256418806268755,-0.00018357013763245963,-0.02153751090348086,9.749782553278086,9.749806343424451
49.27642547515838,0.012100349030356216,-0.015423815344378373,9.828491132066185,9.82851068298906
49.29643214404801,0.025868571504047783,-0.0012727210374972224,9.79879320957607,9.79882743836448
49.31643881293764,0.03142765266752814,-0.05896646983320368,9.814803674449903,9.815031121189179
49.33644548182727,-0.048301277981277896,-0.014604604301972083,9.856742963560018,9.856872128500571
49.356452150716905,-0.0017461815939924096,0.00013468893700280808,9.80606451642404,9.806064672821709
49.37645881960653,0.060328226536801616,0.039285567194017115,9.828761640165174,9.829025293989696
49.39646548849616,0.0035730170549312158,-0.018496426382057132,9.811757009030458,9.811775093656504
49.41647215738579,-0.024940444209039403,0.024364143333434195,9.8067187149074,9.806780694527271
49.43647882627542,-0.002391033793180082,-0.06181481460213505,9.80300474106479,9.803199923580342
49.456485495165055,-0.011509978209421838,0.035010905264182046,9.831031750455187,9.83110082958891
49.47649216405468,-0.03529374471396462,-0.027010409013352932,9.78805194401636,9.788152842562964
49.49649883294431,0.026073125646210237,0.003908189072242803,9.776039304343463,9.776074854556455
49.51650550183394,0.017530576748260866,0.012190293575376565,9.812234249202934,9.812257481620101
49.53651217072357,-0.04003527216336384,0.006305386720675786,9.815783520107656,9.815867190143516
49.5565188396132,-0.002798237514507058,-0.0032033927596189565,9.75527525503803,9.755276182323886
49.57652550850283,-0.016993909475463684,-0.03724548856119869,9.809685377141681,9.80977080353485
49.59653217739246,-0.04804777543574901,-0.02668622754868478,9.773193692363565,9.773348233431575
49.61653884628209,-0.04244458372427956,0.029892958296648117,9.828805293223436,9.828942395992575
49.63654551517172,-0.03797879471400996,-0.01792132376380241,9.755889454323102,9.755979838420439
49.65655218406135,-0.0017528926032839107,-0.0030988678009047665,9.867752274895894,9.867752917170515
49.67655885295098,-0.013738590006100698,-0.044762587712717454,9.799854047500926,9.799965907615922
49.69656552184061,-0.028775638862877397,0.025757200845747775,9.784051141545381,9.784127360739069
49.71657219073024,-0.011756490888628533,-0.039584491204202696,9.801510826188954,9.80159780969007
49.73657885961987,0.02242604915536432,0.02747888425806321,9.826688125759016,9.826752135761541
49.7565855285095,0.01070088291816167,-0.031881352819303065,9.836714102677048,9.836771587637802
49.776592197399125,0.030056064228657087,0.030435240909833246,9.801770660699255,9.801863993946807
49.79659886628876,-0.0068493859415774665,0.0003057874591897771,9.766839287555635,9.766841694044908
49.81660553517839,0.04807671572044932,-0.016762721893412713,9.773631085991335,9.773763705169872
49.83661220406802,0.01044239651095476,0.04801205266344371,9.818591630962223,9.81871457047445
49.85661887295765,-0.01466752270024172,-0.002065649784546984,9.839619813885314,9.839630962842847
49.876625541847275,0.0027885542907110767,-0.010854368797679375,9.843524257547523,9.843530637036872
49.89663221073691,-0.03744227857769452,0.027273537827940283,9.815042777262324,9.815152086930699
49.91663887962654,-0.009185554087433078,-0.04441371334559988,9.839018986985444,9.839123516787312
49.93664554851617,0.012899226906798233,-0.0758149681204978,9.86737047652776,9.867670161719918
49.9566522174058,0.01835008524295768,0.03473939920910629,9.84571043138209,9.845788818074046
49.976658886295425,-0.012304866684935903,-0.025089062359560953,9.837661137042131,9.837700824789463
49.99666555518506,0.08201671282567904,0.025938672761594974,9.785803284507232,9.786181353265423
50.01667222407469,-0.00516623229465866,0.0013848711533406201,9.838878588612841,9.838880042428023
50.03667889296432,-0.0503518212642946,-0.03491968392382434,9.823836974336663,9.82402807348259
50.056685561853946,0.036398015760254934,0.0182184725902259,9.829519368851015,9.829603641597766
50.076692230743575,0.01821381911549031,-0.012305105706932325,9.847833188368336,9.847857719563281
50.09669889963321,0.006950664628657502,-0.03232021008919535,9.820756735451047,9.820812378038086
50.11670556852284,-0.013947626732753337,-0.031538891165902576,9.806923610080156,9.806984242461851
50.13671223741247,0.011800395480793242,-0.05198516262515185,9.777904025770173,9.77804933734941
50.156718906302096,0.04857048737992891,0.012090746465482137,9.80110451047064,9.80123231555922
50.176725575191725,0.0060489881202043785,-0.028062022333355776,9.816385568014882,9.816427541997424
50.19673224408135,-0.04410100760432778,-0.0010416638311456486,9.818328580205476,9.818427679257761
50.21673891297099,-0.103600622495633,-0.005451674835371188,9.81731628896011,9.817864428032275
50.23674558186062,0.011536786819151565,-0.028246700435390123,9.838785295792832,9.838832607085296
50.256752250750246,-0.029577406237803236,-0.04568699142416462,9.835960941006514,9.83611151609979
50.276758919639875,-0.0029913815218741194,0.07601132487390387,9.808137352756303,9.808432341633699
50.2967655885295,-0.024272328690401978,-0.0014559757793474598,9.784582136776322,9.784612350886867
50.31677225741914,-0.02642726952589794,0.05470148858280892,9.821500738103328,9.82168862273652
50.33677892630877,-0.022958223998588014,0.034948103511803705,9.877390126428464,9.877478633723019
50.356785595198396,-0.02024626079749698,-0.009634959044712257,9.819637283258372,9.819662882109036
50.376792264088024,0.02328707965448506,0.0054289391201942675,9.801122281428803,9.801151449548106
50.39679893297765,0.017209313794097538,0.004557473459014445,9.826075084574015,9.826091211602497
50.41680560186728,-0.0362396646843352,0.055326020667973194,9.827872087762838,9.828094629951792
50.43681227075692,-0.03215204179101026,0.02489501074930238,9.827539518012173,9.82762364427141
50.456818939646546,0.011373657134081172,-0.024218182380788125,9.851186405851372,9.851222740516292
50.476825608536174,0.03157507096306565,0.010548565096641744,9.821582788708605,9.821639208033913
50.4968322774258,0.031114240797423764,0.024129430242607587,9.849762367062311,9.849841065366546
50.51683894631543,-0.030087265223406948,-0.03525957146715223,9.816907023412126,9.817016450389955
50.53684561520507,0.029679342957006742,0.01482448034416055,9.855374948025267,9.855430786869738
50.556852284094695,-0.0532880890295655,0.04036466868615361,9.846202055872189,9.846428989840543
50.576858952984324,-0.006086532510301175,-0.025724179548754382,9.837653982346588,9.837689497827787
50.59686562187395,0.014610793278259582,-0.021579557027535282,9.833675572072888,9.833710103991512
50.61687229076358,-0.06236415039124954,0.03481417516042018,9.879045530312114,9.879303715547259
50.63687895965322,0.06278570772256387,-0.010627089387194777,9.842298527659993,9.842504523123225
50.656885628542845,0.03980085548929847,-0.029460252402572964,9.784520489861265,9.784645789760825
50.676892297432474,0.01941011917081767,0.026468191291022267,9.81737701654405,9.817431884298653
50.6968989663221,-0.02895084622694764,0.0173056271017752,9.802058496953183,9.80211652725669
50.71690563521173,-0.0020431087373139842,0.002831817224882336,9.871934289503939,9.871934907087148
50.73691230410137,0.023712605092890655,0.033737478853461116,9.847543126787864,9.847629468002266
50.756918972990995,-0.033679847009994414,0.035869057295836664,9.870958530738633,9.8710811584612
50.776925641880624,-0.0054142269371405165,-0.0024846872646833943,9.787200164152956,9.787201977108667
50.79693231077025,0.027311515494329464,0.0592297916265811,9.843050240356499,9.843266333960331
50.81693897965988,-0.0448378500531915,0.04750169860280993,9.76906413050892,9.769282513581206
50.83694564854951,0.00997274133061365,-0.05952895349671827,9.762236029975861,9.76242262232244
50.856952317439145,-0.052643088888635406,-0.03090352270299544,9.798091316025777,9.798281469712071
50.87695898632877,-0.028315402667359605,-0.06765875458926716,9.855371254124872,9.855644171018536
50.8969656552184,-0.015137778170282829,-0.009741449841742625,9.780221548771383,9.780238115262074
50.91697232410803,0.015406668381563357,-0.0363365459490019,9.809495644595303,9.809575042341862
50.93697899299766,-0.02102367307518611,-0.024429551962190238,9.845665286046177,9.845718039975216
50.956985661887295,0.00376645173987453,0.03271704440348617,9.835392394834779,9.835447531837431
50.97699233077692,-0.020616844134246987,-0.052644871792052406,9.876485597361386,9.876647421654523
50.99699899966655,-0.015918503163454563,0.0038920722309243785,9.810101159766296,9.810114847024842
51.01700566855618,0.03751984523358447,0.003710293274412424,9.796751113661081,9.79682366321259
51.03701233744581,-0.034506845347267154,-0.002471678626564331,9.77716556756763,9.777226772822706
51.05701900633544,0.02277461921841554,0.003923360459393209,9.798960001796479,9.798987253428034
51.07702567522507,-3.1916564249458915e-05,-0.06696845131247284,9.776892031224424,9.777121384370222
51.0970323441147,-0.017266610667239717,-0.02428663547393076,9.756106641602711,9.756152150250175
51.11703901300433,-0.03652568497230354,0.046290025957721685,9.868901777440263,9.869077929823508
51.13704568189396,-0.03438708921297274,-0.035906132565290426,9.811467203978262,9.811593164058594
51.15705235078359,-0.022159350742738396,0.04999832440692598,9.887744006136874,9.887895246217191
51.17705901967322,-0.0045016322166342645,-0.042204672353352186,9.784821346899825,9.784913402264099
51.19706568856285,0.01810528908469204,-0.04581121897236963,9.797135741738881,9.797259576602736
51.21707235745248,-0.009007177797670872,-0.02855336451792289,9.786738929647287,9.786784727424573
51.23707902634211,-0.006999325556466566,0.033872489048607554,9.790777318050218,9.790838412910265
51.25708569523174,-0.0025197066996691477,-0.016383624892481335,9.836208112326284,9.836222079695021
51.27709236412137,0.014303330743161861,0.010362209653174283,9.826989718987932,9.82700559162117
51.297099033011,0.019344084575895308,0.0022091076605161215,9.836262282762533,9.83628155194134
51.31710570190063,-0.041608964267155435,-0.0016338654819095862,9.85026814776456,9.850356164032286
51.33711237079026,-0.008462241292299354,0.03822354277822722,9.843220651325025,9.843298504029107
51.35711903967989,0.036822120520437644,0.023145538229611167,9.77974530766674,9.779842016481105
51.37712570856952,-0.03948359861159863,-0.034287095914871286,9.79428544308993,9.794425041840327
51.39713237745915,0.0022293867134687683,-0.008267123507749927,9.81364448430215,9.813648219687225
51.41713904634878,-0.005125320113903421,0.05230319460092496,9.921835000342895,9.921974181940861
51.43714571523841,-0.017000267698098342,0.009586853675038066,9.833172004263941,9.833191373216803
51.45715238412804,0.04772347953130074,-0.04523537892273959,9.813200664252204,9.81342096553922
51.477159053017665,0.001105074266036236,-0.043111167071303705,9.830198241652374,9.830292837148892
51.4971657219073,0.04533435215832942,0.02670435925698671,9.791906578367675,9.792047935226272
51.51717239079693,0.00016881615733229844,0.02107311951528191,9.817872765330069,9.81789538246741
51.53717905968656,0.01380767667953195,-0.02764096725411995,9.838639865544303,9.838688382039734
51.55718572857619,-0.01731664526780942,0.0224289053692304,9.80913012946376,9.809171056656782
51.577192397465815,-0.01698281025893261,0.04798176410157747,9.787303402378585,9.787435749763164
51.59719906635545,0.012280425907465807,0.04373576518981803,9.80766377841961,9.80776898262501
51.61720573524508,0.012830923729007732,0.048128341104673705,9.800412701742115,9.800539275687303
51.63721240413471,0.017939611997755636,0.01666466325188414,9.769286177409873,9.769316862340556
51.657219073024336,0.011300348608637264,-0.005329794573896634,9.792853435194223,9.792861405523116
51.677225741913965,-0.040092627810122544,-0.012074402414005076,9.768215616410087,9.768305356543491
51.69723241080359,-0.024191060301372472,-0.0005216066583852988,9.772896153285119,9.772926107485265
51.71723907969323,0.025498286584460846,-0.026280699133705978,9.775771665364006,9.775840244761545
51.73724574858286,-0.05875396096210012,-0.010778961735570915,9.838603538946776,9.838784874694683
51.757252417472486,0.0087782172451681,0.03825359244892803,9.854674951900785,9.85475310710796
51.777259086362115,-0.0033564029720754367,-0.048272130253124795,9.763917609688853,9.764037512873053
51.79726575525174,0.025487456024170786,-0.04622009177074255,9.857405509988235,9.857546819348325
51.81727242414138,0.012498635582122657,0.024915918132552856,9.776202174811184,9.776241915053593
51.83727909303101,-0.01991940839125386,-0.010505187740504242,9.83240640281917,9.832432192087548
51.857285761920636,-0.0212805011490499,-0.057769290736750016,9.81775675712299,9.817949780515049
51.877292430810265,-0.015683504189907577,-0.0018400246902132132,9.829075546341386,9.829088231045683
51.89729909969989,0.017401891421118833,-0.006123647544408223,9.775027708415672,9.775045116273297
51.91730576858953,-0.06906641038665734,-0.012932534294740016,9.755629281519838,9.75588233313288
51.93731243747916,0.004721383330711843,0.020571180794444522,9.785912747696024,9.785935508190281
51.957319106368786,-0.026491037616821016,-0.03999586706374791,9.82280605949882,9.822923206814911
51.977325775258414,0.005725058934217708,0.0003895624457878418,9.868707125264576,9.868708793571047
51.99733244414804,0.010334933595101068,-0.006329174838373119,9.779108292069418,9.779115801406965
52.01733911303768,-0.04986979748786061,0.0011347568373511246,9.807034875400552,9.807161736797108
52.03734578192731,-0.006805992810018935,-0.05196558474410161,9.787527624044712,9.787667941597439
52.057352450816936,0.004667110704007401,-0.01567946664420026,9.80948321451671,9.809496855776125
52.077359119706564,0.0026385028582544285,0.0005930757311168285,9.75207643916911,9.752076814137256
52.09736578859619,-0.0036660285934789452,0.01623478908893689,9.854941300061698,9.854955354328306
52.11737245748582,-0.03662662559442035,0.05539189516237498,9.81072108234859,9.810945822263578
52.13737912637546,-0.03205884091939626,0.024178451662170617,9.837514969919583,9.837596919481799
52.157385795265085,-0.04134141968261551,0.013834656019002458,9.803033939298928,9.803130873641095
52.177392464154714,0.016621367125192608,0.038144243768411315,9.81571884228381,9.815807029681421
52.19739913304434,-0.0034671252541980417,-0.009114673396297021,9.843866174779404,9.84387100510743
52.21740580193397,-0.0015525971787813918,0.04661784490904566,9.813951504692827,9.814062348002716
52.23741247082361,-0.05116480331534682,0.03357818370186346,9.815031189723465,9.815221983570389
52.257419139713235,-0.0010080839178361611,-0.013376333719273863,9.786181768721235,9.786190962421939
52.277425808602864,0.019009112159480483,0.05771865527199872,9.793967293149628,9.794155815015205
52.29743247749249,-0.05525518723722837,0.013408059447200355,9.779615530864772,9.779780817753853
52.31743914638212,-0.016062187762349116,0.06578906928185214,9.78785947234561,9.788093749341511
52.33744581527175,-0.04711047394634416,0.009095467628499183,9.847536873313926,9.847653760950587
52.357452484161385,-0.012608462241896615,-0.016857895785319075,9.864258279300214,9.864280742289994
52.377459153051014,-0.02702975692712769,-0.023026099300602197,9.772581753461118,9.772646260716169
52.39746582194064,0.011427265009248087,-0.010672303641988174,9.821855153551104,9.821867599280138
52.41747249083027,0.005077186902791752,-0.017138848260889985,9.800469258293987,9.800485559435922
52.4374791597199,0.038745132169021326,0.03814165670876081,9.851909057001473,9.852059076085107
52.457485828609535,-0.0016223354790148115,-0.0008692273365075509,9.814045806545337,9.814045979131068
52.47749249749916,0.0101546340631282,-0.048420680176872274,9.809775728857774,9.809900485190909
52.49749916638879,-0.01673122444945433,0.006390129476150658,9.787656920635209,9.787673306955265
52.51750583527842,-0.033091939536857365,0.003765391293308593,9.764046598827228,9.76410340168023
52.53751250416805,0.0250428730407026,-0.014058228635070322,9.832828154482485,9.832870094477293
52.557519173057685,0.03729765160641239,0.00802776065952812,9.820589357242543,9.82066346451919
52.57752584194731,0.021169670977147587,-0.0013232829938669166,9.821323324215614,9.82134622874221
52.59753251083694,0.003936843693885975,0.01901296102129699,9.792020186920242,9.792039436832278
52.61753917972657,-0.029222806634558285,0.017249368160496617,9.8056269466347,9.805685663414776
52.6375458486162,0.03424884520280839,0.010947085691972152,9.833732129583408,9.833797863413906
52.657552517505835,0.01738527946911036,-0.03896567711310194,9.839463378891933,9.839555892238764
52.67755918639546,0.06074635827988337,0.06357050184426935,9.774645851522445,9.775041322236646
52.69756585528509,-0.034632718507197194,-0.04667957109996932,9.790999557884959,9.791172082547254
52.71757252417472,0.025876995037421406,-0.0038612753044527074,9.768303497337836,9.768338535514713
52.73757919306435,0.01647319514624394,-0.03283300054046408,9.816037932377801,9.816106665168359
52.75758586195398,-0.01026081600744168,0.011890144849803766,9.836530149363098,9.836542687307308
52.77759253084361,0.040915046406093114,0.00415217174421925,9.801638534488518,9.80172480955892
52.79759919973324,0.012070354452736439,-0.005062982538606264,9.790114301070009,9.790123051078792
52.81760586862287,-0.028106790853849612,0.04553318351813557,9.799940944385842,9.800087028998439
52.8376125375125,-0.0035501704882322876,0.033254877515313495,9.879189399449295,9.879246007706275
52.85761920640213,-0.028465764213093377,-0.009813460292745919,9.845757842997706,9.845803883212685
52.87762587529176,-0.014055471461565409,0.02412403925748762,9.83192991518189,9.831969557652052
52.89763254418139,0.021114784606191987,0.04694040773515361,9.819602036867481,9.819736931224751
52.91763921307102,0.029678221357026486,0.03304035118628889,9.80961775606143,9.809718292676152
52.93764588196065,0.006636370013680952,-0.004086557564025119,9.782801035077139,9.782804139573992
52.95765255085028,-0.022502246297685963,-0.047709027042885495,9.77814928727076,9.778291567881553
52.977659219739905,0.01144825261186071,0.009739437147595807,9.792962679704605,9.792974214466769
52.99766588862954,0.02170198913872911,0.020058310061819698,9.78138660360594,9.781431245034485
53.01767255751917,-0.05916335235719153,-0.023088507008505642,9.791765611139406,9.791971566794416
53.0376792264088,0.0034943632509275165,0.0006763580117412497,9.806943131216412,9.806943777087103
53.05768589529843,-0.0057056939519799345,-0.0024866342629807623,9.809240952343112,9.809242926924515
53.077692564188055,0.028611337662287167,0.041631319074157284,9.791388561738467,9.791518867995586
53.09769923307769,0.011570674945844968,0.055614485267702685,9.824856286639207,9.82502050402971
53.11770590196732,0.014530551044183567,0.03525643410902105,9.804329808835549,9.804403967273126
53.13771257085695,-0.014457328991428866,-0.0025666704952833066,9.816440958935345,9.816451940615941
53.15771923974658,4.9551513973081225e-05,0.034431487408434505,9.787662288451994,9.787722850723034
53.177725908636205,0.028310549094116642,0.01946364617490809,9.8307861766353,9.830846208309646
53.19773257752584,-0.001946391989108301,-0.002246987291452215,9.793954616992453,9.793955068158187
53.21773924641547,0.005240086671947221,0.06277170867009899,9.85825662710216,9.858457864783992
53.2377459153051,-0.046078718953261974,-0.02214055319647502,9.803250259377265,9.803383553672509
53.257752584194726,-0.0020562010898164695,0.018117269268286277,9.807159478155166,9.807176428176327
53.277759253084355,-0.06035999904318328,0.025186819366617697,9.827807654590268,9.828025284917482
53.29776592197399,-0.0154843460807477,-0.008624965185712001,9.83435550580365,9.83437147811331
53.31777259086362,0.001905466731806977,0.016774145636380244,9.83758781040574,9.837602295793873
53.33777925975325,0.02301092383453712,0.02836491750663435,9.86326764099042,9.863335269013703
53.357785928642876,-0.029974798303559275,0.007339032615837427,9.829856565702121,9.829905007283141
53.377792597532505,0.011210524304103062,0.014174866900283446,9.807990405334658,9.80800705514854
53.39779926642213,0.044054802130863845,0.003162933688470629,9.794110622537946,9.794210214011692
53.41780593531177,-0.01922231597146867,0.023925603345801308,9.80598515150401,9.806033179805373
53.4378126042014,-0.04641158765167972,-0.006869360075814173,9.854520494712867,9.854632180060914
53.457819273091026,0.008695198711712654,-0.00935393350178564,9.76839101090933,9.768399359391834
53.477825941980655,-0.03575991019608878,0.0006168046154745292,9.785429756506227,9.78549511630059
53.49783261087028,-0.024569957204205593,0.03551006622594929,9.803430397693994,9.803525499024879
53.51783927975992,0.027700108251074575,-0.05242089446012952,9.785030535913599,9.785210157933998
53.53784594864955,0.05630697826130043,-0.027281079501324506,9.797736840454736,9.797936615834153
53.557852617539176,-0.030020703490244556,0.06827310144856324,9.864187036150396,9.864468984348676
53.577859286428804,-0.022122592200462404,0.008255652503228988,9.801057208811102,9.801085652889276
53.59786595531843,-0.01319606887226458,-0.012211081408881056,9.822349456954889,9.822365911596089
53.61787262420806,-0.016434241605762803,0.023845555064648617,9.760254094500128,9.760297059208805
53.6378792930977,0.05799877541436104,-0.02355081000606077,9.776926881920447,9.777127275075241
53.657885961987326,-0.015917034890633595,-0.06308366736584962,9.83798050828866,9.838195636525818
53.677892630876954,-0.011632557435783867,0.010643998432421666,9.860040853156347,9.860053460149558
53.69789929976658,0.04848532419524476,-0.02192351502134486,9.816642317918657,9.816786534560308
53.71790596865621,0.017300289346179033,0.0030416933438969914,9.800819512218311,9.80083525333372
53.73791263754585,0.029576976988477336,0.009882023695154077,9.824884848926665,9.824934338031417
53.757919306435475,-0.027183386190671743,0.004263485086973316,9.732076964513437,9.73211586228827
53.777925975325104,-0.01590539049527208,-0.051269862363359474,9.816873640305541,9.817020405905213
53.79793264421473,-0.03119155073036881,0.0007884252776222496,9.778616681996775,9.778666460610925
53.81793931310436,0.024037846381074472,0.013338058240932212,9.833822789466721,9.833861214014123
53.837945981994,0.03675729623350331,-0.04200177789672735,9.744231032754572,9.74439088234201
53.857952650883625,-0.017993231075445388,-0.04557520676539601,9.791148720722722,9.791271323334188
53.877959319773254,-0.010927239687128287,-0.03207073757563189,9.80877072485676,9.80882924051504
53.89796598866288,-0.00961470195115974,0.022402942162807093,9.787146264511321,9.787176627467652
53.91797265755251,-0.04641671979834527,-0.05994947239462712,9.798735467994357,9.799028789775434
53.93797932644215,-0.020214662332789613,0.02489321553433062,9.837133030520295,9.837185296867508
53.957985995331775,0.02319798644290803,0.011761672448706899,9.809265119564483,9.809299601369009
53.977992664221404,-0.026262555133352822,-0.007725058515957438,9.782082575851064,9.782120880417507
53.99799933311103,0.002789455866149643,-0.04441888987201238,9.838212001980235,9.838312671121479
54.01800600200066,-0.039240569233924695,-0.023894026346736548,9.817529426072136,9.817636924360217
54.03801267089029,-0.0043200273338660335,0.02345712156031903,9.81877462438755,9.818803594313565
54.058019339779925,-0.016899634637580235,0.03770175605530082,9.783224669243157,9.783311911052843
54.07802600866955,-0.03665014451351301,-0.03094088452923791,9.733571799820139,9.733689976246529
54.09803267755918,0.02371158288465335,0.03425590530851336,9.78281606299931,9.782904774589637
54.11803934644881,0.025398820836030563,0.020576256981243855,9.779763942658937,9.779818569717083
54.13804601533844,-0.02908616136707925,-0.0002051159329435378,9.791601091284578,9.791644293871228
54.158052684228075,-0.006485503925811816,-0.022135653889212056,9.784744330020231,9.784771517659333
54.1780593531177,0.001329560492173474,-0.017441700638399702,9.813380955271409,9.81339654523019
54.19806602200733,-0.05444285361383548,0.054687678484628986,9.836426324131372,9.83672900900255
54.21807269089696,-0.04191278179182096,0.00535325442639173,9.842284842820586,9.842375539768147
54.23807935978659,0.03858853309100343,0.039896050260327255,9.835116355750909,9.835272975412098
54.25808602867622,-0.03195380689507712,0.007246739498644228,9.78307125072565,9.783126118873414
54.27809269756585,0.037745493247550874,-0.013580937767742992,9.811767023799595,9.811849025206834
54.29809936645548,-0.040362410231499925,0.017522705413054077,9.856954975445102,9.85705318831732
54.31810603534511,0.019764833314212086,0.06473505216239676,9.762457970010813,9.762692604596442
54.33811270423474,-0.009339093225310059,-0.019323499814582906,9.850446901332754,9.850470281782663
54.35811937312437,-0.0051229880746310056,0.02741606710342057,9.78011689990831,9.780156668561826
54.378126042014,0.05567807740601892,0.005715269468628793,9.818812958627523,9.818972483367112
54.39813271090363,-0.037625599029560454,-0.04348554049116938,9.822383553509072,9.822551875667527
54.41813937979326,0.017843945887832127,-0.0441562152851975,9.815697391097086,9.815812928705563
54.43814604868289,0.016604689906734662,-0.013559512408156386,9.876854186826078,9.876877452106383
54.45815271757252,0.10063720167499132,0.01042465752422757,9.800975042985861,9.801497248536938
54.47815938646215,-0.032313924606956576,0.026351189090655387,9.760815363752291,9.76090442224248
54.49816605535178,-0.0187795438051031,-0.047127391619437034,9.820693412025806,9.820824443768123
54.51817272424141,0.02447766857497662,0.019580925604714108,9.804898800458266,9.804948906350015
54.53817939313104,-0.006007915776055894,-0.003551407665906154,9.826644036246575,9.8266465145872
54.55818606202067,-0.013891528701952484,9.941344597645475e-05,9.836462857256212,9.836472666898116
54.5781927309103,0.02872534464969496,0.01765835538098537,9.808989309848867,9.809047264830022
54.59819939979993,-0.007997053089111618,0.05238315960351971,9.823089312919269,9.823232237805279
54.61820606868956,-0.02675577211144253,0.009109254012182938,9.814327137967112,9.814367836029362
54.63821273757919,0.021786304642859432,-0.04070210948127122,9.863756623322242,9.86386465990484
54.65821940646882,0.011258640240835817,-0.0056127753878767225,9.79888314741397,9.798891222832363
54.678226075358445,-0.009385397868179293,0.02556402069439444,9.789387894059704,9.789425771985295
54.69823274424808,-0.010809045562800643,0.0265513019074964,9.836421927093337,9.836463700685401
54.71823941313771,-0.027447198148216893,0.01997473122270922,9.78212460553972,9.782183505581932
54.73824608202734,0.021752905653460254,-0.015300934660172065,9.821764734167477,9.821800741251158
54.75825275091697,-0.010803234517631245,-0.04103475892851882,9.804912325389926,9.805004144308132
54.778259419806595,-0.023095377107210095,0.017685232674717864,9.806960379463742,9.807003520355751
54.79826608869623,-0.03856665501575564,-0.036427105787937945,9.883119138720305,9.883261517892501
54.81827275758586,0.011764630737265082,0.020790330492755502,9.847022602347668,9.847051577783281
54.83827942647549,-0.015257489367389918,0.02079868076083903,9.840647385999583,9.840681193478611
54.858286095365116,-0.06038025941967214,-0.014030788101930912,9.82591711921431,9.826112653150847
54.878292764254745,-0.03609806368932139,-0.003373898699524566,9.789254576356795,9.789321713689718
54.89829943314437,-0.007007908069769478,0.005960336013586595,9.817844450602133,9.81784876093536
54.91830610203401,-0.006166129947515033,-0.018444440199633275,9.827499729024861,9.827518971872633
54.93831277092364,-0.00730626751111952,-0.04145040102330159,9.815969562904181,9.816059798979998
54.958319439813266,-0.011482683347026837,-0.001176578311407118,9.81284250982032,9.81284929869455
54.978326108702895,-0.04427561168209233,0.0019509783143953376,9.798076521036318,9.798176751222105
54.99833277759252,-0.026236455724471534,0.04083142090959157,9.818203759490439,9.818323717387539
55.01833944648216,0.03551330959452304,-0.023459762148835776,9.794232859456395,9.794325339749228
55.03834611537179,0.03108684380559197,0.03205488521343333,9.831102695387019,9.831204102996223
55.058352784261416,0.017338553470321535,-0.034412084367793076,9.749526863965272,9.749603011823993
55.078359453151045,0.01468507812122005,-0.040338065990963116,9.850762306993499,9.850855843020504
55.09836612204067,0.027142677241964747,-0.00902587334127825,9.770650022943963,9.770691892705056
55.11837279093031,-0.033623842124763006,-0.028227270318291663,9.777982349277913,9.778080903957548
55.13837945981994,0.0009878510027084666,-0.040758474221353314,9.822265625568651,9.822350240563507
55.158386128709566,-0.03360801451940881,0.058329909474443206,9.82619825491064,9.826428853952393
55.178392797599194,-0.033087434092958196,-0.013549429090678265,9.872348339292131,9.87241308382341
55.19839946648882,0.011041948132408236,0.06933910760268747,9.818888535879275,9.819139571086824
55.21840613537846,0.028402513174076258,-0.029842013966957282,9.808786357020216,9.808872873384491
55.23841280426809,-0.00581547403267614,-0.05125639699898995,9.815738981356285,9.815874529968731
55.258419473157716,0.049470012966285046,0.038738691567849724,9.857714632838634,9.857914878456205
55.278426142047344,0.0063535298113660986,-0.02179969896780747,9.882731999719931,9.882758085297063
55.29843281093697,-0.023303565972495343,0.004165973945964582,9.80445599103273,9.804484570421005
55.3184394798266,-0.03260185655621016,-0.04066900455038648,9.826283172485164,9.826421415492373
55.33844614871624,0.030543944525541485,-0.001143394257901308,9.807768324465135,9.807815951896693
55.358452817605865,0.0038537734721944506,-0.041148782095712766,9.807172009762384,9.807259092269598
55.378459486495494,0.02028142134508446,-0.002217221931328928,9.866371518715944,9.866392613182086
55.39846615538512,-0.07973889781359725,-0.0142179761846544,9.782228048284097,9.782563367099003
55.41847282427475,0.007340161030408151,0.006908031911583107,9.739971563733501,9.739976779295013
55.43847949316439,-0.015353225654887113,0.018770741133264348,9.819523330771396,9.819553274249522
55.458486162054015,-0.04181278607750593,0.007232399975976613,9.846030195862863,9.846121634152823
55.478492830943644,-0.001880470288452761,0.01353139626486447,9.816596898787532,9.816606404870187
55.49849949983327,0.03275440600963367,-0.0032709802619857206,9.82506610653624,9.825121248525747
55.5185061687229,0.06798684859259155,-0.013059561046969113,9.832571801433808,9.832815517137885
55.53851283761253,0.0072645722196753105,0.014103560483687041,9.813327332202288,9.81334015579692
55.558519506502165,-0.021274397698845673,-0.003343434476345542,9.82668922870345,9.8267128265798
55.578526175391794,-0.023085076695554006,-0.002199293463424323,9.82618835695961,9.826215720413755
55.59853284428142,0.028893970861955977,0.011932348963405852,9.751241862082816,9.751291970571915
55.61853951317105,-0.029906223574586766,-0.03099646794067553,9.813416006811893,9.813510528143595
55.63854618206068,0.018672821385832886,0.04288833282283297,9.762816515011215,9.762928576463445
55.658552850950315,0.008810435698788529,-0.007480697416687886,9.808854854846778,9.808861664233126
55.67855951983994,0.005493041756486379,0.0037254484791021288,9.795141571534817,9.795143820224574
55.69856618872957,-0.047043557696423766,-0.0013355834379173395,9.841020337631035,9.84113287003948
55.7185728576192,-0.010708746066789745,0.0195822946170636,9.8173323827763,9.817357753357722
55.73857952650883,-0.04374473374072838,0.010175450129125182,9.824195785382647,9.82429844676176
55.758586195398465,-0.01764742203950297,-0.0014977184060848516,9.804256478461133,9.804272475309535
55.77859286428809,0.02751415984561537,0.04346262348410616,9.841565437878192,9.841699868247897
55.79859953317772,0.03693173710066695,-0.09610036827614057,9.762080239784318,9.762623102526058
55.81860620206735,0.006418459484726561,0.037280231414008415,9.783134926436361,9.783208062856245
55.83861287095698,-0.017110215373019558,0.027606462155728782,9.848589213648264,9.848642768189523
55.858619539846615,0.04764297997081254,-0.055074498984073385,9.796930545026035,9.797201190036008
55.87862620873624,-0.0175077190126854,0.027878496531517576,9.745625039844874,9.745680640573305
55.89863287762587,-0.03407059475427013,0.031754023366786156,9.853579238298417,9.85368930547602
55.9186395465155,0.020894489037503503,0.01685290469643169,9.842308082140795,9.842344689343228
55.93864621540513,0.013732021277091201,-0.04677262331044254,9.831329082198323,9.83144993219099
55.95865288429476,-0.016277277327775223,0.020479581526926766,9.812832180208552,9.812867050966972
55.97865955318439,0.003006756887087017,0.030215905680057845,9.859822410544762,9.85986916794659
55.99866622207402,0.013264799665553193,-0.017166194843426172,9.847758552871875,9.847782448288383
56.01867289096365,0.0061103652315544895,0.013234015679581702,9.856435682063761,9.856446460585783
56.03867955985328,0.013768168648937417,-0.01059623686558355,9.830865014413417,9.830880366189051
56.05868622874291,-0.015171445846799227,0.02656130971550527,9.813683875537533,9.813731547425183
56.07869289763254,0.01578735132718797,-0.0094052005568323,9.798025053869557,9.798042286830313
56.09869956652217,0.0005267351274984578,-0.017403523885380374,9.771932284726024,9.77194779649197
56.1187062354118,-0.014154315646090602,-0.0011788962800915756,9.825061368463992,9.825071634778617
56.13871290430143,-0.007376542866998242,-0.040249563614500716,9.827560720043868,9.827645910741035
56.15871957319106,-0.0029370550777325366,-0.004157459496970843,9.799506560042781,9.799507882086912
56.178726242080685,-0.043361350111838365,0.01086278212074715,9.8284104308435,9.828512084941048
56.19873291097032,-0.01909977739709785,0.02609877808099053,9.800034665052026,9.800088029397251
56.21873957985995,0.001947165467783577,0.007468702159145983,9.83602283074041,9.836025859045506
56.23874624874958,-0.04052973106166557,-0.042978049112591926,9.783536781205719,9.783715128774478
56.25875291763921,-0.018597709854437417,0.04056813414689288,9.77834665394974,9.778448493147062
56.278759586528835,0.07153934935115616,0.04308475519122717,9.80278263818344,9.803138355960614
56.29876625541847,-0.03387775094463582,0.0033770176581234667,9.834863561865069,9.834922490124598
56.3187729243081,-0.01151441737951288,-0.022558248634459644,9.77523643606023,9.77526924628005
56.33877959319773,-0.025011518355861934,-0.015948538093846363,9.841490610570276,9.84153531568427
56.35878626208736,-0.003506100118600104,-0.006105671931542555,9.760722355968444,9.7607248953277
56.378792930976985,-0.024447550294049398,0.008360053685929798,9.802597623732172,9.8026316745052
56.39879959986662,-0.007297293698772984,-0.009134558445292193,9.767607716186921,9.767614713325235
56.41880626875625,-0.02155641105449679,-0.025751626017035276,9.731703019074503,9.731760964828712
56.43881293764588,0.03165383449109474,0.030690296526493115,9.820993554143259,9.82109251815002
56.458819606535506,0.002449111131586401,0.0077185766422230235,9.804665666741068,9.804669010789796
56.478826275425135,-0.0300891797088966,-0.031571160673078455,9.768087032015085,9.768184394345916
56.49883294431477,0.025223895714980793,0.008739313688573712,9.794501584260457,9.794537962793314
56.5188396132044,-0.028747998480903387,0.004856124863372451,9.82325475680788,9.82329802288997
56.53884628209403,-0.04692240566734953,-0.021541587358331733,9.798955509990325,9.799091531305812
56.558852950983656,-9.127462298422276e-05,0.035851492788329595,9.804039566532948,9.80410511775602
56.578859619873285,0.057217932730199365,0.00404667619281947,9.79804630289031,9.798214205710988
56.59886628876291,-0.05482992386747662,-0.006498649262465032,9.792530936057101,9.792686591871963
56.61887295765255,-0.039929637647072906,-0.002504452442262643,9.792139881757707,9.792221612696197
56.63887962654218,0.02257576989482533,0.013317503875644794,9.791259079011128,9.791294162347166
56.658886295431806,-0.01926964198835881,-0.0021655024359031254,9.787405713717808,9.787424922492082
56.678892964321435,0.018358457017396298,-0.0024163101911662535,9.779481162069276,9.779498692201296
56.69889963321106,-0.02512466720825841,0.031978952049761374,9.798608630468465,9.798693024856306
56.7189063021007,0.0042588653222752895,-0.042552129824617965,9.79080216443016,9.790895558869819
56.73891297099033,0.05233421776156465,-0.037546594187848836,9.77784904108453,9.77806118242883
56.758919639879956,-0.035837689410656126,0.023308900799758107,9.832980439660709,9.833073373650219
56.778926308769584,0.030712824304119122,0.07247549361250902,9.846979079157501,9.847293687105946
56.79893297765921,0.020391203898962606,0.02629486350456155,9.809996916761898,9.810053349901882
56.81893964654884,-0.04467732753296726,0.055926263882181734,9.811994189637925,9.812255285512894
56.83894631543848,0.016767015712253197,-0.01303114841147184,9.789223081023913,9.789246113654317
56.858952984328106,0.002184183865878183,-0.01911243535013454,9.84201094070373,9.842029740494391
56.878959653217734,0.002732820297411883,0.01369599519738154,9.86214543345229,9.862155322197836
56.89896632210736,0.010095526993551086,0.02860946879481091,9.80508618512923,9.805133120931204
56.91897299099699,-0.010510975332474151,-0.03934652703847065,9.794356604148225,9.79444127651059
56.93897965988663,0.0021029687682719324,-0.006396551184894995,9.820244257978645,9.820246566390646
56.958986328776255,0.007243572751208652,-0.0008105150293216033,9.813867931321152,9.81387063801508
56.978992997665884,0.022381738166565853,-0.02036610647056122,9.794995335736282,9.795042079929603
56.99899966655551,-0.04581483100134243,-0.01686665479637231,9.82413587499097,9.824257181745004
57.01900633544514,0.03872657689473313,0.025292079031775792,9.838144728221698,9.83825345935223
57.03901300433478,-0.0346587102917764,0.014090534432724705,9.786425447960257,9.786496963563817
57.059019673224405,0.022848853924391614,0.023953542655783623,9.886261019391469,9.886316441722402
57.079026342114034,0.0023833529781833985,0.010106240711183217,9.764011735287065,9.764017256400987
57.09903301100366,-0.038434690283960925,-0.026197700305576145,9.784449278209774,9.784559837968098
57.11903967989329,0.01584436409112013,0.012693091555175139,9.817019040909072,9.817040032923261
57.13904634878293,-0.02836219917585513,-0.028562787071325257,9.877406193551296,9.877488211056132
57.159053017672555,0.0320638666547292,-0.009352600171030257,9.793122279249582,9.793179235519451
57.179059686562184,-0.02132504515503732,-0.03108745964454675,9.778027610622132,9.778100282866134
57.19906635545181,-0.044849582928161325,-0.01832663376212601,9.826477244352862,9.826596683713976
57.21907302434144,0.04601535315108885,0.0027143654206354673,9.802542167768458,9.802650546223914
57.23907969323107,0.005439710137107264,-0.013724718134859643,9.829957670848634,9.829968757275385
57.259086362120705,0.026015733772839465,-0.026494872300734357,9.807876583502988,9.807946873524969
57.27909303101033,-0.025544156362601017,0.03413392414746239,9.784285003736102,9.784377888401345
57.29909969989996,-0.05675431610124602,-0.003587751521335782,9.880466279112428,9.880629930173221
57.31910636878959,0.050256072722633306,-0.01583784139298773,9.721368282027578,9.721511085468006
57.33911303767922,-0.00019280436536845867,-0.032471973321059285,9.864607162510493,9.864660609310297
57.359119706568855,0.014740556824906395,-0.05615984655429446,9.837997857127018,9.838169191938931
57.37912637545848,0.019697873417948073,-0.006661410411933639,9.787632321254184,9.787654409339627
57.39913304434811,-0.010061731590470682,-0.04134656110559914,9.866172603145014,9.866264369638952
57.41913971323774,0.006786886428465494,0.021361093780828587,9.768857424022674,9.768883136215614
57.43914638212737,0.04781857777516334,0.0008847358379558641,9.840243328860225,9.840359554930709
57.459153051017,-0.0009732368663799079,0.04675082337414407,9.747520646608587,9.747632807135117
57.47915971990663,0.028263039492587252,0.006692228197113952,9.77562365421089,9.775666801507048
57.49916638879626,-0.059737409400918644,-0.021799733917789492,9.775549145230563,9.77575597472128
57.51917305768589,0.033712818909576434,-0.05640022807105348,9.787480300187136,9.787700862124698
57.53917972657552,-0.04566012894017921,0.024196315912252693,9.81034743346136,9.810483529077475
57.55918639546515,0.03028226472100502,-0.0389684478160617,9.785220709076755,9.785345159003151
57.57919306435478,0.011718936613538134,-0.01224433568069285,9.748907671449066,9.748922404228585
57.59919973324441,-0.002877620282216346,0.050222647396647405,9.823903523061022,9.82403232005172
57.61920640213404,-0.002987646636237894,0.018329500471461795,9.811468527687826,9.811486103869722
57.63921307102367,-0.00758193280072004,0.011695963636048218,9.822267820226946,9.822277710059728
57.6592197399133,-0.0246200855833069,0.02832967329360327,9.81515753727798,9.81522929944012
57.67922640880293,-0.00617928835890139,0.02721149456716583,9.838627058459556,9.83866662940125
57.69923307769256,0.06624177232527266,0.04742839295862511,9.807735529405168,9.808073900599236
57.71923974658219,0.03906920132354189,-0.018065380514066063,9.840375619044309,9.84046975933298
57.73924641547182,-0.026130095355673018,-0.011300524602922952,9.786729100556963,9.786770507753214
57.75925308436145,0.008030622069818645,-0.02767153887185062,9.788439888619834,9.78848229594753
57.77925975325108,0.0028793748970929447,-0.0009809290915192008,9.851281181861946,9.851281651497382
57.79926642214071,-0.0042688032902901485,-0.003966981875105826,9.85067005974682,9.85067178346833
57.81927309103034,-0.030083326699124377,-0.05264856712006721,9.827212264283425,9.827399338861103
57.83927975991997,0.01337693954419957,-0.019617022712836392,9.783326762614207,9.783355575372648
57.8592864288096,0.025382148897439095,0.04317349602596899,9.780911026941128,9.781039245457524
57.879293097699225,-0.025016960552003406,0.007326257846612559,9.849841918870839,9.849876412885314
57.89929976658886,0.05866624251867622,0.021461958542601384,9.848179947827346,9.84837807095485
57.91930643547849,0.045660097477066626,-0.003616340035520437,9.808092619269896,9.808199567229119
57.93931310436812,0.016444966768536972,-0.05661280572593525,9.880256547809097,9.88043242460717
57.95931977325775,-0.0369515910800644,-0.0038590776548861785,9.823767002158384,9.823837255637923
57.979326442147375,0.012042258779536864,0.03125089672562936,9.776784018779066,9.7768413807526
57.99933311103701,0.008459340046933954,-0.03557051373731728,9.801731067009964,9.801799259925183
58.01933977992664,0.015394658286554903,0.02241116780230911,9.810164117340161,9.810201795329926
58.03934644881627,0.04771392816869208,-0.051054950078780297,9.812591959102473,9.812840780462675
58.059353117705896,-0.005279221638498613,0.0006057371469699237,9.847500096535551,9.84750153025458
58.079359786595525,0.06143479738967231,0.01633555350439888,9.781311332620069,9.781517902160195
58.09936645548515,0.012195130379812498,-0.009363375728081767,9.770054631026634,9.770066728904924
58.11937312437479,-0.008713895269837946,0.07417414621360051,9.828069710490153,9.828353471980508
58.13937979326442,0.07198131620119234,-0.014795713112658074,9.794790464732225,9.795066128976256
58.159386462154046,0.024896757000602694,-0.017352487130346064,9.882705183704005,9.882751777988192
58.179393131043675,-0.013642016608724184,0.006134761255650134,9.83829661144427,9.838307982304102
58.1993997999333,0.0025264976683932717,-0.022649194075116265,9.794238106429793,9.794264620410466
58.21940646882294,0.01905699065563602,-0.04324012781445934,9.846385612163527,9.846498997154631
58.23941313771257,-0.004525830803560254,-0.032930093247666506,9.83191232385249,9.831968511855
58.259419806602196,0.004017236071348509,0.022739602786436858,9.829010914423899,9.829038039583766
58.279426475491825,-0.024516108109881637,-0.009148186766260648,9.806332682052346,9.806367594576798
58.29943314438145,-0.05055583592423724,0.05106062851505779,9.822613525549155,9.822876338050456
58.31943981327109,0.0031925796823413567,-0.013237087352176054,9.74691126298222,9.746920774352084
58.33944648216072,0.004200834666776619,0.021315310641968937,9.849512682126662,9.849536642139752
58.359453151050346,0.015813587746735632,0.015325259383856118,9.70691812830996,9.706943107015986
58.379459819939974,-0.017285691213185902,-0.013684524215400637,9.796736307179224,9.796761114456517
58.3994664888296,-0.04021662883621995,-0.02636426787497728,9.76212868340418,9.7622471226249
58.41947315771924,-0.028959734092420454,-0.05195411096777843,9.794974465763055,9.795155061600372
58.43947982660887,0.03166901270519474,0.01659362339040278,9.807776481827638,9.807841647997497
58.459486495498496,-0.01999833936622714,0.035947791976504356,9.774096193982514,9.774182757987946
58.479493164388124,-0.013262429574112855,-0.04769792015262703,9.726765682720822,9.726891673611902
58.49949983327775,-0.009372406914933356,-0.011113348049900228,9.816211971724233,9.816222736997078
58.51950650216738,-0.01857828507860371,-0.02000754990578246,9.872593193460837,9.872630947133542
58.53951317105702,-0.020796324825984997,0.01654107450960623,9.7994615949945,9.799497622125553
58.559519839946645,-0.026133706939014314,-0.00985958063858003,9.838779928686774,9.83881957691564
58.579526508836274,0.042019697237045996,0.03968941711253449,9.855131545126707,9.855301044439898
58.5995331777259,0.020403020500287895,-0.011531795729005494,9.752998862263627,9.753027021026544
58.61953984661553,0.037434623194507126,-0.03709150378607713,9.796281745455651,9.796423488550015
58.63954651550517,0.04348019269382514,-0.01406415975632437,9.771708431649337,9.771815286880585
58.659553184394795,-0.07049639392298943,-0.010758438004762602,9.785811688860656,9.78607152515177
58.679559853284424,0.010303639260842297,0.015782998364839852,9.8610603510344,9.861078364700388
58.69956652217405,-0.01758535901694957,-0.01120557166096453,9.816710384592726,9.81673253097275
58.71957319106368,0.03350428933060045,0.013202895402011324,9.833664708031355,9.83373064730939
58.73957985995331,-0.022244136097276844,-0.023714528162670556,9.808683026821086,9.808736916702616
58.759586528842945,-0.03162449269091129,-0.008840300393839684,9.773683420627934,9.773738581837883
58.779593197732574,-0.04302137581959306,-0.02355102830137564,9.830343470916562,9.830465820392407
58.7995998666222,-0.009080247329364063,-0.025399247690284146,9.847577261143286,9.847614202783388
58.81960653551183,0.02744835787584933,0.03824500671852037,9.81952122648506,9.819634067025087
58.83961320440146,0.007685016505839353,-0.021453887143778064,9.8246737308528,9.824700160639068
58.859619873291095,-0.03607944795408431,-0.010428143464432955,9.772955958408996,9.773028120175583
58.87962654218072,0.06457977271085671,0.03133813379848288,9.831205908994477,9.831467960112635
58.89963321107035,0.01948615918474704,0.022500041888145892,9.850380414687791,9.850425385553132
58.91963987995998,0.02332230347273059,0.04923621649984603,9.822137564228145,9.82228865720592
58.93964654884961,0.038550864820429735,0.014484055935125344,9.756096502623693,9.756183420045003
58.959653217739245,-0.04920646765877339,-0.018011981690581737,9.859068885023259,9.859208131872338
58.97965988662887,-0.027343024157636477,0.06171433946867698,9.781655283190688,9.781888180706138
58.9996665555185,0.024690340707728176,0.017462422336658047,9.821633604806697,9.821680162588594
59.01967322440813,-0.024322149840644305,-0.004640860164049983,9.838589288056829,9.838620446161267
59.03967989329776,-0.008250404167651446,0.0017239664910156016,9.84238854966153,9.842392158603404
59.059686562187395,-0.002332219584939002,0.005378447383521442,9.755998295646606,9.75600005697027
59.07969323107702,-0.03832216165889752,-0.007104356243679741,9.813516517682189,9.81359391368794
59.09969989996665,-0.010824515464009195,-0.041275668057515015,9.811530648326478,9.811623439266228
59.11970656885628,0.02743509652055497,0.04880163156739745,9.853170845631796,9.853329893846706
59.13971323774591,0.021883616694535236,-0.0006550222852431199,9.82376170627232,9.823786102280335
59.15971990663554,0.03339043985902403,0.005504895381079298,9.853443529831349,9.853501642610224
59.17972657552517,0.030296276213723886,0.06234432178183438,9.826197527996555,9.826442008072732
59.1997332444148,0.012176217771077523,-0.020498557896527554,9.807775013863164,9.807803993438778
59.21973991330443,0.00980035494929099,0.019664559741423126,9.815815782646146,9.815840372617728
59.23974658219406,0.007599922803198532,-0.0237689605070995,9.855707907513075,9.85573949942499
59.25975325108369,-0.018811415017618825,0.009630634876363158,9.771092044934964,9.771114898979256
59.27975991997332,-0.03089834171161841,0.006045172387540741,9.837178635303616,9.837229018097709
59.29976658886295,-0.020687920383597007,0.023718032914209496,9.791171520263378,9.791222103208147
59.31977325775258,-0.009780879496724067,0.03624506153071,9.78472562747254,9.784797646094015
59.33977992664221,-0.019674778342283285,-0.017385632735990152,9.840702790998487,9.840737816743918
59.35978659553184,0.012414952154517466,0.042500245221717546,9.78350738234967,9.783607570951085
59.379793264421465,0.006056856481927535,0.04462442815683937,9.82131224150776,9.821415487102099
59.3997999333111,0.009279704961606542,-0.007499561540805288,9.795331757335207,9.79533902387289
59.41980660220073,0.010542241977473388,-0.0001974774420938839,9.739291899123106,9.739297606818893
59.43981327109036,0.03586991813353598,-0.01483050359848317,9.824331479403131,9.824408155815556
59.45981993997999,-0.00025718677161301254,-0.009163236415309138,9.813789638188704,9.813793919461862
59.479826608869615,0.03025108301503834,-0.03610426965750204,9.752697584567557,9.752811329167653
59.49983327775925,0.015497560739375018,0.023326073169875717,9.789042313753834,9.789082372752892
59.51983994664888,0.033889006099052564,-0.06150881677574315,9.755790236498632,9.75604299589939
59.53984661553851,0.048438895031597165,-0.020912845522880585,9.831950696618893,9.832092258232958
59.55985328442814,0.017299487399372104,-0.001384861532087024,9.851639796081303,9.851655082362486
59.579859953317765,0.0031130474901599594,0.038993919912838175,9.835484718151386,9.835562508461035
59.5998666222074,0.002919234523299243,-0.016357337079057198,9.839673904704004,9.839687933838118
59.61987329109703,-0.014104982386855154,0.012835550133077338,9.794465087829996,9.794483654516762
59.63987995998666,-0.015113164397281685,-0.0024295234335069233,9.826407840333312,9.826419762807113
59.659886628876286,0.027063514899346053,0.028353567014170016,9.809727941095735,9.809806248693983
59.679893297765915,-0.02891010877342667,0.011267572468721126,9.815559435482665,9.815608477525547
59.69989996665555,0.04844317906686678,0.024906281641191668,9.838722943813636,9.838873727698113
59.71990663554518,-0.004551697587120591,-0.016519047454637698,9.845264622619418,9.845279533171274
59.73991330443481,0.08586233679368442,-0.030420746824750076,9.798307308310845,9.798730727538887
59.759919973324436,-0.020793462804888516,0.01101384957160088,9.76777065565935,9.767798997447567
59.779926642214065,0.007505667599410038,-0.014631840571177826,9.804377863959214,9.804391655023684
59.79993331110369,-0.010555478107452573,0.0009097161554991497,9.803421801440583,9.803427526261522
59.81993997999333,-0.02379252274629815,0.009518248207922702,9.818537936400425,9.818571377228048
59.83994664888296,0.03191401052636156,0.03725722591964174,9.834989877553925,9.835112225924993
59.859953317772586,-0.033166625831934186,0.023597119301699977,9.752562541035479,9.752647484961036
59.879959986662215,-0.020282235209227038,-0.020430290183219107,9.789872593464256,9.789914921085098
59.89996665555184,0.01758959126744732,-0.034350667132726706,9.781083354320478,9.781159488844793
59.91997332444148,0.02234882432848214,0.05122143314263342,9.847526813660755,9.8476853854563
59.93997999333111,-0.041756562636825624,-0.047479790159230345,9.803748873199428,9.803952769661626
59.959986662220736,0.01745030655646122,-0.01357508543073153,9.794613492913147,9.794638445174975
59.979993331110364,0.003866997402490168,0.019357344609663506,9.826149050773397,9.82616887848332
60.0,-0.027531700735845897,0.04916283740850096,9.792209809472519,9.792371925731645
