time_s,accel_x,accel_y,accel_z,magnitude
0.0,0.03061608624053398,0.046992562303427673,9.805697303506232,9.805857701070208
0.020006668889629875,0.04293650809641781,-0.07515923779015309,9.809020322887791,9.809402232020991
0.04001333777925975,0.01994759648542178,-0.013111802235098525,9.811928846357628,9.811957883722714
0.060020006668889625,-0.0776999076384708,-0.0016664009352533897,9.838405843849387,9.838712802029992
0.0800266755585195,-0.006216897301110388,0.0006363463359852433,9.787583480745399,9.787585475862212
0.10003334444814937,-0.04622830299667661,0.007219842243123248,9.78460959025462,9.784721458264546
0.12004001333777925,-0.008104230916722955,0.024417592792379726,9.84709859226429,9.847132200959317
0.14004668222740912,0.03920016944535576,-0.0014162975618140345,9.796120657743561,9.796199191536147
0.160053351117039,0.012206033434998907,-0.014722331285747228,9.77210893939269,9.772127652545745
0.18006002000666887,0.045923634655897314,-0.016303573786387825,9.795446101737005,9.795567319904086
0.20006668889629875,0.013670156828541573,-0.024460632081534185,9.80009841794268,9.800138478464076
0.22007335778592862,-0.0519330375867561,0.03150173297307461,9.856648881831774,9.856836032890516
0.2400800266755585,-0.10083388026290939,-0.025861139179060584,9.837744786371303,9.838295520653173
0.2600866955651884,0.005952350467183613,0.03387084436032978,9.844425618498967,9.844485686044372
0.28009336445481825,-0.008557058654046615,0.0007599632903948401,9.834599209270404,9.834602961369567
0.3001000333444481,-0.03907782957527529,-0.020850192274245182,9.83838731014846,9.83848701131289
0.320106702234078,-0.06802508998605512,0.024736288629765395,9.78935753620259,9.789625134214754
0.3401133711237079,-0.02938972853890837,-0.02909815698892473,9.804041935339397,9.804129167283406
0.36012004001333775,-0.0077796593945910425,0.025527361629128515,9.780302540609293,9.780338948888256
0.3801267089029676,0.026635112948255605,0.008509044847671395,9.80368535908389,9.803725233450894
0.4001333777925975,0.007545243262719202,-0.02385298756367683,9.830523149728043,9.830554983979825
0.4201400466822274,0.06432268988690916,0.021145392613382365,9.814037498544367,9.814271066100531
0.44014671557185725,-0.04142416224181577,0.02186358902754555,9.849344424568809,9.849455800780431
0.4601533844614871,0.03524235568229733,0.04630078423239831,9.775757526233184,9.775930697276824
0.480160053351117,0.001891949725149117,0.03864588049637184,9.825007150520948,9.82508333762828
0.5001667222407469,0.027786764964743384,0.019650960829051316,9.77255091594392,9.772610176881358
0.5201733911303767,-0.017460594530621744,-0.045103638048350526,9.81282529407521,9.812944484840868
0.5401800600200066,0.042867214955623595,0.09794347952696228,9.832210002676694,9.83279126494789
0.5601867289096365,0.011808990333809711,-0.05614464844287241,9.803564922995275,9.803732803028897
0.5801933977992664,-0.027177799396709976,0.037970526971292363,9.82653379812261,9.826644741688003
0.6002000666888962,-0.00048096115652752593,0.01725135267545194,9.781208029955012,9.781223255081605
0.6202067355785261,-0.00958223435748398,-0.046965694899244584,9.760089300654109,9.760207003565828
0.640213404468156,0.01956713402551175,-0.004972037555139967,9.826710888674635,9.826731627733
0.6602200733577859,-0.04719106997498035,-0.0031501154497856187,9.862320307022273,9.862433713775552
0.6802267422474157,-0.001174068084627782,0.052223308632420945,9.780118651794904,9.780258150764066
0.7002334111370456,0.015812290105973233,-0.02853243601120846,9.846665825403205,9.846719860216727
0.7202400800266755,0.0013209322877213293,-0.010477800256974158,9.811302702264493,9.811308385970898
0.7402467489163054,0.053877649775559824,-0.09344278420085052,9.769929254349208,9.770524652752943
0.7602534178059352,0.0309609109628421,0.0693905117249431,9.776054840959436,9.776350130522715
0.7802600866955651,-0.0002992318696298646,-0.04281872972080285,9.81047354320082,9.810566990495394
0.800266755585195,0.008667563899906926,0.013076434569566997,9.797866131362277,9.797878691221943
0.8202734244748249,0.011826622059279984,-0.004056313188874558,9.770612610697253,9.770620610328812
0.8402800933644547,0.016131984166672962,-0.003920038671333597,9.75917882156324,9.759192941983716
0.8602867622540846,-0.07302631982658432,0.032394479394835,9.784598420162204,9.784924552060858
0.8802934311437145,-0.012061051830773885,0.06685049841214538,9.815814270249934,9.81604931966784
0.9003001000333444,-0.05937756272773705,0.01005974679767967,9.809807977421906,9.809992836253837
0.9203067689229742,0.051131237898379464,0.026203120705221034,9.794962861274998,9.795131365161991
0.9403134378126041,-0.0024339808001171094,0.013155661469081634,9.816056615828744,9.816065733319357
0.960320106702234,-0.007733637987184911,0.040701256957225054,9.841200801595882,9.841288006089744
0.9803267755918639,0.035871893281329406,-0.018516655179453084,9.821823795313025,9.821906756094958
1.0003334444814937,0.016892991897994987,0.04301562217665656,9.806360739858313,9.806469633724515
1.0203401133711236,-0.04514538057516829,0.044419994625895354,9.837842160199822,9.838046026031538
1.0403467822607535,-0.002836214501094752,0.043301480347316394,9.781204490933511,9.781300749684107
1.0603534511503834,-0.013406678929055393,-0.026405914693459043,9.80325241381334,9.803297144344231
1.0803601200400132,-0.06978131554424216,-0.006733505369487635,9.80396736193199,9.804218010933935
1.1003667889296431,-0.027611049329488185,0.009578679551217398,9.772891402246715,9.772935100636595
1.120373457819273,-0.007341612880658623,-0.05483368179316023,9.79740377513147,9.797559969956756
1.1403801267089029,-0.0045980372596737045,0.06379680832344059,9.747751209573142,9.74796105954643
1.1603867955985327,-0.05928925694709235,-0.0004910613400870355,9.867365341429888,9.867543475373308
1.1803934644881626,0.04606662332189902,0.011357115504188863,9.78187758634691,9.781992651404565
1.2004001333777925,-0.004084122355657557,-0.02308017758908812,9.85758342394264,9.85761128948802
1.2204068022674224,0.0015021230664225163,-0.05307510237468091,9.811142535171586,9.811286208663924
1.2404134711570522,0.016025665533593466,-0.02416119541899084,9.82694592396468,9.82698869327964
1.2604201400466821,-0.03152305015614685,0.008768167505343536,9.795336006049473,9.795390653509527
1.280426808936312,0.01825423892530785,0.02693715251014774,9.81623789075885,9.816291823055888
1.3004334778259419,-0.01468298584072732,0.006471661624108806,9.829514689199653,9.82952778609782
1.3204401467155717,-0.03586342162588766,0.013868960649678016,9.829936572431826,9.830011777770817
1.3404468156052016,0.022937899734215957,-0.013481054987255065,9.833243201702231,9.833279196174129
1.3604534844948315,0.05966695435207231,0.019849942649817126,9.798950018698825,9.799151781385088
1.3804601533844614,0.02899317493943327,0.05931331465543628,9.795589209825259,9.795811688733789
1.4004668222740912,0.03691910260561723,0.028191577697559478,9.762174710241972,9.762285227265089
1.4204734911637211,-0.02082522426249196,0.03238167553011761,9.825696570335309,9.825771997923358
1.440480160053351,-0.06390478916673825,0.011760655972265242,9.842471361339705,9.842685844519249
1.4604868289429809,0.05960550088399365,-0.060126202783984076,9.858479450397539,9.858842987384849
1.4804934978326107,0.0821805955761904,-0.04178666122524973,9.819155179037416,9.819587985519705
1.5005001667222406,0.06171227095078728,0.01819503202655373,9.787005606812743,9.78721708205966
1.5205068356118705,-0.013431437559189987,-0.00043756207840343377,9.759087115701316,9.759096368354138
1.5405135045015004,-0.04618537354915377,0.01759371545891312,9.8412500019925,9.841374102698817
1.5605201733911302,-0.042627307912782665,0.06705693671376295,9.756111702996675,9.756435275319054
1.5805268422807601,-0.06734930270456195,0.029041439969173348,9.799781877667687,9.800056335739825
1.60053351117039,-0.004295144736401814,0.050355448229712864,9.80327079516169,9.803401063034443
1.6205401800600199,0.06422711832329818,0.003787255578829202,9.80791634586447,9.808127370375468
1.6405468489496497,-0.00566650527488973,-0.03228862709937759,9.811074078001075,9.811128845792753
1.6605535178392796,0.012092916013930997,-0.002314646368573641,9.814144426691028,9.814152150041087
1.6805601867289095,0.05502387857216834,-0.03219007254876551,9.737539102137644,9.737747768023334
1.7005668556185394,-0.016163812473295985,0.06233179827089792,9.810439677296104,9.81065100713378
1.7205735245081692,0.0814212582687838,0.031615643061418786,9.743112732776645,9.743504230705636
1.7405801933977991,0.07968377629989813,0.020820499865131185,9.831966542192731,9.832311482261805
1.760586862287429,-0.005244453547219307,0.04943772808912414,9.793346245325893,9.793472431884943
1.7805935311770589,-0.023101370560768515,-0.08080225658092902,9.7452888982433,9.745651255211962
1.8006002000666887,0.02788952185561252,0.023525518053706382,9.78557385967844,9.785641881790434
1.8206068689563186,-0.013900997700754321,-0.05242583137217491,9.792897739824461,9.793047934539644
1.8406135378459485,-0.046262208682693456,-0.00029022793862644664,9.84572098852665,9.845829678604982
1.8606202067355784,0.051249546140919214,-0.01246830369868858,9.815899132252508,9.816040838807279
1.8806268756252082,0.0486578954910832,0.026469464483877915,9.820333348330518,9.820489564969568
1.9006335445148381,0.006220464150542433,0.009127491558438217,9.845436649026619,9.845442845056432
1.920640213404468,-0.05051459014912712,0.05380468694447154,9.807115671362267,9.807393357036032
1.9406468822940979,-0.04918105004869545,-0.024075886437304544,9.832625638830972,9.832778110858996
1.9606535511837277,0.00428917153676611,0.028364575585331356,9.83051583341796,9.830557690040877
1.9806602200733576,-0.01999484138020129,0.0064889286759532774,9.771405915192918,9.771428527055004
2.0006668889629875,-0.013643717285664327,-0.0654116108028621,9.854189507328895,9.854416049477518
2.0206735578526174,0.04087852620240014,-0.036744658340921305,9.76739094659788,9.767545604065706
2.0406802267422472,0.02932717269690231,-0.005995121340886732,9.837520999484337,9.837566540554306
2.060686895631877,0.055125707219904514,0.044491697995669106,9.76448780889283,9.76474477520041
2.080693564521507,-0.03962492893509031,0.01854892230228458,9.82803710364455,9.828134487690207
2.100700233411137,-0.01372766274746848,-0.04670003295522857,9.865857446344506,9.865977523458781
2.1207069023007667,0.03035926781840451,-0.005612649121886391,9.803610640303495,9.803659254260346
2.1407135711903966,0.01792313364051567,0.0807122579517212,9.802309330714406,9.80265800292522
2.1607202400800265,0.061295215303504874,0.004448933393634321,9.828313199979506,9.828505341775973
2.1807269089696564,0.016821468236162773,-0.01309302300289583,9.800118106321124,9.80014128912885
2.2007335778592862,0.0739243641642221,0.01966958563024882,9.864548361112286,9.864844959396931
2.220740246748916,0.02160071206892563,0.0305357231832788,9.81576576748376,9.815837031209222
2.240746915638546,0.04248669790354641,-0.018246733899202363,9.80039491475338,9.800503994587249
2.260753584528176,-0.012940597871378285,0.020102990974857484,9.79379143416313,9.79382061532712
2.2807602534178057,0.0005714884753595626,-0.01315557986683237,9.78201154589481,9.782020408887934
2.3007669223074356,0.03643777615357901,0.028773104073177534,9.791167350397275,9.791277428739042
2.3207735911970655,0.06451912682372217,0.006787726318851349,9.799479798190243,9.799694541468797
2.3407802600866954,0.029169477972430122,0.01927871308211569,9.795370827795043,9.795433230911303
2.3607869289763252,-0.0033268708773847794,-0.030367341846700178,9.790254741775888,9.790302403520839
2.380793597865955,0.05509340118113367,-0.032851455362914374,9.872965236910574,9.873173606810418
2.400800266755585,-0.08767914625119523,0.03781989218637579,9.779097147705317,9.779563333870822
2.420806935645215,-0.05688938006027494,-0.00317585525541975,9.814398977629386,9.814564370348435
2.4408136045348447,0.02726536894673556,0.011401389683974462,9.827775630292827,9.827820065070794
2.4608202734244746,0.0005643342501249942,-0.012255817083460782,9.828903239867513,9.828910897052818
2.4808269423141045,0.02422054604496661,0.03594907096054576,9.808241787726526,9.808337572548087
2.5008336112037344,0.002576300897277682,-0.02431239920118631,9.802778922844581,9.802809410584661
2.5208402800933642,0.02283782778415491,-0.005424049596035313,9.823546424737186,9.823574468881409
2.540846948982994,-0.032576112839727625,0.031439712508125266,9.817995649499347,9.818100031688333
2.560853617872624,0.02281944344318763,0.04691870796657064,9.802231234956976,9.802370084613337
2.580860286762254,0.03977658112830338,-0.020950371641067337,9.763143642848268,9.763247148636907
2.6008669556518837,0.0488220241572493,0.07838735927823531,9.795962288330003,9.796397568622918
2.6208736245415136,0.080542171785948,0.012529667747744652,9.775603495088777,9.775943316488787
2.6408802934311435,0.009763937740095463,-0.041717130472349505,9.78998521349801,9.790078964643989
2.6608869623207734,0.010956443473887157,0.014762081943598722,9.81099669715551,9.811013920809268
2.6808936312104032,-0.060926898566953915,-0.015319968579338308,9.820762084319899,9.820963023309963
2.700900300100033,-0.021256456045537,0.017362739487327073,9.863413582538772,9.863451769125069
2.720906968989663,-0.007723282960264506,-0.0017142499064135208,9.793877808632885,9.793881003881154
2.740913637879293,0.042012782091054204,0.002970947607605792,9.833238769058255,9.833328967836835
2.7609203067689227,-0.024440044963585168,-0.036463735063445836,9.819178800733136,9.819276920452932
2.7809269756585526,0.03185360078995329,0.0396024492286544,9.848879930119194,9.849011061206747
2.8009336445481825,-6.486867853520494e-05,-0.04624509468604129,9.827286861587869,9.82739567092564
2.8209403134378124,-0.007086724604590477,-0.04435059581619981,9.77974555718141,9.77984868800251
2.8409469823274422,0.009955758765330258,0.014694413965899466,9.758308619121264,9.758324761399916
2.860953651217072,-0.015646254890113703,0.06411376988711878,9.819337850990026,9.819559624171882
2.880960320106702,-0.01716148992370662,-0.014103723882576288,9.794146470062989,9.794171660166626
2.900966988996332,-0.06819143623160458,0.028038892908158627,9.780590587621482,9.780868493858854
2.9209736578859617,-0.009918168293115585,0.042933607074541816,9.771972668864008,9.772072017013786
2.9409803267755916,-0.01919872584594906,0.03258737749176276,9.814829264927615,9.814902140517013
2.9609869956652215,-0.020639239573963183,-0.012448331566947258,9.8552312309794,9.855260704580106
2.9809936645548514,0.016674922503601614,-0.04364186868776298,9.797739829628819,9.797851215181726
3.0010003334444812,0.026345278111620386,-0.08830190262685421,9.82770810933226,9.828140107971668
3.021007002334111,0.009287780185693104,-0.010513619978495729,9.806932009493472,9.806942043159708
3.041013671223741,0.03981660761797898,0.04712349474248699,9.771318537326898,9.771513288324753
3.061020340113371,0.023022477033214608,-0.04496663939047736,9.832044340305313,9.83217412085631
3.0810270090030007,-0.011802247592225685,0.028008393900750616,9.777159238679179,9.777206479443233
3.1010336778926306,-0.01851425142857519,-0.038006101202074885,9.810648798917807,9.810739885296213
3.1210403467822605,0.012512889470673859,0.0042429030554735295,9.799754387549841,9.799763294637867
3.1410470156718904,0.022950684396076032,0.028311664566200708,9.83679232303697,9.836859838933552
3.1610536845615202,0.05591377228125993,-0.026379817473537112,9.77825547022588,9.778450914419063
3.18106035345115,0.047646921797603825,0.006819387227876564,9.821726097234059,9.821844035734202
3.20106702234078,-0.02165892026028676,-0.01660365346901315,9.784806077779539,9.784844136208138
3.22107369123041,-0.004080251205090468,0.02820594635752707,9.794666843630138,9.794708306099135
3.2410803601200397,0.0268407121967108,0.009412686739385489,9.700943993173798,9.700985691217037
3.2610870290096696,0.04271991112235888,0.0022603069771706956,9.872762957148538,9.872855640990517
3.2810936978992995,0.03755877874819168,0.06233399840567911,9.826516707984787,9.8267861888576
3.3011003667889294,-0.002555113313253867,0.026492245694732085,9.786979575421855,9.78701576464504
3.3211070356785592,-0.05016090609714066,-0.027614074645051563,9.776260329350011,9.776428012359206
3.341113704568189,-0.039957455049823655,-0.003434556031910474,9.79513053741362,9.795212638802795
3.361120373457819,0.010905340572776572,-0.00303595140318643,9.831506386044584,9.831512903022066
3.381127042347449,0.013689023176973823,0.003212782905008476,9.753237452232453,9.753247587904212
3.4011337112370787,-0.0439471749373754,0.1009803710642998,9.80575246742117,9.806370880293159
3.4211403801267086,0.0017827844355708653,0.014834075708439873,9.863119256173881,9.863130572471931
3.4411470490163385,0.025248974278871326,-0.08143610280419104,9.775981609920967,9.77635339925143
3.4611537179059684,-0.04604906630028577,-0.021711958868678605,9.81241155116291,9.812543624109926
3.4811603867955982,0.044199888072176584,-0.07729488349983235,9.876099294457733,9.876500665879053
3.501167055685228,-0.015101245942393007,-0.013191930281833592,9.828964548890724,9.828985002430526
3.521173724574858,0.05030452450306604,-0.07949240918905714,9.813777714614565,9.814228579983737
3.541180393464488,-0.021338097831036018,-0.03486361884273712,9.82519909364727,9.825284118850966
3.5611870623541177,-0.04106501931536716,-0.0608288611853648,9.79797403994971,9.79824891364232
3.5811937312437476,-0.018325479593668783,0.015366407118699101,9.848988938559105,9.8490179744749
3.6012004001333775,-0.003805924923092806,2.1574505155145677e-05,9.798020099312994,9.79802083851996
3.6212070690230074,-0.015539196270859238,0.012118492299949244,9.751224551737922,9.751244463292508
3.6412137379126372,-0.008640056862924534,-0.004182055542741057,9.798260906881787,9.798265608744185
3.661220406802267,0.013358605987047615,-0.05577191000817672,9.7809979641037,9.781166092654832
3.681227075691897,-0.006847174791855977,0.020540854770189413,9.801564179634077,9.801588094691756
3.701233744581527,-0.0026444957580802815,0.07688898241077811,9.802227478227582,9.802529390106098
3.7212404134711567,-0.06836905596810385,0.01636850314426187,9.845922695994147,9.84617367261018
3.7412470823607866,0.015667920640418907,-0.01703698397270264,9.830858781799932,9.830886029766235
3.7612537512504165,-0.003568131907666719,-0.0571226870442178,9.817897964627262,9.818064787766101
3.7812604201400464,0.06441171921931484,-0.036322678830398615,9.809911637660022,9.810190341948914
3.8012670890296762,-0.03758260669015833,0.01812158626288236,9.77823425973426,9.778323275616078
3.821273757919306,-0.07233181313998058,0.042924721071975,9.74456474287003,9.744927729380906
3.841280426808936,0.024722739757201677,0.010434646988879038,9.813394800341785,9.813431489702982
3.861287095698566,0.013861080732520016,0.03199549158823934,9.83383923610721,9.833901055158256
3.8812937645881957,-0.04033732082124583,0.028307129761089716,9.806749983502662,9.80687379504681
3.9013004334778256,-0.06118995820016366,0.020261375655436703,9.7939543703164,9.79416647510995
3.9213071023674555,0.0614958692273716,-0.026338943810450238,9.823935064956427,9.824162846898128
3.9413137712570854,0.05656441562427127,0.006956940479006099,9.80750003398127,9.807665616683634
3.9613204401467152,-0.09949827034824518,-0.03393511215528553,9.86057232575922,9.861132698081285
3.981327109036345,-0.018328921170260037,0.0006971581183240716,9.846981850262049,9.846998933419812
4.001333777925975,0.06656768219135598,0.013234541242676477,9.838785241710701,9.83901933334306
4.021340446815605,-0.01904250231111468,0.0671513522954742,9.832732023426297,9.832979760251842
4.041347115705235,-0.019624489361066106,-0.052389278974705286,9.771294977566457,9.771455126834981
4.061353784594864,-0.011310373105174734,0.019260305239652217,9.829889811061578,9.829915186893015
4.0813604534844945,-0.044835878950726375,0.05924946366494379,9.821289778729398,9.821570835297193
4.101367122374125,-0.06819102976912177,0.030353910633551858,9.828192741851735,9.828476176265518
4.121373791263754,0.04210189242938995,0.03331781771300166,9.824778284604392,9.82492498637813
4.141380460153384,-0.07371747624990703,0.023507796074712487,9.823582877635442,9.823887592829692
4.161387129043014,0.009890858084350236,0.051933379591016675,9.891025994086489,9.891167277964922
4.181393797932644,0.035463179710305985,-0.04349912672449472,9.807714429901443,9.807875006831905
4.201400466822274,-0.05804905195604634,-0.05543706663880986,9.83809012142488,9.838417565750516
4.221407135711903,-0.036970736103802866,-0.00025336561861023847,9.79587030569208,9.79594007461571
4.2414138046015335,0.0485271675356636,-0.0864464841428684,9.833719247516632,9.834218937952762
4.261420473491164,0.021315668809081596,0.049225832167120454,9.838179596706974,9.83832583915326
4.281427142380793,-0.024691428275155487,0.048828607819817654,9.820932782314062,9.821085205531155
4.301433811270423,0.048089960134446844,-0.01733402220338105,9.860077408271296,9.860209917121109
4.321440480160053,0.0482614289381721,-0.014830823866420387,9.783471718909189,9.78360199484605
4.341447149049683,0.010762107720628284,-0.002893899006026854,9.795383371749955,9.795389711347353
4.361453817939313,-0.036006409114946514,0.00208082601758479,9.816371402580705,9.816437658577502
4.381460486828942,-0.016537948138871814,0.005086956767771416,9.836424205604526,9.836439423564832
4.4014671557185725,0.011455469758215606,0.022329284275132127,9.815382885638849,9.815414969139901
4.421473824608203,-0.007543793165899529,-0.006905054120339125,9.848572771095318,9.848578080928629
4.441480493497832,0.037558287129394054,0.03772773213911176,9.790149303871011,9.790294040466328
4.461487162387462,-0.06119096320437345,0.017837911085012134,9.775782645315344,9.775990428263441
4.481493831277092,-0.05977054116264955,-0.024278537834905422,9.819243850096095,9.819455776805569
4.501500500166722,0.007234844459297297,0.0534045067121639,9.80768459171659,9.807832657366587
4.521507169056352,-0.019661776552276182,-0.05433027944489948,9.826285911610746,9.826455779244194
4.541513837945981,-0.025081944587909636,-0.0036866324328590594,9.809177931274006,9.809210691110472
4.5615205068356115,-0.07072226876697589,0.03867669604301872,9.799799406281297,9.800130913894344
4.581527175725242,0.0007818337919272703,-0.028922924196485785,9.80775187284829,9.807794550568811
4.601533844614871,-0.0021102043200306266,0.01238222587068606,9.810865466843795,9.81087350754192
4.621540513504501,0.02613915927806963,0.02173358387996192,9.80085056100455,9.80090951511436
4.641547182394131,0.002756245324838884,-0.03442095471924956,9.803906038610299,9.80396685086764
4.661553851283761,-0.00530416312961987,-0.0028991087837614026,9.797892199890393,9.797894064524849
4.681560520173391,0.04708002547161349,-0.006260153208368407,9.835699953596082,9.835814622871183
4.70156718906302,-0.052498692137942,-0.022069514073291715,9.815820630135175,9.815985830221788
4.7215738579526505,0.02145556875390305,0.09206699408203099,9.877702574165063,9.878154929767854
4.741580526842281,-0.06684588659181395,-0.03052425413781903,9.814821136538354,9.815096232074596
4.76158719573191,-0.03353447520003231,0.04019721176271533,9.79347427589014,9.793614183200313
4.78159386462154,-0.048506285304932555,-0.01571204067524568,9.890120261245892,9.890251690924897
4.80160053351117,0.03127770141807673,-0.04346544755541127,9.82240879133143,9.822554759519651
4.8216072024008,-0.0026164093438157602,0.004112569726202756,9.839703743606785,9.83970495090056
4.84161387129043,-0.0005401297837190701,0.025963735375500032,9.827763089496075,9.827797400768713
4.861620540180059,-0.04426931950917804,0.036820383002627154,9.828690330878933,9.828858994490016
4.8816272090696895,-0.011987739837315568,0.06249060442620277,9.826069621540574,9.82627564181417
4.90163387795932,-0.030538612132364466,0.117809851597404,9.776937463056719,9.77769491876722
4.921640546848949,0.015338200594168641,0.010020568150223886,9.821025871426842,9.821042960878387
4.941647215738579,-0.039643645413264546,-0.026523686953015515,9.770254160884493,9.770370591378404
4.961653884628209,0.053191774608203034,0.01811497307179565,9.804769114907625,9.804930133039287
4.981660553517839,-0.06702321798496379,-0.010648518016259665,9.788231476303102,9.788466730615974
5.001667222407469,-0.03226079329826245,0.03703864519408919,9.820724105575461,9.820846937909835
5.021673891297098,0.06708802039864385,-0.05188657185462887,9.820023787420148,9.82039002302441
5.0416805601867285,-0.017405549918481377,0.0947333816960175,9.824434376722957,9.824906523184397
5.061687229076359,-0.05259514657617648,0.034241923791020513,9.818618897182473,9.818819471143007
5.081693897965988,0.008762862501506747,-0.06736016071184658,9.791795239746408,9.792030851469514
5.101700566855618,-0.01901568968858169,-0.02836115609259889,9.80216989531945,9.802229369298402
5.121707235745248,-0.033434810224732235,0.03264324176455755,9.837611884837635,9.837722859710288
5.141713904634878,-0.043834832431948696,0.047053762246858186,9.842035700318833,9.842245794300524
5.161720573524508,0.11073494422503773,-0.05088950508927853,9.775596507041204,9.776356122711412
5.181727242414137,-0.010062076007365455,0.028521034017317953,9.76407217102462,9.764119010731713
5.2017339113037675,-0.0770226944133151,-0.07789359490647693,9.78819331850386,9.788806277988432
5.221740580193398,0.059748390360221365,-0.003573434618841839,9.841356227460968,9.841538245384733
5.241747249083027,0.02444283620442283,0.04448187368412825,9.846446520905491,9.84657733318436
5.261753917972657,-0.03065865724079151,-0.02206062920411922,9.782258643587966,9.782331562295164
5.281760586862287,-0.03732476354744567,-0.060276891965520545,9.81921928061209,9.819475226427485
5.301767255751917,0.026938911846329232,0.005848591855102372,9.865032939994203,9.865071455299693
5.321773924641547,-0.009876733099578186,-0.024188754665419126,9.82245934431721,9.82249409348122
5.341780593531176,-0.07703911273780405,0.02518233464263343,9.852645098556993,9.852978464047743
5.3617872624208065,0.07148959858418674,-0.03541305728872242,9.839961797102493,9.84028521008252
5.381793931310437,-0.01735961848863828,-0.030905475586124012,9.782694038813164,9.782758259397289
5.401800600200066,0.05982286945929705,-0.08084009283504974,9.804300557295088,9.804816332501934
5.421807269089696,0.0511373983186286,0.0067977884420593136,9.811042634348755,9.811178258315536
5.441813937979326,-0.040040381779312566,-0.00643619753106395,9.813124001640642,9.813207800122616
5.461820606868956,0.041327594574525915,-0.04753538682960284,9.837489868603157,9.8376915228088
5.481827275758586,-0.02605770199454725,0.007751948550683681,9.822260542868262,9.822298166342046
5.501833944648215,-0.07466802347215767,0.04108281202576557,9.721913971686657,9.722287507785882
5.5218406135378455,-0.016983926640885702,-0.008622717736757993,9.770614791807219,9.770633357920424
5.541847282427476,0.01590550007105116,0.01072667799287895,9.744378572550719,9.744397457602952
5.561853951317105,-0.018509465919853516,0.010932449983406567,9.81526095721966,9.815284498022045
5.581860620206735,-0.012281933637004059,-0.048173193087158415,9.817214629484033,9.817340504626566
5.601867289096365,0.04574264179714452,0.08226343282830383,9.818496748758323,9.818947910394321
5.621873957985995,0.004259759211603674,-0.018833993204891354,9.781232151968561,9.781251212168723
5.641880626875625,-0.0337319324513981,0.02624464807441083,9.8302243201536,9.830317228317648
5.661887295765254,0.028081212946693062,0.030768611089161985,9.831487874894057,9.831576124718648
5.6818939646548845,0.007907022678169806,-0.00558380508463007,9.772345527983846,9.77235032211764
5.701900633544515,-0.10086419205848172,0.024271801002385386,9.766018853956535,9.766569866713596
5.721907302434144,0.017134116550857947,0.009832768872655565,9.809996049413192,9.810015940394598
5.741913971323774,0.015673148308644066,-0.05670559028909624,9.863753468208401,9.86392891565735
5.761920640213404,0.0008048451832343994,-0.01329090805000353,9.86099228226596,9.861001272027167
5.781927309103034,0.03566802324278301,-0.024502036094162474,9.826902130813442,9.826997407460764
5.801933977992664,-0.02689574337306009,-0.018469801653845083,9.788100099852597,9.788154477700031
5.821940646882293,0.013459991552836035,-0.052160127113465515,9.836605279784658,9.836752781305451
5.8419473157719235,-0.06267837484669411,0.04505734866984121,9.796427272055729,9.796731395726834
5.861953984661554,0.016283615335953273,0.06407970618453651,9.786974788899785,9.787198111994725
5.881960653551183,0.07812238782159586,0.03912011903993635,9.745680995051341,9.746072621753726
5.901967322440813,-0.039794254098701645,0.05082116896588572,9.81307146595043,9.81328375059668
5.921973991330443,-0.03039208527951101,-0.013785393480326247,9.791103979525879,9.791160853229231
5.941980660220073,-0.02840061771566209,-0.025450273399441458,9.812892911385855,9.812967013183602
5.961987329109703,0.0051999290320638115,-0.031143481872468463,9.741019269112888,9.74107044204864
5.981993997999332,-0.042521450914148724,0.025762596918288905,9.81509480017751,9.815220716910009
6.0020006668889625,0.016849895147639207,0.009082522125765985,9.737066365080851,9.737085180338285
6.022007335778593,0.03387359781876661,-0.0030888684639370284,9.842638207598057,9.842696980371116
6.042014004668222,0.021373888538151375,0.051805941767813724,9.825656737024053,9.825816557036868
6.062020673557852,-0.0707366170255229,0.016197654152613723,9.801640056857263,9.801908683372698
6.082027342447482,0.03980670660634424,-0.03354630550082339,9.826881595802464,9.827019478276451
6.102034011337112,0.037494696570147194,-0.02723635316542779,9.780657772120094,9.780767563260964
6.122040680226742,0.033206454893852176,0.02727973197016582,9.812171265468447,9.812265375299816
6.142047349116371,0.014913689946233,0.04166931410618388,9.83384322115381,9.83394281293717
6.1620540180060015,0.008807572568205312,0.022067209290238782,9.717171322527259,9.717200370806736
6.182060686895632,0.04129557592505587,0.07587554991488325,9.796583269209675,9.796964130495978
6.202067355785261,0.07694053950413818,0.06540028662925676,9.80932067609591,9.80984042533787
6.222074024674891,-0.038121618534594,0.017641433394030515,9.804111191467628,9.80420117769075
6.242080693564521,0.043125015831790875,-0.03354322637926009,9.853713054786823,9.853864515057161
6.262087362454151,-0.00344868392029811,-0.05239950046927071,9.776282966252314,9.776424000487363
6.282094031343781,-0.005186922081144027,-0.015495269800588594,9.791365222696644,9.791378857534834
6.30210070023341,-0.061461227615281534,0.03012853785664628,9.752523929210748,9.752764131317932
6.3221073691230405,-0.011391576380615802,0.07306588317247752,9.855308599538194,9.855586029426545
6.342114038012671,-0.03989059831873662,0.016697881376431994,9.802611295721736,9.802706682038796
6.3621207069023,-0.018554177180237826,0.04674891176924947,9.796847733358899,9.796976841294555
6.38212737579193,-0.043927455351125994,-0.009812299447512093,9.80842551953068,9.80852879257306
6.40213404468156,-0.017956335492520254,0.024910765009102005,9.82908707485291,9.82913504339208
6.42214071357119,-0.01624441428093613,0.032934273179086905,9.820420902105484,9.82048956222934
6.44214738246082,0.0038701967375520123,-0.07918377103410112,9.889436526406714,9.88975428703086
6.462154051350449,-0.06458999449165324,-0.01653755209506041,9.823618076652114,9.823844332741837
6.4821607202400795,-0.05782072590981294,0.03798801537111479,9.796042637124929,9.79628693301835
6.50216738912971,0.014476570829221063,0.010978733425462597,9.793159297874283,9.793176151649275
6.522174058019339,-0.031897524682803956,-0.04786060192603732,9.798217231427497,9.798386040748769
6.542180726908969,0.04298119160919724,-0.09720489502909425,9.764944892261106,9.765523279545548
6.562187395798599,0.009010788880601868,-0.014631229812080256,9.811195926224748,9.81121097367553
6.582194064688229,0.024270486008256292,-0.0028634277157551617,9.833504043186268,9.833534411546545
6.602200733577859,0.056427692816835795,-0.03535691799313382,9.791599091981304,9.791825517964241
6.622207402467488,-0.012388432472262902,0.005723397481119777,9.785778598311477,9.785788113673256
6.6422140713571185,-0.022979468216651026,0.020255469889315786,9.855478354388827,9.855525959270093
6.662220740246749,0.03486810342395254,0.026827486829049313,9.767205505301366,9.767304586295815
6.682227409136378,0.020380542557187437,-0.09423675699729289,9.747965448705681,9.748442251049346
6.702234078026008,-0.007493212392852035,-0.05257140391232481,9.775412941690579,9.775557174980511
6.722240746915638,0.055658318678237687,-0.012184905934189423,9.763787018486271,9.76395325996247
6.742247415805268,-0.008489772393597222,0.02288692524149854,9.821586781923138,9.821617117482722
6.762254084694898,0.0013109455022312572,0.01956936054200142,9.799178864986514,9.799198493063018
6.782260753584527,0.0008489060333703362,0.01887479791506703,9.803409388649285,9.803427595494075
6.8022674224741575,-0.03738375579593885,-0.015336717678757272,9.844588025309244,9.844670951746876
6.822274091363788,0.0031034155794556384,-0.013105337492398431,9.789259954165118,9.789269218449347
6.842280760253417,0.05587040709593965,-0.02913317073686963,9.83325268235237,9.833454558750772
6.862287429143047,0.017798732615047032,0.030727765124233915,9.855339683976096,9.85540365875423
6.882294098032677,0.0012425370559572576,-0.03681955150958313,9.79633012505959,9.796399396840746
6.902300766922307,-0.006470691246626761,0.03400145580758279,9.83211068566669,9.832171606722666
6.922307435811937,0.01323468113625405,0.008314129525505844,9.80274546262413,9.802757922469192
6.942314104701566,0.029990665139567402,-0.0018017791382061435,9.837722943865224,9.837768822586543
6.9623207735911965,0.02436955323559012,-0.026268415991058666,9.762855324372712,9.762921078726192
6.982327442480827,-0.013274594472879167,-0.05422167444656505,9.76063463264624,9.760794262602374
7.002334111370456,0.012991263764404582,-0.025906110255121826,9.798261968552774,9.79830482807462
7.022340780260086,0.019197589645931146,-0.013200274744995452,9.783332255728208,9.783359996477362
7.042347449149716,-0.040287799501079136,-0.09476097246325006,9.794498726717103,9.795039972167228
7.062354118039346,0.006729221647347775,-0.007894206213386571,9.803414202526586,9.803419690455758
7.082360786928976,-0.08645215545209448,0.036974294721040225,9.831600405955088,9.832050021029627
7.102367455818605,0.019301348392847403,0.022688716217354903,9.797770182643022,9.797815464264575
7.1223741247082355,0.026413722182507263,-0.019848235029660297,9.785284160681307,9.785339940054909
7.142380793597866,0.029901845031458377,0.0018774519366091089,9.799454598697233,9.799500399361715
7.162387462487495,-0.0158018740867827,-0.02224658277687999,9.786925641605801,9.786963682572397
7.182394131377125,0.012361873400961391,0.0059504293334278445,9.781979834938118,9.781989455865265
7.202400800266755,0.05695815382164668,0.061604312949761264,9.761609495592692,9.761970050512662
7.222407469156385,0.05655078593165035,0.03873995210499504,9.812084343486633,9.812323778747524
7.242414138046015,-0.0011669079690624252,0.02083177222771011,9.79293882880209,9.792961055220632
7.262420806935644,0.005572785229182393,-0.01971539649534873,9.83898836217704,9.839009693249084
7.2824274758252745,0.044436445789377325,0.029997535717793542,9.766578117238232,9.766725273600166
7.302434144714905,-0.060032080610486996,-0.06747507805492213,9.793737493348564,9.794153910649063
7.322440813604534,-0.012923029707080981,-0.01009413927963562,9.864387216619763,9.864400846263091
7.342447482494164,0.05342281822147026,0.023348456792957998,9.781811714487064,9.78198546132725
7.362454151383794,0.03900802166739065,0.029616848561910058,9.802904002437117,9.803026352329713
7.382460820273424,0.014770551105996186,0.02679537960862964,9.773524680515239,9.773572573127435
7.402467489163054,-0.06023329621322482,0.011793227568387781,9.769547174616571,9.76973997234562
7.422474158052683,-0.0019964093216464805,-0.007828999163355317,9.856419329492631,9.856422640982581
7.4424808269423135,-0.023596615849997324,0.021519038793059556,9.815131184779116,9.815183138573301
7.462487495831944,0.01324155611268854,-0.03811444162345202,9.81401036514713,9.81409330996419
7.482494164721573,-0.03237386739179521,-0.03378709053173,9.759110512946513,9.759222696438465
7.502500833611203,-0.0410289357989843,0.002469387058411869,9.82076224164325,9.820848256557628
7.522507502500833,-0.08259461110734566,0.006927905708349895,9.844722658379816,9.845071563278674
7.542514171390463,0.04887218739906806,-0.07302460714258585,9.844484311824857,9.844876456803064
7.562520840280093,-0.0159908204577223,0.018205855237980743,9.830049996888185,9.830079862382872
7.582527509169722,0.006285831348101381,0.030909135116775732,9.776115432672139,9.77616631605865
7.6025341780593525,-8.952465896724373e-05,-0.003091409498651813,9.81939370251579,9.81939418955335
7.622540846948983,-0.042697357318419976,0.09497865133135969,9.830027548814298,9.830579109034154
7.642547515838612,-0.05036259645792773,-0.02731740425260745,9.756166692447334,9.756334924679237
7.662554184728242,-0.040212605039889424,-0.014443486535474781,9.776361612255547,9.776454983351137
7.682560853617872,-0.028926737553175718,-0.015802676245088375,9.836644719652304,9.836699945682268
7.702567522507502,0.014664249880552198,-0.0030475044516407018,9.836281373300158,9.836292776358356
7.722574191397132,-0.03182870654082446,-0.013148992518651644,9.763542508991359,9.763603243037153
7.742580860286761,0.06985962526378486,-0.05627242178419487,9.833850643778076,9.834259780828953
7.7625875291763915,0.04108604143572604,-0.021861931849459015,9.81285910197461,9.812969467091548
7.782594198066022,0.03233438198662834,-0.0039048278309630436,9.833430268638216,9.833484204904643
7.802600866955651,-0.004786356098926006,0.0491428832824799,9.790964360296982,9.791088858589106
7.822607535845281,0.06057122942881935,0.08808973093491654,9.829355504894428,9.829936841919642
7.842614204734911,-0.008720225244844962,0.053418955914026185,9.835314863234569,9.835463796188876
7.862620873624541,-0.001250456566169843,-0.03101516118690426,9.79945995193633,9.799509112882596
7.882627542514171,0.006798981589970776,-0.02783238442504662,9.8105325763852,9.810574412341444
7.9026342114038,0.02807292162173376,-0.006373143100374039,9.79054435111486,9.790586672770353
7.9226408802934305,0.025476323160119416,0.07138235555414345,9.859549168460576,9.85984047989712
7.942647549183061,-0.01900501113778413,-0.006616962087275737,9.806391841820227,9.806412490302145
7.96265421807269,-0.021319748777038152,-0.053100299621497225,9.782339270244686,9.78250662006825
7.98266088696232,0.02559611828608338,-0.020047085478121406,9.788525222583758,9.788579216621066
8.00266755585195,0.028609463355649307,0.030282240072776682,9.813803118034263,9.813891539801954
8.02267422474158,-0.015734044992914913,0.027597611075843475,9.832599935153347,9.832651253506683
8.04268089363121,-0.06348752278713816,-0.008008666659666245,9.769925194645484,9.770134754099347
8.06268756252084,-0.008292643840329784,0.027336586942401226,9.865429800088274,9.865471159422507
8.08269423141047,0.02494103195303435,-0.09092688810187328,9.81926025882167,9.819712917622866
8.1027009003001,0.07221667385679123,0.004153169401307907,9.823993679189083,9.824259987680806
8.122707569189728,-0.04791831849362648,0.03442741685474521,9.807084313685298,9.807261806845517
8.142714238079359,-0.017062850113222942,-0.03331453100618141,9.810577769020535,9.810649171223588
8.162720906968989,-0.015576142461015064,-0.03345354145985152,9.805551505862178,9.80562094361016
8.18272757585862,0.054232213577260054,-0.07465792611053901,9.84053387907108,9.840966515747644
8.20273424474825,-0.0013976600183453112,0.06359582379242776,9.8097621423764,9.809968382836846
8.222740913637878,-0.036293062374890626,-0.02880615908086267,9.833011506554781,9.833120678056192
8.242747582527508,0.022347811316872766,0.00964173111448447,9.796984574299424,9.797014807415083
8.262754251417139,-0.016185540801637855,0.024156681659334982,9.81586921584937,9.815912284635553
8.282760920306767,-0.048975490934318175,0.06048271796565812,9.785882389672818,9.786191848844643
8.302767589196398,-0.03571093229104603,-0.006155910959425411,9.846495846976486,9.846562528641659
8.322774258086028,0.06936167817690476,-0.021577191751136746,9.784987582778427,9.785257207285428
8.342780926975658,0.01536836886597849,0.006922705942822139,9.80025061667216,9.80026511173051
8.362787595865289,0.004310402218101719,0.05136321106169148,9.800551187626358,9.80068672799525
8.382794264754917,-0.009995749432481845,-0.00680690125603135,9.799381458369787,9.799388920517085
8.402800933644547,0.011685953684751955,-0.03819476326336305,9.831674873083289,9.831756008540466
8.422807602534178,0.011209437840099772,-0.0616303123326145,9.8005002670579,9.800700456166226
8.442814271423806,0.011686753128293044,-0.04885189538420901,9.851817735916233,9.851945786980101
8.462820940313437,0.0045938036111101204,0.0345756598962666,9.785445747416096,9.785507909910075
8.482827609203067,0.034751933532221974,-0.012824979052272461,9.815081324098282,9.815151225306455
8.502834278092697,0.0009241738400292413,-0.024300836396828417,9.786726420320623,9.786756633887888
8.522840946982328,-0.03911755342210555,-0.028638688927357693,9.822629183475945,9.822748822685151
8.542847615871956,-0.02449691563603473,0.0034018344080072728,9.809521508190697,9.809552685571798
8.562854284761586,-0.07916074773958849,-0.00957820375062335,9.805348138659046,9.80567235258624
8.582860953651217,0.0810726846416957,-0.0109252857487701,9.845654248995107,9.845994095713195
8.602867622540845,0.034510183678107466,0.05397295711242957,9.790369743868347,9.790579337022386
8.622874291430476,-0.033202819805169474,0.061520651274465335,9.82759545472854,9.827844099271076
8.642880960320106,-0.011273793975883998,-0.06440086691635986,9.786931202619757,9.787149581716955
8.662887629209736,-0.025475058968257334,0.013103709245718305,9.813380556004812,9.813422370549366
8.682894298099367,0.06170188845496468,-0.03107448394485569,9.774132740153297,9.77437688902612
8.702900966988995,-0.05679508657083716,-0.009930044554443742,9.790124485610798,9.790294261736953
8.722907635878625,0.004579042352751171,0.012371135405067776,9.807535708632814,9.807544580002062
8.742914304768256,-0.004341113702593914,-0.008508796677236774,9.864439475019692,9.864444099958996
8.762920973657884,0.03307354522836457,0.009218395225105327,9.813024116113795,9.813084180910476
8.782927642547515,-0.0041603691089878,0.0269188082412767,9.859640049476,9.859677674048953
8.802934311437145,-0.0703283550662174,0.011783072021612795,9.816609698750728,9.816868690978781
8.822940980326775,-0.010044713385697636,-0.02587345216670494,9.798387472665752,9.798426781697517
8.842947649216406,-0.038886488717733,-0.025167984278812953,9.856180695678022,9.856289539796077
8.862954318106034,0.0031831818622624257,-0.05758821186472142,9.823110528662204,9.823279849068069
8.882960986995664,0.05736708146081306,-0.03415681190082873,9.79071835218352,9.790945997278186
8.902967655885295,-0.06957700976929113,0.07848273447594113,9.82411714378201,9.82467700001638
8.922974324774923,-0.03200890941599615,-0.031680142963809776,9.801222157502773,9.80132562373394
8.942980993664554,-0.02210771815133988,-0.04773515249775279,9.750328974114861,9.750470886036716
8.962987662554184,-0.015265243816528454,0.012797114473790934,9.838079194777968,9.838099360980797
8.982994331443814,0.029605026564209772,-0.004414590371674394,9.842848021669258,9.842893534113047
9.003001000333445,-0.0069417767024555,-0.007823729473969017,9.86513826089977,9.865143805625705
9.023007669223073,0.01663210902881781,0.0563618386564836,9.822664310765859,9.822840090620472
9.043014338112703,-0.025030921749271053,0.021965067022334608,9.802538297277524,9.80259486466749
9.063021007002334,0.009196973816717502,-0.021199717268139014,9.835049682821358,9.835076831215103
9.083027675891962,0.031111905235108598,-0.016979036703671197,9.835494610959568,9.835558473241337
9.103034344781593,-0.02929198198948354,-0.020103460556227404,9.859148435494093,9.85921244534475
9.123041013671223,0.03125432479226059,0.034989584863210285,9.808661171308007,9.80877337272059
9.143047682560853,0.002094910749102739,-0.012325905178125499,9.805032630822973,9.80504060206243
9.163054351450484,0.041818409619290106,-0.07172614009816602,9.788533667407245,9.788885778091478
9.183061020340112,-0.008056796003078941,-0.0019327871493737727,9.826123862601756,9.826127355719528
9.203067689229742,0.015249786206483953,-0.06148104004511717,9.763552149953075,9.763757630088822
9.223074358119373,-0.0016242492671412001,0.08736922407019608,9.833282621185877,9.833670887700915
9.243081027009001,-0.0038484904816231584,-0.03862671655388924,9.827635053655975,9.827711716465762
9.263087695898632,0.010357217129027594,-0.006474590614309227,9.827552106073751,9.827559696581085
9.283094364788262,0.02147229876899615,0.010328109388045476,9.814146757095056,9.814175681087912
9.303101033677892,-0.049982596476960205,-0.0115463264271692,9.855989347425933,9.856122847965015
9.323107702567523,0.057345344352715114,-0.011601216058647706,9.836159803962806,9.836333807157349
9.343114371457151,-0.07438652162199194,0.016873091446435087,9.791787684258729,9.792084768291934
9.363121040346781,-0.027392484389555837,0.06104863835185115,9.792324628509071,9.792553237769553
9.383127709236412,-0.003770762830596027,0.0307003632726919,9.78360978559756,9.78365868005409
9.40313437812604,0.016494238763437925,0.05914055514294171,9.826538499983268,9.826730308542533
9.42314104701567,0.06304690110965513,-0.041864764323740075,9.779995832362802,9.780288648668055
9.443147715905301,-0.0743316595290043,0.012694505330214455,9.842501764307501,9.842790626975166
9.463154384794931,-0.020307765135588424,0.006209842082331171,9.849689199250367,9.849712091695515
9.483161053684562,-0.08507333951197062,0.014043651667069392,9.783629511931487,9.784009460542473
9.50316772257419,0.0012648789564099108,0.055049278825422904,9.804433543962215,9.804588167842109
9.52317439146382,0.010867343380001226,-0.008831565991682163,9.810498629440874,9.810508623612298
9.54318106035345,0.0636318296868501,-0.01622013466216351,9.836519494814091,9.836738680801448
9.56318772924308,0.004825390435738165,0.021359231896746555,9.858280301268296,9.858304620955604
9.58319439813271,0.04176100517769519,-0.0711281091026339,9.759435228213944,9.759783766209235
9.60320106702234,0.02335348326156236,-0.009474081964887133,9.8004545784742,9.80048698219356
9.62320773591197,-0.017409927880206733,-0.005367907571418119,9.80201949913319,9.802036430324453
9.6432144048016,-0.056358429871681576,-0.03681434465227701,9.767979904353403,9.768211861975646
9.66322107369123,0.011000091931672432,0.04228236045426309,9.795446699420879,9.795544131962425
9.68322774258086,-0.05968408068581455,-0.04248961269373137,9.82283306833052,9.823106282890445
9.70323441147049,0.05180828290678576,-0.005434921934551849,9.801639632914814,9.801778059621665
9.723241080360118,-0.006482484081472957,0.011726289012918735,9.763661364941779,9.763670558642925
9.743247749249749,0.04780709646045666,0.05413806245904474,9.896222480940297,9.896486034979635
9.763254418139379,-0.01920857736529598,-0.00042225739523413263,9.817985335956125,9.818004135505099
9.78326108702901,0.010754031456039677,0.03744614376512842,9.813350823903201,9.813428160223983
9.80326775591864,0.008373954293387552,0.028023815891085095,9.777062209107989,9.777105957190768
9.823274424808268,-0.001801764720436958,0.004938302246765701,9.817821184859138,9.81782259215627
9.843281093697898,-0.017306380535863683,-0.04358053633093822,9.805073586478755,9.805185710134078
9.863287762587529,0.01569824073882081,-0.057383234436173956,9.753344297618538,9.753525734740474
9.883294431477157,-0.03704653053932833,0.004260216056767459,9.777892336799567,9.777963445672599
9.903301100366788,-0.04837741315836235,-0.02170787495610454,9.833847780530219,9.833990735026045
9.923307769256418,0.049713075733073105,0.03677044366725167,9.868320529500014,9.868514251313506
9.943314438146048,0.029086719555684024,0.0298342607239431,9.821014962151292,9.821103349785451
9.963321107035679,0.0026356643440895978,-0.0073844397774819924,9.8430924983488,9.843095621181773
9.983327775925307,0.06660569530175126,-0.04630851695765077,9.805327340742505,9.80566290755
10.003334444814937,-0.010710620748993793,0.020429421984290937,9.807403615179583,9.807430741520278
10.023341113704568,0.05290812879955918,-0.04071797784540602,9.842729370828584,9.842955790370317
10.043347782594196,0.007022963397032873,-0.0303385569172346,9.859883318675385,9.859932495100756
10.063354451483827,-0.04099003000305561,-0.03917662952860618,9.84903290080397,9.84919611298201
10.083361120373457,0.07392160767083399,-0.005540040877598138,9.778009107738455,9.778290096287272
10.103367789263087,0.039628433864963404,0.046807693362822464,9.807991233290544,9.808182981838822
10.123374458152718,-0.004840841240382572,-0.00020163480894114805,9.81832574053429,9.818326935972275
10.143381127042346,0.029086850381357967,-0.01772874769710783,9.802209661094775,9.802268849272588
10.163387795931976,-0.016148137359916274,-0.06102459720180977,9.821635726302468,9.821838580631676
10.183394464821607,0.03316596140238168,0.022084983389193718,9.834617304350068,9.83469802538486
10.203401133711235,-0.09564314261135838,-0.0312161842371451,9.840084292558656,9.840598607073986
10.223407802600866,-0.04079205334778375,0.004700704766323865,9.860576104566647,9.860661600632707
10.243414471490496,0.03917038977147851,-0.014168744636665625,9.800116766858256,9.80020528952408
10.263421140380126,-0.009986221528756774,0.03352708878397751,9.769079005054822,9.769141640763822
10.283427809269757,0.008301691795549676,-0.0062894556811420865,9.820747037820434,9.820752560583037
10.303434478159385,-0.05387142648461739,-0.0023570541809220646,9.866514330935544,9.866661681077971
10.323441147049015,0.07391467982808413,0.019429885898218386,9.795690724201378,9.795988855882037
10.343447815938646,0.047621185748707065,0.08427760729052743,9.830605409311913,9.831081995691795
10.363454484828274,-0.00802740873501319,0.03553787721434218,9.830872373774179,9.83093988433681
10.383461153717905,-0.016187834274533054,-0.0035442442539443766,9.815743261420339,9.815757249533254
10.403467822607535,0.04118417445678772,0.00012791962461153588,9.810207741631311,9.810294189602677
10.423474491497165,0.0792988180067571,-0.020994378412977386,9.782297123828359,9.782641058800165
10.443481160386796,0.03815041023245415,-0.03799982814078781,9.741550137827383,9.741698954933085
10.463487829276424,0.08687210669586408,-0.022110031482652878,9.77664447880008,9.777055429998647
10.483494498166054,-0.03689405316247672,-0.030885958548477702,9.79829087552665,9.798409013458409
10.503501167055685,-0.032775473219951626,0.026134735351835418,9.842922680622681,9.843011945169684
10.523507835945313,-0.047557644722133946,-0.04284779431475944,9.80690615812946,9.807115073119448
10.543514504834944,0.017670425985979173,0.05332842245520177,9.794429228432456,9.794590347501424
10.563521173724574,0.007024141992174809,0.03008185534475319,9.783270436741397,9.78331920643551
10.583527842614204,-0.006078044938879435,0.0008200691747067388,9.829704174855285,9.829706088195676
10.603534511503835,0.03237034512493195,1.2744458602732577e-05,9.850750714992918,9.85080390061336
10.623541180393463,0.04929314420858656,-0.022291252384582138,9.841903071656024,9.842051756918936
10.643547849283093,-0.061026496371473685,0.010803376453910564,9.828184490992754,9.828379893715582
10.663554518172724,-0.02387888111604462,0.04352369852834356,9.765731617608512,9.765857798496532
10.683561187062352,0.032805743764922395,-0.02812625849023255,9.799449772714688,9.799545048174357
10.703567855951983,-0.01870954735434328,-0.06133568355674922,9.86841912686669,9.868627471778835
10.723574524841613,-0.031928243054326164,0.028128730194269758,9.843658514757458,9.843750484105328
10.743581193731243,0.04074149710601579,0.01297463896975202,9.763874903452958,9.76396852417711
10.763587862620874,-0.0515800027889592,-0.04480795205764718,9.808332284304022,9.808570255066527
10.783594531510502,-0.0120631923116442,-0.02933565483656472,9.82089295297983,9.82094417533988
10.803601200400132,0.013145761032192343,-0.03436417096200563,9.787135246109214,9.787204403347888
10.823607869289763,-0.02295279655640475,-0.02898129076136996,9.740723879357734,9.74079403539434
10.843614538179391,0.03132622624052699,-0.01294731016164751,9.812964721350493,9.81302326440533
10.863621207069022,-0.022755079007894762,-0.010661892171229892,9.786367252271388,9.78639951493373
10.883627875958652,0.056344779737836775,-0.026031746202738407,9.78648474782746,9.78668156759346
10.903634544848282,-0.005029851899830905,-0.03032655277999713,9.799359589202078,9.79940780647996
10.923641213737913,0.02685080546821414,-0.009151373756775261,9.805989722560357,9.806030754201991
10.943647882627541,0.029840958119312654,0.0067076613943824505,9.80972751617713,9.809775197074885
10.963654551517171,-0.02510160010976291,-0.012651861454593785,9.78348030303234,9.783520685302816
10.983661220406802,-0.08213946194623555,0.04634668093365207,9.803393714110978,9.8038473682485
11.00366788929643,0.014430230186553395,0.020323508576831458,9.757277298887917,9.757309135409086
11.02367455818606,0.00289153388499478,-0.06363383427434784,9.819331171961043,9.819537783952892
11.043681227075691,0.022233041103005093,0.020949110616554138,9.724311737599766,9.724359718941546
11.063687895965321,-0.009061098895313521,0.024221759303423306,9.801315297586992,9.801349415251439
11.083694564854952,-0.017217107952028635,-0.017389398724967652,9.83757558461031,9.837606019907238
11.10370123374458,0.08033892043926798,-0.059807903492126224,9.778219779381756,9.778732708349791
11.12370790263421,-0.05889416246043111,0.0003226703764454436,9.831492906109723,9.83166930838166
11.14371457152384,0.02935801913456954,-0.00030834605928976313,9.844671981363627,9.844715760701822
11.16372124041347,-0.02298407432733564,-0.04486584946132779,9.710763001425079,9.710893845674907
11.1837279093031,-0.013431144709616883,-0.058048768650397424,9.805459112892729,9.80564013564648
11.20373457819273,-0.012684113302958629,-0.0035021418581375773,9.723726797171151,9.723735700735197
11.22374124708236,-0.032137370966850286,-0.009323087682032877,9.806453746632872,9.80651083798037
11.24374791597199,0.02284896840944958,-0.016690614612895744,9.809784863670561,9.809825672430351
11.26375458486162,0.05562574383799829,-0.003336429389862455,9.735523680422675,9.735683164894454
11.28376125375125,0.018800546449866458,-0.04411105495281276,9.867745150862396,9.867861653270387
11.30376792264088,0.004135279848483805,-0.017392824514644568,9.818580474229039,9.818596750034892
11.323774591530508,-0.03945761996396986,0.021333001224573902,9.784529297037539,9.78463211190387
11.343781260420139,0.020673010632978037,-0.013998803214051551,9.853961382824956,9.853993011671237
11.363787929309769,0.08625398526917195,-0.06687889887170208,9.75613160338073,9.756742099675145
11.3837945981994,-0.015227784951803701,-0.018907691108942866,9.77312486899445,9.773155022364856
11.40380126708903,-0.015039343174074647,-0.042806338540274415,9.741016334289904,9.741121998484829
11.423807935978658,-0.022443565239239894,0.01068545185846923,9.86403135589618,9.864062676331955
11.443814604868288,-0.019576569379776816,0.012753496135217013,9.81997039114416,9.819998186185186
11.463821273757919,-0.10981198214689539,-0.06635098500344123,9.829782053695455,9.830619326766103
11.483827942647547,0.01620141543422851,0.03036051882328756,9.819030037017555,9.819090340495817
11.503834611537178,-0.03382208705418455,-0.04448745205114234,9.827213032834338,9.827371930464002
11.523841280426808,-0.06441052475167201,0.06236729161929406,9.81234233141688,9.812751929182678
11.543847949316438,0.030127597989301955,-0.0019510505800246747,9.818127640281224,9.818174058327399
11.563854618206069,-0.04328071140167745,-0.049855739941566495,9.813228103086688,9.813450189306252
11.583861287095697,-0.013546762155350306,-0.04567944282770726,9.791742245832921,9.79185816559304
11.603867955985327,0.0586576956475432,0.013923811671493794,9.808601257043561,9.808786531343552
11.623874624874958,-0.05636863192098054,-0.015651995595935105,9.818207837197852,9.81838212446654
11.643881293764586,-0.06130392938391048,-0.0038661563847256332,9.813316473586564,9.813508716544176
11.663887962654217,0.010772247582493526,0.06451120930788157,9.765666836767402,9.765885853530287
11.683894631543847,0.04597949456041474,-0.02796976256916301,9.769650399941748,9.769798634497036
11.703901300433477,-0.06297366870927852,0.0023985143078282646,9.842485243017492,9.84268699059554
11.723907969323108,0.016307589473487084,0.05679377949492213,9.8007901786235,9.80096829891142
11.743914638212736,0.02323998159846768,0.010820539018656006,9.827541760411078,9.827575196020279
11.763921307102366,-0.08236641934769282,-0.06426410941432023,9.77723640270833,9.777794525210677
11.783927975991997,0.031940053516288806,0.020215560469285472,9.765805623700604,9.76587877847181
11.803934644881625,0.03506423519368718,-0.04652011431133777,9.78469210162405,9.784865514927086
11.823941313771256,-0.01247142293024099,0.0562723011493186,9.803323047876859,9.803492484278252
11.843947982660886,0.05009385449192033,-0.03291470419991911,9.790045791021468,9.790229280374774
11.863954651550516,0.04545822297299381,0.11878038030982659,9.848818005693172,9.849639147605787
11.883961320440147,0.004124717028688194,0.05869503953310713,9.815385699046125,9.815562059403199
11.903967989329775,-0.018057815612997345,-0.031864502785119146,9.865468158556856,9.865536144515495
11.923974658219405,-0.038913115703318284,0.0008005522000644194,9.822132244622143,9.82220935952312
11.943981327109036,-0.0015025403746476494,0.03014577126533854,9.737623475462406,9.737670253968828
11.963987995998664,0.02279035678816716,0.031346418969068306,9.841681248193757,9.841757555914153
11.983994664888295,-0.01296707444162565,0.017693450399047888,9.764713451325902,9.764738091198945
12.004001333777925,-0.0879000402104812,0.0500863614786444,9.81691601001634,9.817437293326112
12.024008002667555,0.05074855578306282,-0.004918757865374781,9.786759478270085,9.786892289976544
12.044014671557186,0.007608928873795751,-0.014668706743041326,9.874281331033925,9.874295158195405
12.064021340446814,-0.015184979867073354,-0.013874559516984424,9.853187937822904,9.853209407349167
12.084028009336444,0.034286335536931535,0.03433492927888509,9.787745380748948,9.787865654908915
12.104034678226075,0.06098554385931025,0.014607241612105843,9.806179269956367,9.80637978474163
12.124041347115703,-0.11207646277951566,0.011651346627610255,9.817337942089477,9.817984577120553
12.144048016005334,0.017370545996882862,0.03180936997028728,9.835902422146848,9.835969196265326
12.164054684894964,-0.05706596843241389,-0.0820420963141542,9.81087455736975,9.811383542129308
12.184061353784594,0.01996442027195765,0.012402752955006017,9.779253153018574,9.779281396768445
12.204068022674225,0.00511708809498317,0.00874275555494863,9.788473240823999,9.788478482721038
12.224074691563853,0.025429061057621997,0.0667523232520282,9.809865546108696,9.81012561298459
12.244081360453483,-0.01996990457978621,-0.061143519290546684,9.847033709362941,9.847243786987821
12.264088029343114,-0.07492960447276607,0.06228746529507032,9.822835135816081,9.823318394482705
12.284094698232742,-0.018014727650266724,0.0030163651569866325,9.78679755220155,9.786814597030503
12.304101367122373,0.016273905405591323,0.0195595812264018,9.829451183331294,9.829484115797118
12.324108036012003,0.040615693147008934,0.06703675150437506,9.798390454833656,9.798703948275882
12.344114704901633,-0.04687325201890101,0.02243045072022292,9.836712240155606,9.836849491707264
12.364121373791264,0.0410824170749207,0.016014731578502438,9.885810312549859,9.885908646772808
12.384128042680892,-0.025914891585860855,0.009691647432092736,9.799235208871695,9.799274268456136
12.404134711570522,0.01449799526378106,-0.019339125399775076,9.834048154791791,9.83407785734899
12.424141380460153,-0.020395758114625313,-0.0011395649804157157,9.787638200038868,9.787659516984514
12.444148049349781,0.0072868251084840675,-0.028620510644909947,9.806632086984262,9.806676558392198
12.464154718239412,0.03567510538281098,-0.00178267597701928,9.810886868606163,9.810951892638478
12.484161387129042,-0.049080563091541435,-0.09343722788220386,9.804189490198668,9.804757568494477
12.504168056018672,-0.02719623586987326,0.017161582702701947,9.883890410663252,9.883942725712616
12.524174724908303,0.007398503493683465,-0.00486949015134502,9.800802207759649,9.800806209971437
12.544181393797931,0.09606334644121409,-0.013448149466670571,9.827605546163547,9.828084238051588
12.564188062687561,-0.03452758848667312,0.008790323357605727,9.752097393920298,9.752162478376707
12.584194731577192,0.08160535543987676,-0.05734255691861763,9.82295989690109,9.823466228322745
12.60420140046682,0.08017693214700683,0.0771707998648513,9.844261637770568,9.844890596938168
12.62420806935645,-0.0038924460280636464,-0.004110698459503987,9.794172079722628,9.794173715847405
12.644214738246081,-0.011926101047996011,-0.005833777318887583,9.734693335768789,9.734702389200468
12.664221407135711,-0.02768260794658767,-0.03861584840531689,9.80884044693518,9.808955521561016
12.684228076025342,-0.002728101213306764,0.0009578552979704499,9.810515515511566,9.81051594158616
12.70423474491497,-0.05626877730238232,0.05547839561093122,9.83172225152233,9.832039791353468
12.7242414138046,-0.003049560692823904,0.04143664837728136,9.870327091062403,9.870414539430934
12.74424808269423,0.05987521095403425,0.03417751004562224,9.798598390481992,9.798840929468954
12.76425475158386,-0.024443402499068706,0.021855958066690863,9.784311356290193,9.78436629933988
12.78426142047349,-0.00962897215956203,-0.01434170110250439,9.774992465958857,9.775007729462303
12.80426808936312,-0.06804561897068967,-0.05800652668146808,9.815942358510949,9.816349593866768
12.82427475825275,0.014962483525241741,-0.008041550874665402,9.824380627764555,9.824395312773666
12.84428142714238,0.010579267398054957,-0.00943485858134709,9.793630338169123,9.79364059674245
12.86428809603201,0.002548094390630836,0.04195177758684964,9.833360482371774,9.833450300921776
12.88429476492164,-0.008673082008885736,0.012375617698392809,9.823961522304575,9.823973145829838
12.90430143381127,-0.01171031675089819,0.06449246111614193,9.811296950689346,9.811515900393031
12.924308102700898,0.020076009348026877,0.047899541601526985,9.782927558377677,9.783065420649216
12.944314771590529,-0.0011526640635449324,-0.01825982438016383,9.795544070535458,9.795561157362206
12.964321440480159,0.012598874862213288,-0.07180516786479474,9.737107341069525,9.737380247545534
12.98432810936979,0.008599312698181918,0.055423009357659245,9.817073611925942,9.817233824256087
13.00433477825942,0.044937091483830474,0.05437540892922977,9.810790238662424,9.811043835103437
13.024341447149048,0.02707976389500217,-0.054648463636089044,9.815654369732686,9.815843849320483
13.044348116038678,0.007714473726007626,0.060369600793100026,9.825129570466938,9.825318064992533
13.064354784928309,0.0607368812260872,0.015284686823700716,9.821574644592967,9.821774335103807
13.084361453817937,0.01681074116226246,0.006427419925026121,9.80668850458062,9.80670501945577
13.104368122707568,0.05219850755161676,0.06459133016989309,9.811460041294882,9.811811497682266
13.124374791597198,0.024277704335465514,0.053787406929224596,9.767870507499115,9.768048768476895
13.144381460486828,-0.07367676315726172,0.026053238079808156,9.792488380629317,9.792800198176412
13.164388129376459,0.052193390532773186,0.01892868263247932,9.811514131610505,9.811671213398569
13.184394798266087,0.005407049653706764,0.024655771621214365,9.78792439272263,9.78795694008279
13.204401467155717,-0.002078190836031118,-0.016002297355301037,9.835804523876178,9.835817760832134
13.224408136045348,0.011253933899583082,-0.002204057989292838,9.79024103757135,9.790247753894995
13.244414804934976,-0.013799326478282697,-0.036092686183781704,9.81648916233745,9.816565212827543
13.264421473824607,0.009081154415557811,-0.013321591029556752,9.813496969704461,9.813510213300424
13.284428142714237,-0.023675042653723697,-0.014665355146757321,9.832388327808312,9.832427767805232
13.304434811603867,0.0509708903493748,-0.025412214784866584,9.83702373522085,9.837188611570973
13.324441480493498,-0.004543524544842012,0.0054698601059385244,9.830820978329038,9.830823549984975
13.344448149383126,-0.01530335370889734,-0.012959234028023087,9.746819813958506,9.746840442941265
13.364454818272756,-0.03699703262877096,0.020089388814078957,9.845824444440394,9.845914449897798
13.384461487162387,0.01075103156594566,-0.06489282453175062,9.855819246725838,9.856038742186788
13.404468156052015,0.007484284005003676,-0.004534191764291988,9.795536271470356,9.795540180056095
13.424474824941646,0.015536984547100258,0.005262065607099828,9.817099407380185,9.817113112397537
13.444481493831276,-0.04109007550020515,-0.012425169593475224,9.783275049596076,9.78336922921716
13.464488162720906,-0.06404724795246292,-0.006895707992369251,9.751548644798035,9.751761408721062
13.484494831610537,0.025023652100262393,-0.0634098404291943,9.787838542033729,9.788075925121783
13.504501500500165,0.0593856744750603,0.014259084186779682,9.793795828816092,9.793986252611866
13.524508169389795,-0.04105414489559585,0.02590423930268282,9.799354478059445,9.799474713426768
13.544514838279426,0.06357765134246794,0.019741491768150675,9.781232577299821,9.781459123028567
13.564521507169054,0.011356442349455235,0.04154908237768732,9.787997244995484,9.788092018522734
13.584528176058685,-0.0002825161820331886,0.008061184231300079,9.809669810351147,9.809673126594042
13.604534844948315,-0.01590194786183112,0.019147247226037483,9.786893190506696,9.786924839366474
13.624541513837945,-0.05538072077699987,0.006243629538274096,9.826305729976502,9.82646377422278
13.644548182727576,0.039509140636983985,0.027502028783699766,9.830449819541924,9.830567683929191
13.664554851617204,-0.031024254457504123,-0.06308918544528488,9.881411632384935,9.881661732639763
13.684561520506834,-0.031192267029504013,-0.03574323871912043,9.843770397963704,9.843884710035113
13.704568189396465,0.03967705239547819,0.06347598628132364,9.817293091749853,9.817578475298305
13.724574858286093,-0.07531933786686906,-0.09841743288384822,9.79139207109997,9.792176350727734
13.744581527175724,-0.06094391242672667,-0.005607117193013758,9.81881242055022,9.819003154606701
13.764588196065354,-0.0007253697403232708,0.04689099838432273,9.819797878797491,9.819909860702715
13.784594864954984,0.011731377160194083,-0.003730426621670585,9.79460060732983,9.794608343287583
13.804601533844615,0.019389385918756954,-0.0162004428580279,9.833511941902588,9.833544402410348
13.824608202734243,-0.012071939735850112,0.005176867072612016,9.768057059559544,9.76806589097825
13.844614871623873,0.10121478674566758,-0.014124807200097865,9.802668004933874,9.803200699679094
13.864621540513504,-0.009115702350633364,0.0012339797102775666,9.826675753779522,9.826680059341182
13.884628209403132,-0.009231446084108886,-0.027335241460805185,9.801372475572238,9.801414940707673
13.904634878292763,-0.0318794667525551,0.044346976798228965,9.803797367897122,9.803949499336383
13.924641547182393,0.004956272660842843,0.05693059684262644,9.805866424164233,9.806032938250157
13.944648216072023,0.024598449281870986,-0.005335612884464902,9.784931962779368,9.784964336608141
13.964654884961654,0.0481431221813384,-0.05545957682764973,9.845217027947227,9.845490940133828
13.984661553851282,-0.05957137057760872,-0.02095372681253581,9.779458869842315,9.779662754604443
14.004668222740912,-0.009839813534228033,-0.007359546404118569,9.819544779822298,9.819552467795516
14.024674891630543,0.017868144432365767,0.020221555076128325,9.822409436948472,9.822446504253895
14.044681560520171,0.023482301383781424,-0.04032052892682712,9.781541342963731,9.781652631720263
14.064688229409802,0.00026194631218157106,-0.030766492745686026,9.812193127631422,9.81224136574458
14.084694898299432,0.021696958781284074,0.020427045514352295,9.782711034817659,9.782756422039343
14.104701567189062,-0.032358555717032014,0.037556353281582314,9.851731274251678,9.851856000564995
14.124708236078693,0.062316217292734274,-0.024863761806827367,9.775836511890715,9.776066746130802
14.144714904968321,0.03970512411917718,-0.05332868215803984,9.790383087173042,9.79060883902661
14.164721573857951,-0.053797111482606894,0.13136472805151536,9.773273249749334,9.774304110024705
14.184728242747582,-0.04300412192467023,0.03133216948354854,9.769269038193974,9.769413933290085
14.20473491163721,-0.04187687000427625,-0.010680150470681264,9.85773645872647,9.857831192892304
14.22474158052684,0.027118798835861137,0.03476125102123359,9.826283240217377,9.826382146588832
14.244748249416471,-0.05138911065669869,-0.004978265188576884,9.814208802771017,9.814344606146989
14.264754918306101,-0.013240973368323224,0.034686275564007454,9.790302691099592,9.790373090155459
14.284761587195732,0.018188175856670978,0.006375727911048888,9.837228354331403,9.837247234613406
14.30476825608536,-0.0026466373818573893,0.0036508759267029306,9.785273326818977,9.785274365808013
14.32477492497499,0.010355500628508232,-0.004543274729231545,9.833809178829904,9.83381568077101
14.34478159386462,-0.04263210845395033,-0.05789525333852359,9.783824661701832,9.78408883687977
14.36478826275425,0.023794174935889787,0.07752379597572559,9.79066476894373,9.791000598485292
14.38479493164388,-0.02452847569903986,-0.037661356810709735,9.832748471583539,9.832851190237008
14.40480160053351,-0.01298478697591765,-0.05440094305242378,9.835914820324673,9.836073831564114
14.42480826942314,0.009509269116239446,-0.008514395310254693,9.827924188016903,9.827932476697951
14.44481493831277,0.004123128861233926,-0.03845887254042027,9.778509776527297,9.778586274851218
14.4648216072024,0.0009592007606237185,-0.0020685116224108415,9.796598194028316,9.796598459365644
14.48482827609203,-0.030025072879070226,0.027510553942470747,9.814706962235956,9.814791444047223
14.50483494498166,-0.011981976447967686,0.03981211602116892,9.784521571142697,9.784609902724709
14.524841613871288,8.734363348143782e-05,0.032589228864867266,9.851128882803879,9.851182788431027
14.544848282760919,-0.0550034093266834,-0.012225282191427211,9.737941591681484,9.738104603851939
14.564854951650549,-0.018501318652535154,0.001983673106463435,9.786637814538926,9.786655503629119
14.58486162054018,0.015507195161313858,0.01631516203589964,9.794713004913906,9.794738868711285
14.60486828942981,-0.05109746415381371,-0.0703114969576829,9.724681690056848,9.725070109278096
14.624874958319438,0.04626326606376959,0.022823388004794384,9.768113126092915,9.768249343714338
14.644881627209068,0.050784530503993716,-0.05829197150335326,9.828758685376263,9.829062738523932
14.664888296098699,-0.049806023038403424,0.08161386395625957,9.81090850909659,9.811374380614811
14.684894964988327,0.054304785322005576,-0.016180603385667812,9.857194080661287,9.857356946233544
14.704901633877958,-0.005743263548485375,-0.00739500708778365,9.856356793376545,9.856361240820366
14.724908302767588,0.016740582366282192,-0.03078828396951422,9.82299139135812,9.823053906002118
14.744914971657218,-0.01986604208512987,-0.02519880127422759,9.819397147470022,9.81944957617056
14.764921640546849,0.036921793089070475,0.09096374276572959,9.811977933257367,9.812469036080184
14.784928309436477,0.016243760753946682,0.03761478754493191,9.730347539463615,9.730433801776318
14.804934978326107,-0.03256613026390414,-0.06196809780591354,9.768163214600218,9.768414056798315
14.824941647215738,-0.046608079998611544,0.060168516027409184,9.813020265092968,9.813315407474038
14.844948316105366,-0.058412097408368904,0.047729691005657264,9.82848077126243,9.828770236789671
14.864954984994997,0.007517671057310258,-0.011248498491531539,9.818690094364145,9.818699415567268
14.884961653884627,0.022898856471189433,0.012267877681193504,9.783226050968532,9.783260541496368
14.904968322774257,0.02603862715117766,-0.0005977631768429698,9.838122188474085,9.838156664882444
14.924974991663888,-0.004719243784295114,0.07890319617787729,9.85447332086264,9.854790328425183
14.944981660553516,-0.04627985822657456,-0.031851607559683616,9.838139688008742,9.838300100675642
14.964988329443146,-0.02728299192095132,0.0058404243910290775,9.839687979887715,9.839727537577046
14.984994998332777,0.04609394555847703,-0.017125813239712188,9.793223226061345,9.793346675205758
15.005001667222405,-0.019385142584003253,-0.057321616184714166,9.842278023681024,9.84246403330332
15.025008336112036,0.005736705227259046,0.08766553020219948,9.81437275917983,9.814765958040141
15.045015005001666,-0.0430260193429955,-0.0472626631640965,9.82534666585566,9.825554544243841
15.065021673891296,0.013463321818361398,0.008805167499511036,9.820962955284742,9.820976130766446
15.085028342780927,-0.018307382467163114,-0.06962802425521342,9.806355386836788,9.806619661991453
15.105035011670555,0.041868508551030546,-0.015962821569723732,9.784199925746332,9.78430252857378
15.125041680560185,0.030942308248272536,0.0168787528573383,9.807535900093379,9.807599234795344
15.145048349449816,-0.01982823786299599,-0.03298935918009451,9.839602848524486,9.83967812855314
15.165055018339444,-0.005066561093906535,0.023472074029426204,9.796755725840613,9.796785154329527
15.185061687229075,-0.022044649601625152,-0.010761643675523298,9.836800417878244,9.836831006005962
15.205068356118705,-0.05677732786180039,0.04640330049594453,9.83211212011853,9.832385553559103
15.225075025008335,-0.034297697181888666,0.05447043653360893,9.801031878089406,9.801243249497121
15.245081693897966,0.007928693108832804,-0.023469790429200468,9.851664003108588,9.85169514984009
15.265088362787594,0.013010379929183276,0.0030693143757182734,9.79933359986428,9.799342717351285
15.285095031677224,0.0059419161437055555,0.007338169058889308,9.85528640587838,9.855290929088993
15.305101700566855,-0.012069322158345431,0.02477397181738794,9.82302380944623,9.823062464382708
15.325108369456483,0.03732266422883941,0.0005752798497706295,9.809524022446395,9.809595040528684
15.345115038346114,0.0025416761824374958,0.007608438373713689,9.78336595858987,9.78336924725564
15.365121707235744,0.028130153123837893,-0.00973625899180478,9.80735219309595,9.807397368296947
15.385128376125374,-0.07095100528810075,0.004609594678880733,9.803887214595168,9.804145032077866
15.405135045015005,-0.1568960100647337,0.0519176077414053,9.772251108442473,9.773648424330752
15.425141713904633,0.011351521113523205,0.025843329648474175,9.80347153731847,9.80351217257021
15.445148382794263,-0.05699062614885958,0.02805022557773476,9.785885904597087,9.786092053747286
15.465155051683894,-0.00849806810852224,0.02892281296542313,9.827579753069363,9.827625987450391
15.485161720573522,-0.012083881640984227,-0.00615235111524142,9.849188414271847,9.849197748621282
15.505168389463153,0.06349602409662147,0.012753081743181216,9.773192529711144,9.773407113641166
15.525175058352783,0.015999862117744255,-0.04340694713342979,9.861369231851008,9.861477743499956
15.545181727242413,0.0066343610719469094,0.050752306252678285,9.806143468968447,9.806277048163045
15.565188396132044,0.03347964618534695,-0.11131841729372882,9.780749358451844,9.78144011327543
15.585195065021672,0.014739903473561551,-0.0034859356934170073,9.832732643406246,9.832744309357832
15.605201733911302,-0.018307079719537322,0.045635839086010974,9.79660636565235,9.796729763677117
15.625208402800933,0.042859037210182395,-0.05455471734517366,9.807547899719056,9.807793274714697
15.645215071690561,-0.04439000511553097,0.015991196704674044,9.797871652673638,9.797985257857448
15.665221740580192,0.01292988750134249,-0.027230657863161076,9.785497862044053,9.78554429241354
15.685228409469822,-0.06190279176545244,-0.014752130607554748,9.831719910972058,9.831925853503487
15.705235078359452,0.008157754300639801,0.03783763842557751,9.801410957913175,9.801487387215133
15.725241747249083,0.00771958567091718,0.007922277035406008,9.766900446234622,9.766906709963724
15.745248416138711,0.0670581984765865,-0.08137423471537451,9.826531803726478,9.827097529673061
15.765255085028341,-0.06259895573767117,-0.039057021589263934,9.773832529469288,9.774111028339451
15.785261753917972,-0.024035487034152505,0.039013429395550386,9.775402194819742,9.77550959402101
15.8052684228076,0.03290729706296575,0.017957708727719904,9.84577818614932,9.84584955503366
15.82527509169723,0.01341269025589231,0.06992542290097138,9.774109803023695,9.774369130874467
15.845281760586861,0.007212202053500122,0.06730590376053189,9.740506654292176,9.74074185998426
15.865288429476491,-0.03824542811834157,-0.013689805205871673,9.828685844548845,9.828769788451318
15.885295098366122,-0.023632733923657168,0.10012951220277953,9.800884097115567,9.801424055228887
15.90530176725575,0.049801640328930266,0.0009791867940764304,9.803470346365858,9.803596890644828
15.92530843614538,-0.0020603677501571183,-0.038506741376361016,9.800564988199495,9.800640851606005
15.94531510503501,0.015014387845778932,-0.025345594636423094,9.816950098170562,9.816994298713881
15.96532177392464,-0.0046075331510591604,-0.09026900421157676,9.787418422742908,9.787835772239458
15.98532844281427,-0.04732342060999061,0.06428076032997124,9.854283446236973,9.854606727874373
16.0053351117039,0.037352417042999866,0.06379047956175454,9.765713085590718,9.765992857790724
16.02534178059353,0.02012929538129985,-0.04062029755253284,9.823346247500314,9.823450854734517
16.04534844948316,0.09222547349468757,-0.009115371535276237,9.829263630116298,9.829700511118666
16.06535511837279,-0.040623255186021806,0.003824301764503104,9.787210447175,9.787295500363587
16.08536178726242,0.03290291684801922,-0.03841412208568455,9.779287966641666,9.779418764999033
16.10536845615205,-0.05246175864148005,-0.07020408125084647,9.840515226425104,9.84090548530207
16.12537512504168,0.006293862706923107,-0.008414304151076473,9.7802741773795,9.780279822067381
16.14538179393131,0.039060263562526586,-0.012843177178369873,9.791800081777483,9.79188641135543
16.16538846282094,-0.08288540464385948,-0.015536449639551007,9.836619268873793,9.836980736605597
16.185395131710568,-0.008197298969664315,0.008908642504038585,9.811042237006172,9.811049706119153
16.2054018006002,-0.02252838936170481,0.05718078634103969,9.756085689971128,9.756279268282208
16.225408469489828,-0.028078291931804875,-0.012123708787669043,9.862411774336605,9.862459195422097
16.245415138379457,0.015408506090374169,0.006817719948854514,9.794099677236602,9.794114170817663
16.26542180726909,0.04482742825690381,0.02907482094979744,9.797917281302809,9.79806296646381
16.285428476158717,-0.00533114860916622,0.022165717060509953,9.817673527569792,9.817699997153252
16.30543514504835,0.008219457102400806,-0.02457694097791368,9.828752303910123,9.828786468182196
16.325441813937978,0.00457235012236991,0.003855084924561435,9.868833128738745,9.868834940911555
16.345448482827607,7.214025425656706e-05,0.021901592806762134,9.76019795551783,9.760222529013676
16.36545515171724,-0.04357370550848425,-0.04513405350043111,9.83477856626778,9.834978657735727
16.385461820606867,0.04433778406891571,0.050541560431860325,9.832290290821502,9.832520157691507
16.4054684894965,0.01180781472635344,0.057263556208564444,9.805885052673776,9.806059361721672
16.425475158386128,0.015795259600103105,-0.028911210217779752,9.833618210844486,9.83367339629268
16.445481827275756,-0.03226038516102329,0.007746800733926747,9.838028220529097,9.838084163763758
16.46548849616539,-0.018368815919569622,0.025691130266841267,9.76854111645039,9.768592170387425
16.485495165055017,-0.007045367908431135,-0.021824566253150105,9.862492995176426,9.862519659235423
16.505501833944646,-0.06136498773795406,0.01926455382752378,9.763237132405857,9.763448985289102
16.525508502834278,-0.06752137300790713,0.0065302250516866165,9.775940511562837,9.77617587123245
16.545515171723906,-0.02402991722554271,-0.058716727105552036,9.802146369791277,9.802351684456958
16.565521840613535,0.020900830657695598,0.018366452639142324,9.867748215395611,9.867787442671634
16.585528509503167,-0.026125495597197634,-0.04400569665084143,9.8007523011074,9.80088591457527
16.605535178392795,-0.04075220790362854,0.03756811406648189,9.809041983298476,9.809198577649228
16.625541847282427,-0.03258742612950681,-0.026848443005355552,9.852962358117137,9.853052826901253
16.645548516172056,-0.018213696925812504,-0.006451417346445803,9.800990455723037,9.801009502735702
16.665555185061685,-0.01415435851280415,0.054891156537863,9.77464689861208,9.774811270683323
16.685561853951317,0.08662085808826227,0.01985526586115381,9.79748295494285,9.797885978977
16.705568522840945,0.04218482513949273,-0.043178956782981816,9.851123755014173,9.851308705871796
16.725575191730577,0.04099096449126912,-0.04059666283196335,9.812125949911655,9.812295552271788
16.745581860620206,0.046743214570935256,-0.023972111544949017,9.867919747771689,9.868059573122915
16.765588529509834,-0.03995283477336198,0.015785763334266643,9.832138047787865,9.832231893628641
16.785595198399466,-0.04889458459948957,0.014331992597310725,9.790655731908195,9.790788310813475
16.805601867289095,-0.04427481166136227,-0.033724092186514766,9.811532289133952,9.811690141563766
16.825608536178724,0.053380245333513515,-0.046688379424574364,9.784403456455744,9.784660456759257
16.845615205068356,-0.02188767155529964,0.01126333620343337,9.789947009080537,9.789977955721529
16.865621873957984,-0.050054247289571474,-0.007274402631606477,9.944372527530772,9.944501159480758
16.885628542847613,-0.01723984800879252,0.0862886354979095,9.840558735301014,9.84095214722054
16.905635211737245,-0.009544221268585097,0.001464146262523158,9.835832939670201,9.835837679271922
16.925641880626873,0.010736530947782486,0.072570113108011,9.791304590540758,9.791579406773854
16.945648549516505,0.01003804082848172,-0.0468153439241736,9.857087521988433,9.857203805077305
16.965655218406134,-0.03312722255494033,-0.06292851758246829,9.842982468053789,9.84323936911084
16.985661887295763,0.027426255700548435,-0.044803405301021386,9.866448638680733,9.866588482568492
17.005668556185395,-0.025567741350006324,0.04756519125813865,9.864993424451955,9.865141226627092
17.025675225075023,-0.006251053468201722,0.07024406358774136,9.765627321357075,9.765881951148833
17.045681893964655,0.0274709628201342,-0.03128717815810536,9.776704815321903,9.77679347164774
17.065688562854284,-0.025672856157773656,-0.018422641190382304,9.779886365536091,9.779937413503752
17.085695231743912,-0.022774056943245503,-0.04675923640849999,9.781681780700028,9.781820052665967
17.105701900633544,0.02366672198772524,-0.07246559388473549,9.819703570927812,9.81999947031155
17.125708569523173,-0.03430932706420078,0.02873646791106519,9.792995896437127,9.793098158506632
17.1457152384128,-0.015391680944162827,0.008920812118486525,9.872177956222876,9.87219398533396
17.165721907302434,0.0222296871217157,0.00041951930695501775,9.86714039646245,9.86716544598737
17.185728576192062,0.08216369765743901,-0.0560022614865352,9.809806152177629,9.810310080206762
17.20573524508169,0.024216180190509865,0.06559826727314642,9.868659786484494,9.868907514888791
17.225741913971323,0.018905590519600467,-0.020134269521978925,9.854644038817206,9.854682741821653
17.24574858286095,0.021232063346909184,0.021345056992659033,9.796478803224682,9.796525065246476
17.265755251750583,-0.042927610962681974,-0.05818245620978898,9.749723539679234,9.749991645030725
17.285761920640212,0.00462386954719632,-0.0076210075848014945,9.803460948451178,9.803465001096983
17.30576858952984,-0.0011906595334560698,0.011654978249543355,9.790661336067647,9.790668345611449
17.325775258419473,0.012863381614910246,0.013083008722132304,9.816195168754376,9.816212315490153
17.3457819273091,0.004660322099034833,0.0061859417294650035,9.812676848606243,9.812679905084547
17.365788596198733,0.015187987096684499,0.019780899681950903,9.811890529766977,9.811922223859868
17.385795265088362,-0.012458687795968062,-0.04522081824131845,9.825710542241376,9.825822499985298
17.40580193397799,0.002344356694871709,0.007894904217586401,9.77362434158749,9.7736278114113
17.425808602867622,-0.049113142642279686,0.004550307339211095,9.822340808327091,9.822464647989566
17.44581527175725,-0.012796291120116552,0.009266907367802434,9.796811515409491,9.79682425529307
17.46582194064688,0.05563334192706574,0.0028938086927672714,9.815999465995912,9.81615754556205
17.48582860953651,0.012752333585130235,-0.0509285109565359,9.838722295356966,9.838862370233379
17.50583527842614,-0.0008368414953230754,-0.05271199008435895,9.77326800680337,9.773410192302821
17.52584194731577,0.07584493105017387,-0.08857072743538207,9.801561190419914,9.802254791468659
17.5458486162054,-0.05443339913204317,0.03270138039381191,9.806443972979135,9.806649569062797
17.56585528509503,-0.04437822221784879,0.03310630038940795,9.79457193085288,9.794728416979401
17.58586195398466,0.06850845645105091,0.033742011648884816,9.836994884883989,9.837291308952336
17.60586862287429,0.0018384374419573532,0.012271598498458072,9.788388349235987,9.788396214265171
17.62587529176392,-0.009703321451591751,-0.08532476870872444,9.79333798801673,9.79371448522643
17.64588196065355,-0.04796817300382573,-0.041068419671410644,9.788702426011438,9.788906105674824
17.66588862954318,0.017907850655800476,0.006816616703724477,9.842761662343165,9.842780313461779
17.68589529843281,0.02177839478109849,0.005420720111671817,9.795226676627633,9.795252387213074
17.70590196732244,-0.043779774433395854,-0.008909928526080848,9.823801361726508,9.823902954026744
17.72590863621207,-0.005611023422017133,0.014756688116329868,9.869271153036903,9.869283780274756
17.7459153051017,-0.013420633281322644,0.0004660683074098226,9.807755447389482,9.807764640651579
17.76592197399133,0.010239085856750842,0.004830818622054468,9.843361820400995,9.843368331166712
17.785928642880958,-0.04477000968882575,-0.025562613313280646,9.860140622522794,9.86027539660486
17.80593531177059,0.05007789818052629,0.03928043944486361,9.840815746801212,9.841021558319028
17.825941980660218,0.03663295126390417,-0.017230864347215363,9.809495960520668,9.809579495333923
17.845948649549847,-0.014527022349312647,-0.053225963320825055,9.829263232769959,9.829418077212562
17.86595531843948,-0.008656748465534849,-0.030839960512749145,9.77137864220594,9.771431144505744
17.885961987329107,-0.005456886011104642,-0.013938647654479212,9.786598705255502,9.786610152714372
17.90596865621874,-0.031132342120260136,0.03976011153475387,9.791859744551044,9.791989958438192
17.925975325108368,-0.01773717672940143,-0.0016907199373917216,9.877218363605229,9.877234434208424
17.945981993997997,-0.010810814706984362,-0.007445928758625961,9.785622464572343,9.785631269096164
17.96598866288763,0.06451473482828513,-0.049946536990505094,9.785175697462146,9.785515839125248
17.985995331777257,0.037864732333217466,0.031419303593183054,9.77868237059253,9.778806154921474
18.00600200066689,0.03738618829346495,-0.02607808616093543,9.826794352857924,9.82690007311631
18.026008669556518,0.014797024520175613,-0.004001114357653437,9.814278641780067,9.814290612130414
18.046015338446146,-0.044693080357249386,0.05920732307527459,9.842602769310798,9.84288231429098
18.06602200733578,-0.0016596441830951695,0.02035053324197218,9.830137789982322,9.83015899508551
18.086028676225407,0.038819538384535196,-0.06513016190860697,9.768588304598278,9.7688825542784
18.106035345115036,-0.050330585174691515,-0.07078040945409889,9.78578166689969,9.786167067161513
18.126042014004668,0.025462128274930575,-0.002572418004769842,9.850959862448276,9.850993104701558
18.146048682894296,0.09290436901051065,-0.0485096245949922,9.803901052662697,9.804461242508959
18.166055351783925,0.04247266583958927,0.025941869905319912,9.84562775454054,9.84575354094021
18.186062020673557,0.0565611654224795,0.0016905225985991677,9.80550957156254,9.805672846944526
18.206068689563185,0.008733550017686428,0.0066153907609545195,9.780970307151344,9.780976443467548
18.226075358452817,0.03871727795059959,-0.028269727265694124,9.80090217667,9.801019420537148
18.246082027342446,-0.02871412857416142,0.06965534621146822,9.78095850613351,9.781248676275492
18.266088696232075,0.031834552493649054,0.11370374912041838,9.793033417127928,9.793745222859375
18.286095365121707,0.02617552536243053,-0.011143388950268588,9.816027771196957,9.816068996199814
18.306102034011335,0.011596446961506517,0.014121569936600038,9.82534815271107,9.82536514427339
18.326108702900967,0.05264029678873994,0.0038966937225725037,9.762294260302372,9.762436960605719
18.346115371790596,-0.021551393513895546,-0.010387474537642747,9.809478959774728,9.809508133665659
18.366122040680224,-0.007482300658946505,-0.033282818709311865,9.792401527933208,9.792460947847227
18.386128709569856,0.003818481654331863,-0.043398719499219085,9.790547555731235,9.790644486993243
18.406135378459485,-0.041184438843576025,-0.04542389062102097,9.813980538573993,9.814172074064684
18.426142047349114,0.009077277752009914,0.01620960102196582,9.793486443819324,9.79350406511426
18.446148716238746,-0.06875721651815388,-0.020786979128145415,9.851464139845401,9.851726008775543
18.466155385128374,0.04187818137712837,-0.10313171400562121,9.845641856287532,9.846271045161727
18.486162054018003,0.0018654946626386298,0.017794328823932896,9.845454848818262,9.84547110596175
18.506168722907635,-0.020835716156150534,-0.0015304512985662346,9.795152694135291,9.795174973974419
18.526175391797263,-0.033374944491804864,0.05386692005604585,9.78112503495242,9.781330302232368
18.546182060686895,-0.009383161184767504,0.014924895883640373,9.812460897881644,9.812476734682596
18.566188729576524,0.027530388430896544,-0.05914694385241189,9.805489549011412,9.805706582344092
18.586195398466153,0.021909559149502426,-0.08918706562919924,9.7917353051273,9.79216598343462
18.606202067355785,-0.02822151789113844,-0.028778895373517493,9.774727966599992,9.774811072339096
18.626208736245413,-0.03384158690510538,-0.025004296827746107,9.808754460921959,9.808844709878963
18.646215405135045,0.026275948252785897,0.03772636804000667,9.797877916492427,9.797985781311995
18.666222074024674,-0.028893896184601177,-0.00035483729158293574,9.830650411111142,9.830692879376606
18.686228742914302,0.0023963909631801424,0.045347539923940354,9.829953181545644,9.83005807172298
18.706235411803934,0.004950185700971083,-0.052993322228105384,9.843023994162682,9.843167891801984
18.726242080693563,0.012482485269069537,0.03861057537521792,9.7722211334436,9.772305381530552
18.74624874958319,0.03433081720727487,0.02883956613723678,9.82203174923081,9.822134086260641
18.766255418472824,-0.05051851747469291,-0.08072936445724786,9.788176028812991,9.788639298795454
18.786262087362452,-0.07644637301041951,0.052904713650430896,9.773387573675668,9.773829731581722
18.80626875625208,-0.022697891249134065,0.0037383396706541093,9.79714193289154,9.797168939171787
18.826275425141713,0.07206113631328745,0.015681780154740227,9.842061149404039,9.842337445658115
18.84628209403134,0.08088696400349514,-0.03459584449713691,9.798830449392886,9.799225364759776
18.866288762920973,0.0732470854226355,0.051009880516878894,9.856963639798774,9.857367769326068
18.886295431810602,-0.007719254710427585,-0.0474340931695548,9.82646635546561,9.826583873105939
18.90630210070023,-0.07128460327939315,0.03328368073495784,9.798177285630583,9.798493119797302
18.926308769589863,-0.09372156406607364,0.03282429903634685,9.844801452867193,9.845302271263906
18.94631543847949,-0.024561526461976447,-0.03896669712688888,9.823361903163429,9.823469893708115
18.966322107369123,-0.007922945205974407,0.07933494397690297,9.7820232183466,9.782348135834695
18.986328776258752,0.05202501604223835,0.009261139208700768,9.865764079067416,9.865905596285147
19.00633544514838,0.03471221838169783,0.026155704410840967,9.817784364692594,9.817880570193374
19.026342114038012,0.009096203159664824,-0.06108483181343023,9.810563885759565,9.810758271110313
19.04634878292764,-0.03559379083764567,0.0847092001203426,9.784334019902833,9.784765443257141
19.06635545181727,-0.03843118232979561,-0.04898227760900359,9.845386148028233,9.845583000669958
19.0863621207069,0.010165107482857417,0.040995457310637216,9.82551826282084,9.825609044224999
19.10636878959653,0.027882039153589062,-0.039790868717267815,9.828877145408859,9.82899723577544
19.12637545848616,0.01567525048982338,-0.024759552113907308,9.794774059694227,9.794817896691992
19.14638212737579,-0.041383918384266194,0.03155016175541789,9.835023017157303,9.835160689557723
19.16638879626542,0.026026705151683448,0.04110210854700629,9.837354407807124,9.837474702255163
19.18639546515505,0.01703643868405646,-0.05085136996456408,9.789936652836566,9.790083542474147
19.20640213404468,-0.042826656247607134,0.043618886762279756,9.767490295809571,9.767681577964234
19.22640880293431,-0.03137283881201023,0.04179921980532776,9.827441191780169,9.827580160328843
19.24641547182394,0.02753983898246266,-0.037518136353795695,9.762799591511829,9.762910524905479
19.26642214071357,-0.009380301405835638,0.06394590374364441,9.814560473335133,9.81477327060653
19.2864288096032,0.06356589206545829,-0.05827430512992152,9.79658264685638,9.796962186002354
19.30643547849283,0.020045171042583056,-0.024990903311104616,9.846559956323668,9.846612073581817
19.32644214738246,-0.019465247527570766,0.01916010496367955,9.798214683276985,9.79825275164242
19.34644881627209,-0.00040822401563730726,-0.03414265138810426,9.843218189160115,9.843277411853391
19.36645548516172,0.0025353357055087266,0.01055276342717364,9.79457371666911,9.794579729626403
19.386462154051348,-0.0291356125296684,0.009643043152131808,9.839999730151789,9.840047589396404
19.40646882294098,-0.03650352792710507,-0.007482970796908823,9.871810246315105,9.871880572700167
19.426475491830608,0.028055595752379973,0.033296021543622385,9.777958585849014,9.778055524902797
19.446482160720237,0.033810931881683826,-0.009134431706305566,9.818761071651927,9.818823534372365
19.46648882960987,0.024151258782118348,0.009261642752552226,9.892463472477303,9.892497289139124
19.486495498499497,0.06061272377295208,0.045858875099516104,9.811997664807087,9.81229204176518
19.50650216738913,-0.021670929440464077,0.03162744840103362,9.81185364810689,9.81192855337541
19.526508836278758,0.06697083064284522,0.031440691632568345,9.83365496842053,9.833933274493432
19.546515505168387,-0.03603684474216611,-0.04596718408867121,9.811232425922842,9.811406288176626
19.56652217405802,-0.04050742253473971,0.02099170302005287,9.758783220162885,9.758889867244571
19.586528842947647,-0.07039835528597001,-0.03513995163878019,9.84396862124517,9.844283059760505
19.60653551183728,-0.01783181255307268,-0.051256599191121056,9.749911547584045,9.750062584322844
19.626542180726908,-0.020148893473178147,-0.0028682538513987344,9.79749625046585,9.797517388740923
19.646548849616536,0.02103749121018602,-0.03617180746606359,9.8462227724747,9.846311688185132
19.66655551850617,0.009755637664818038,0.03162470875359909,9.799303727140718,9.799359613333106
19.686562187395797,-0.047718934840765476,0.03258141838781296,9.789189105226068,9.789359630917808
19.706568856285426,-0.015709049537032702,-0.07610504945725768,9.836377917154998,9.836684872551562
19.726575525175058,-0.014858480843507419,-0.0331321015830756,9.78446655639497,9.784533933909163
19.746582194064686,-0.07103928987847571,-0.05839146687671996,9.773333228412241,9.77376583194509
19.766588862954315,-0.03923786908053478,-0.018505171063715627,9.818235419624799,9.818331263860527
19.786595531843947,-0.030832545224563575,0.018207026794752973,9.804512301047623,9.804577686114985
19.806602200733575,0.05734500079283786,-0.009691523927135532,9.772689806574336,9.772862857437113
19.826608869623207,0.007658028638294103,-0.023590369626685415,9.829108576199847,9.82913986845579
19.846615538512836,0.026486750157899985,0.052007061072525576,9.823934628167317,9.824107993138117
19.866622207402465,-0.05994541988596848,-0.09219428690385155,9.799207349501831,9.799824382020002
19.886628876292097,0.047768579320559675,0.049474875740728994,9.801260039816253,9.801501311972507
19.906635545181725,0.052044082520963715,-0.021771531726219425,9.824111782260275,9.82427375923861
19.926642214071357,-0.07993379868578504,-0.0031243604045115814,9.845710842592563,9.846035809895525
19.946648882960986,-0.028212668956633928,-0.021094533508804345,9.801516203696721,9.801579506659271
19.966655551850614,0.019830622920620412,0.06171552422156474,9.829640654790245,9.829854396777225
19.986662220740246,0.025775538141527287,-0.04923913987221038,9.826956006512539,9.827113168433277
20.006668889629875,-0.02713978921948887,0.0004694547888774339,9.83637921878127,9.836416670933511
20.026675558519504,-0.012219978522146116,0.02109754607439987,9.811179275962305,9.81120956964011
20.046682227409136,-0.023895242441805714,-0.0644401107154067,9.78263023457801,9.782871654936509
20.066688896298764,0.004416721877844782,-0.036795926817846145,9.796125025404,9.796195126732066
20.086695565188393,0.04788714125847651,-0.005927141339929165,9.82028560397345,9.820404149163645
20.106702234078025,-0.030841686285648186,-0.035466601387374994,9.864553931351448,9.864665901791517
20.126708902967653,0.04003281991073657,-0.032623670848765995,9.795479411304113,9.79561554103939
20.146715571857285,-0.031266882893875504,-0.013994506523057497,9.834143623305822,9.83420328587859
20.166722240746914,-0.03390508849987537,0.025983253265846926,9.800158306479698,9.80025140068047
20.186728909636543,0.03274378473372853,-0.013708711075125777,9.813314062676584,9.813378265252187
20.206735578526175,0.03687745512030467,0.04313704777891786,9.855461902477908,9.855625300445462
20.226742247415803,0.03405639747050617,-0.039910311306374194,9.832928777442614,9.833068748535034
20.246748916305435,-0.05263189632872565,-0.050076890418938105,9.772761021817772,9.773031044718211
20.266755585195064,-0.01863803912288203,0.07705381622884536,9.792825749285653,9.793146625215508
20.286762254084692,0.032919543680132855,-0.026318325106620452,9.847686640333242,9.847776831183287
20.306768922974324,0.0016616736225557843,-0.052436480282886395,9.814256341278856,9.814396562089588
20.326775591863953,-0.04294771384789857,-0.06968215767087321,9.775534796411524,9.775877488239862
20.34678226075358,0.01833271756501767,0.04300413815235756,9.785431426650788,9.785543094285387
20.366788929643214,-0.02859229035965882,-0.01365218058640237,9.831104805681335,9.831155862938672
20.386795598532842,0.07178099393568849,-0.01014838940265594,9.83983230843653,9.840099357173647
20.40680226742247,0.06179365849673034,-0.006368068463465584,9.810535659044465,9.810732333822454
20.426808936312103,0.024163897054222692,0.04051771538679125,9.884259414028083,9.88437199537653
20.44681560520173,0.054440268190790946,-0.0071811933590368165,9.834724570903669,9.83487786898623
20.466822274091363,0.0025916540049352437,0.09376215115330505,9.802695567911014,9.8031443146983
20.486828942980992,0.030617499775000636,0.0053504229621691695,9.78552881855702,9.785578180012068
20.50683561187062,0.059108811812082995,0.042471390678332846,9.78075347086083,9.781024288305195
20.526842280760253,0.009819947271772508,0.032209594316176274,9.820062639614411,9.820120372749063
20.54684894964988,-0.010207486860571347,-0.0014578928103215084,9.795336688652599,9.795342115633487
20.566855618539513,-0.06818487832708463,-0.023478839440818532,9.860212312619502,9.860476017082908
20.586862287429142,-0.0033253410288597595,0.013278557142662146,9.853989354087537,9.853998861804444
20.60686895631877,0.03293692738249245,0.02040394924829092,9.828991996424918,9.829068360130345
20.626875625208402,0.037825337102705185,-0.02290344192506109,9.774630114811293,9.774730134645907
20.64688229409803,0.020174602628736393,0.006653554638026233,9.789833433823429,9.78985648242034
20.66688896298766,-0.021651963798489594,0.04944819913038384,9.847670325772233,9.847818274979923
20.68689563187729,-0.07907286275790362,0.08279790956278715,9.793108014006147,9.793777237891627
20.70690230076692,-0.019808603920189405,0.03417477281397686,9.843664252017586,9.843743505513292
20.72690896965655,-0.012173794842158057,0.0745103874552113,9.824238117691044,9.824528212194886
20.74691563854618,-0.012517158687600565,-0.02517496844825823,9.811551536544396,9.811591818485148
20.76692230743581,0.024742254279116978,0.028075290082371755,9.788915015611938,9.788986545293282
20.78692897632544,0.07942705644059359,0.05354078034325089,9.807172684694258,9.807640457310198
20.80693564521507,0.004941168073643721,-0.03585333331887984,9.815689438646247,9.815756162038841
20.8269423141047,-0.008669271566258466,-0.01942360448180037,9.840976166949034,9.840999154107243
20.84694898299433,-0.010368872520163702,0.06951619047341001,9.783427931980988,9.783680397198237
20.86695565188396,0.004975390676308568,-0.039003954231477594,9.802115494724218,9.802194358146071
20.88696232077359,-0.033131750413935956,-0.05364520130622843,9.811344693957968,9.811547290013225
20.90696898966322,0.004807942349842203,0.061119262945580455,9.829880350730585,9.830071535359847
20.92697565855285,0.018032493453271993,0.047870528999217545,9.782746069874317,9.782879812509618
20.94698232744248,0.008387442542979526,0.01728480975935078,9.770502906213384,9.77052179538867
20.96698899633211,0.01830167736019125,-0.0018284301858330998,9.830218954551302,9.830236161403796
20.986995665221738,0.017349904373941412,-0.01754098022419928,9.7644615265516,9.76449269592002
21.00700233411137,-0.07087586728985774,0.011277954952362047,9.848549391442866,9.848810877284711
21.027009003000998,0.025474806335816128,0.063192278296062,9.805322217075513,9.805558934118379
21.047015671890627,-0.026840593826498144,0.009542645045683041,9.763574067531767,9.763615623923867
21.06702234078026,-0.04383356652015832,0.08667837068987863,9.795587393417895,9.796068951553318
21.087029009669887,-0.04417807311419985,-0.035917679425609216,9.821373708992077,9.821538744693736
21.10703567855952,0.017341664418901174,-0.0007872301731307749,9.79401896737335,9.794034351906527
21.127042347449148,-0.008902997088994119,-0.014922346706556622,9.81060089246473,9.810616280897861
21.147049016338777,-0.06727875135941642,-0.043405661726493315,9.832202350971158,9.832528339765778
21.16705568522841,0.01912151260769134,-0.006123349320386218,9.803934289938372,9.803954849400354
21.187062354118037,-0.057584325231953094,0.016693172066417586,9.781888269706016,9.78207200635521
21.20706902300767,0.005592854340728435,0.0209692071980812,9.801030480078845,9.801054507506056
21.227075691897298,0.009539957026922166,0.08681808715778225,9.852445204093778,9.852832328356568
21.247082360786926,0.035423083267801796,0.018578698788942388,9.860551930359996,9.860633059505009
21.26708902967656,0.07126739145867406,0.04600547214718464,9.749402214781732,9.749771232708168
21.287095698566187,-0.05458705303602167,0.0026437698519590365,9.842730837275745,9.84288255903407
21.307102367455816,-0.002098954242521978,0.06712222401810382,9.817504431481062,9.817734110308567
21.327109036345448,-0.011053411801768694,0.09593797142352278,9.837719480373606,9.838193474759258
21.347115705235076,0.01734998743843849,0.02124340523903799,9.793485352191972,9.793523760523021
21.367122374124705,0.008626750837344743,-0.039706360618063256,9.756952094714956,9.757036701502466
21.387129043014337,-0.014101849709464797,-0.021952200911086735,9.827534663659424,9.827569299003576
21.407135711903965,-0.01763608754443422,0.011277372128206484,9.781770682161518,9.781793081490765
21.427142380793597,-0.044658034207361905,0.018259921410025835,9.768351227055454,9.768470374621861
21.447149049683226,0.03951446329626037,0.027937005375374878,9.770447958525796,9.770567802299917
21.467155718572855,0.01836816726398117,0.01840790724920164,9.82802741347246,9.828061817092124
21.487162387462487,0.03671072791180549,0.00027939665023754757,9.814183573980877,9.81425223740466
21.507169056352115,-0.012415845459020547,-0.025447937648085145,9.83347398065624,9.83351474697589
21.527175725241747,-0.02627341874777722,0.016045530450569178,9.83007225763489,9.830120464262036
21.547182394131376,-0.04313260266516911,0.07419949429922626,9.797371993062487,9.797747902289187
21.567189063021004,0.014356703349626382,0.04079714421711019,9.807885792783678,9.807981150379279
21.587195731910636,-0.04159172898112939,0.021388157985447923,9.794656874136525,9.794768532604103
21.607202400800265,0.07394652275866201,0.04118267695291005,9.803690166814036,9.804055537786153
21.627209069689894,-0.05230570324373762,-0.0148425611560341,9.780982357860568,9.781133475880653
21.647215738579526,0.010946404768500076,-0.02033060584333282,9.82171452881623,9.821741670542508
21.667222407469154,0.06267418828855145,-0.029911404174639278,9.842253622469453,9.842498621538658
21.687229076358783,0.023963590370552363,-0.005011464910777517,9.78550160910537,9.78553223438806
21.707235745248415,0.007026948499671173,-0.016880235868363208,9.848438089362041,9.848455062615924
21.727242414138043,-0.03873934587847582,0.04833098962608557,9.813405644894338,9.813601121541542
21.747249083027675,-0.055270767542708155,-0.019012936707287556,9.817232369292174,9.817406365338304
21.767255751917304,0.030802004356703435,-0.032108868648996654,9.759017114411774,9.759118545355427
21.787262420806933,0.06024588963099786,0.07770308715322527,9.755782130713028,9.756277585171006
21.807269089696565,-0.017553999619126858,-0.018055009243253744,9.81432349088339,9.814355796992839
21.827275758586193,-0.045562460304654044,0.006141138290014039,9.83369196373896,9.833799433030588
21.847282427475825,-0.09832677722196075,0.018052912989736464,9.789858586690652,9.790369002759139
21.867289096365454,-0.03923059374650151,-0.045467724756832605,9.860102817017493,9.860285691380172
21.887295765255082,-0.004546273699961608,0.049419350780122766,9.83204807922763,9.832173329080392
21.907302434144714,0.06396492963346936,0.025484761616449105,9.782749762448761,9.78299207297997
21.927309103034343,0.02692534768931874,0.06233536047523127,9.810925460011605,9.811160433578573
21.94731577192397,0.01220341618827012,-0.027168877488724014,9.884307874011704,9.88435274661525
21.967322440813604,-0.016004786452045238,0.0039650316990464006,9.772723079916009,9.772736989778698
21.987329109703232,-0.023326628690238254,0.001574230199767814,9.825848098167453,9.825875913020056
22.00733577859286,0.05622590390031855,0.010555539774000873,9.8003176634183,9.800484634730982
22.027342447482493,0.00802954163033558,-0.058184589943086444,9.831206888727555,9.831382344767688
22.04734911637212,-0.08410402767684089,0.004433455147688896,9.848018209389553,9.848378333282298
22.067355785261753,-0.026941585915889715,-0.05705855645694981,9.79841288733866,9.79861605731549
22.087362454151382,-0.03432864127086507,0.014333362847876856,9.843567368151216,9.843637662583557
22.10736912304101,-0.021850560367098596,-0.08514596498074078,9.87663610182816,9.877027284070659
22.127375791930643,0.022516426411403407,-0.07406347337162346,9.811988242120327,9.812293597882901
22.14738246082027,-0.004297795271769976,0.03274194865759993,9.833546660624826,9.833602108735729
22.167389129709903,-0.003074616280146481,-0.021873538207791306,9.792286776893903,9.792311689579236
22.187395798599532,0.05253892645300946,-0.039514322945289636,9.810577779270936,9.810798035003845
22.20740246748916,-0.027858443591467538,0.05083382484302192,9.804699747218754,9.804871100822234
22.227409136378792,0.07456798103549399,0.013105048693136598,9.833908077769758,9.834199520455249
22.24741580526842,-0.026852303654843444,0.03488360782135135,9.846140278072708,9.846238687325831
22.26742247415805,0.003567927864502855,-0.0066496828928332185,9.806710354526476,9.806713258068099
22.28742914304768,-0.011248143816110676,0.10718514775600012,9.856008685371988,9.85659791118451
22.30743581193731,0.004936765340038442,-0.024180554422391802,9.855901423246848,9.855932321988796
22.32744248082694,0.01778367980292516,0.06977982197439553,9.835405612295398,9.835669221826949
22.34744914971657,0.01735340960355506,-0.0024546416039965147,9.794519204048349,9.794534884544655
22.3674558186062,-0.0301246932248232,-0.06618041579650984,9.791645135497804,9.791915124432743
22.38746248749583,-0.044916587097902826,0.019313949829924345,9.7856285593593,9.78575070345668
22.40746915638546,0.10012687163622844,0.012590502458206547,9.838474982107146,9.838992523867676
22.42747582527509,-0.019359373584022125,-0.04205287256956919,9.77364695377532,9.773756596441233
22.44748249416472,0.027968497546879464,-0.03688877108538859,9.83030512962333,9.830414129617632
22.46748916305435,-0.06430565242092787,-0.0009879057233996892,9.777566719565277,9.77777823170691
22.48749583194398,-0.011184508796187072,0.013989912609919261,9.83470638359526,9.834722693722544
22.50750250083361,-0.005087975359297717,-0.09882653131517603,9.810516587481917,9.81101566016704
22.52750916972324,0.0189126027971133,0.042124858100952116,9.850009156855796,9.850117389166364
22.54751583861287,-0.10889816563967757,-0.0197799189525991,9.844243637349638,9.844865811537113
22.5675225075025,0.006645624523133226,-0.05326989937592705,9.853051962360064,9.85319820258744
22.587529176392128,-0.04598965821471571,0.03764266205807723,9.853824561548674,9.854003780618791
22.60753584528176,0.012973828447796954,-0.0009447191767382529,9.814308925019647,9.81431754573079
22.627542514171388,-0.04145316787352652,0.04864663107129017,9.775236208007263,9.77544514496284
22.647549183061017,-0.034219307837023254,0.01751809051919022,9.778424308350079,9.77849987465644
22.66755585195065,-0.010945104415730727,-6.058011792184217e-05,9.747394544120523,9.747400689298207
22.687562520840277,-0.04209317878412781,-0.006109197799206246,9.777490024997158,9.777582541043406
22.70756918972991,-0.019021377869414192,0.019308510422245514,9.812064709731139,9.812102144767042
22.727575858619538,-0.04773503074173261,-0.01654125035237321,9.793210374575246,9.79334068062637
22.747582527509167,-0.0733268180679491,-0.03410290354985998,9.804595931867706,9.80492943459948
22.7675891963988,0.04071828209717438,0.02439636490618576,9.824781462583843,9.824896129153158
22.787595865288427,-0.05184194771295714,-0.0057795136577771765,9.800878042258027,9.801016854874618
22.80760253417806,-0.0071472355043193415,0.0013427059227602435,9.776345135987622,9.776347840772821
22.827609203067688,0.0301156432597514,0.04357519344618431,9.808402989973098,9.80854601677364
22.847615871957316,-0.024597764100641725,-0.004555064309429638,9.783045285396815,9.78307726917939
22.86762254084695,-0.033006635989821516,0.0006013570216716221,9.801876405090628,9.80193199631185
22.887629209736577,0.00904952354669686,-0.02398598045803728,9.85028330893269,9.850316669395603
22.907635878626206,0.04471735290908608,0.017229597359274033,9.801884840877115,9.802001986048205
22.927642547515838,-0.046772610603458754,0.01399311650720352,9.863128726600433,9.863249553869299
22.947649216405466,-0.006005913280697557,0.03603100527162232,9.85294907960814,9.853016790287434
22.967655885295095,-0.0692997837986931,-0.023165153480275046,9.792620840742629,9.792893444478867
22.987662554184727,-0.0157280401472876,-0.018312678783607428,9.776666287007528,9.776696088810404
23.007669223074355,0.0013681873815230177,0.03168549596581877,9.808423375142395,9.808474649436121
23.027675891963987,-0.03418498567020263,0.010088520134514537,9.844599832901908,9.844664354941516
23.047682560853616,-0.018279673353009257,-0.036248725047707785,9.79529427281314,9.795378400425955
23.067689229743245,-0.056329070732298,0.05226216270938003,9.837242708947864,9.837542803597275
23.087695898632877,0.0030831444552597447,-0.06793802273601003,9.846253199674083,9.846488061883035
23.107702567522505,0.04222776995532599,0.03137139013055007,9.786779230489122,9.786920611459326
23.127709236412137,-0.04388575479081855,-0.05060848143992787,9.789718467351342,9.789947642754129
23.147715905301766,-0.024906870662095317,0.07543154065942108,9.83137986096381,9.831700780643054
23.167722574191394,0.02010184985816727,-0.061783989076224934,9.814555426489248,9.814770479501975
23.187729243081026,0.048483628772909446,0.04609002607490994,9.78941815420369,9.78964671224735
23.207735911970655,-0.05972759248835725,-0.0032653744004497586,9.799434586556412,9.799617148857013
23.227742580860284,-0.006751389496637973,-0.01466410279354976,9.807884413418178,9.807897699514514
23.247749249749916,0.011325232892781001,0.007415866258710452,9.763054367251337,9.763063752423102
23.267755918639544,-0.004082255625153919,0.025276013566312518,9.83296929319448,9.833002626999464
23.287762587529173,-0.09907168267508348,-0.036176020093234784,9.795639234331825,9.796207016591618
23.307769256418805,0.020043600372350878,-0.03263150900674289,9.726488513286057,9.72656390306369
23.327775925308433,0.06077345404362577,0.025984194604515433,9.809283870950717,9.809506544774793
23.347782594198065,0.004666470046780138,-0.06829371814598399,9.787752862233194,9.787992230280683
23.367789263087694,-0.04124424213177053,-0.023369163727683415,9.86066466576908,9.86077861307459
23.387795931977323,-0.020525089854571323,0.12162747816637763,9.792436649372402,9.793213469271995
23.407802600866955,0.07079652270622372,-0.038720518583571235,9.777070699092642,9.777403688159886
23.427809269756583,0.03639850163442235,0.0459121116703901,9.82523798009886,9.825412670137393
23.447815938646215,0.025601064735373172,-0.023438030748552486,9.790186578959773,9.79024810751214
23.467822607535844,0.014256503341375043,0.02036180579188576,9.786616313962433,9.786647880032175
23.487829276425472,-0.026445484487638896,0.0261742276238487,9.825285041484733,9.82535549485438
23.507835945315104,-0.008022847226230742,0.0451582694073179,9.778785980763313,9.778893541344367
23.527842614204733,-0.0031169094271406347,-0.008010153072511027,9.766281790254016,9.76628557253595
23.54784928309436,0.02198297264257776,0.07955538555019413,9.861779940062831,9.862125323513279
23.567855951983994,0.06035675577067614,-0.023573462583407215,9.82738496212802,9.827598579508896
23.587862620873622,0.04473352547172512,0.009368816543982401,9.802073721450169,9.80218027296828
23.60786928976325,-0.056775374231841626,0.009811077288704301,9.809895683708943,9.81006488386331
23.627875958652883,0.00895979875604195,-0.04487872479797662,9.825175930743486,9.82528251237563
23.64788262754251,0.029470533806715882,-0.011434890199164825,9.839200123488403,9.839250903352903
23.667889296432143,0.024754413205785416,0.006460539969536293,9.787320741260551,9.787354178319022
23.687895965321772,-0.02516935053549678,-0.01728484172517679,9.820984395778972,9.821031858419659
23.7079026342114,0.11656436863073447,0.0976369586182614,9.794798874713694,9.795979033451182
23.727909303101033,-0.051083382493244754,-0.03354494694398123,9.80433056266462,9.804521026415925
23.74791597199066,-0.043327537866642,0.04717697872561711,9.814820786023947,9.81502980151497
23.767922640880293,0.009343803250463053,0.03425839252595146,9.80979964280842,9.809863912214167
23.787929309769922,0.08467212219855413,-0.0005544853801708543,9.832067006949078,9.832431606925535
23.80793597865955,-0.03344779402816683,-0.034608362154089876,9.824612596773468,9.824730488432557
23.827942647549182,-0.010633134625879693,-0.0307302128156708,9.764754923718835,9.764809067760767
23.84794931643881,0.04309174692062771,-0.02071869196866039,9.769265303788037,9.769382311008528
23.86795598532844,-0.00071448619550934,-0.07142965127785052,9.798908499457221,9.799168867118638
23.88796265421807,-0.013384154181211827,-0.04013861703197162,9.864858757873256,9.86494949591477
23.9079693231077,0.022625316075468804,-0.05929906061454571,9.784452245024953,9.784658094113004
23.92797599199733,0.010900719609183724,0.05383500012710867,9.803753318711617,9.803907188824041
23.94798266088696,0.041217551425471656,0.02473849569552874,9.793909619191306,9.79402759382486
23.96798932977659,0.05165875556261454,0.03143896395461842,9.793378668477358,9.793565376290095
23.98799599866622,0.012280122400214468,0.023553278061677906,9.815347192317152,9.815383133838527
24.00800266755585,0.011669309015132362,0.006678704933366527,9.85202331828587,9.852032492938754
24.02800933644548,0.008564439291445342,0.05842721328516548,9.823679051996418,9.823856534248955
24.04801600533511,0.019565222265971505,-0.02443050622926949,9.785894071157188,9.785944125094233
24.06802267422474,0.002206825514858557,0.004266786214681796,9.892596885324096,9.892598051627663
24.08802934311437,-2.433929289157802e-05,0.029882353112964926,9.812357196628835,9.81240269810884
24.108036012004,0.0478650848330897,-0.05284836927424516,9.792683371308538,9.792942950266982
24.12804268089363,0.06064464721420173,0.12386355584570197,9.852362891240329,9.853328092294094
24.14804934978326,-0.06030211778533683,0.001142630511103445,9.795927881461687,9.796113551292283
24.16805601867289,0.0004008460696227629,0.005679578023023709,9.859887409649623,9.859889053597472
24.188062687562518,-0.02754777733780939,0.05027512126699687,9.783880716271,9.78404866801439
24.20806935645215,-0.012438858659442893,0.036598213320408954,9.852900911667641,9.852976734447516
24.228076025341778,0.016100648389412858,0.0015231207758583652,9.81603142992845,9.816044752552763
24.248082694231407,0.02677753486169874,0.00520517752392168,9.848731566981073,9.848769344882424
24.26808936312104,-0.004485057744453796,-0.06016594123791916,9.867052971261046,9.86723742462395
24.288096032010667,-0.07653361338891211,-0.022258631113999047,9.776021781284363,9.776346695406405
24.3081027009003,-0.038601823223047185,0.02068840864635841,9.84827315462275,9.848370537254963
24.328109369789928,0.03585998680800664,0.017755713561715465,9.767732882867238,9.767814846477378
24.348116038679557,-0.10961705688139725,0.048846630000163475,9.778584469342555,9.779320841269557
24.36812270756919,0.047497086067279995,-0.004820042328932985,9.785897716206227,9.786014169111098
24.388129376458817,0.020849199625781654,-0.05549146053723465,9.825109099085337,9.825287924546897
24.40813604534845,0.052647043261200885,0.04226921723102712,9.810990476308046,9.811222784347354
24.428142714238078,-0.007942767475238418,0.05744357384728064,9.804985917475115,9.805157402796594
24.448149383127706,-0.08245621696091619,0.03592978291424918,9.814387058370672,9.814799198584224
24.46815605201734,0.01721450566025992,-0.006545346834299656,9.827738687678805,9.82775594396142
24.488162720906967,0.05098612496153365,0.04177544207506317,9.830047443718241,9.830268435716834
24.508169389796596,0.03698887222053684,0.13715641912032855,9.842825005068454,9.843850066938995
24.528176058686228,-0.026507659339521417,0.004606092577619026,9.864601044383024,9.864637734703447
24.548182727575856,0.0034704430185058684,-0.05246946768980498,9.809359128826756,9.809500069183507
24.568189396465485,-0.02131345075119696,-0.02345140198208608,9.794367331136073,9.794418596765373
24.588196065355117,-0.032770658567574884,0.025019040012162038,9.828406083875556,9.828492560814611
24.608202734244745,0.03821554284719404,-0.06419217243592251,9.775672355512063,9.775957808063612
24.628209403134377,-0.04790129245060649,0.006776122996482781,9.789638876036651,9.789758412385336
24.648216072024006,-0.035752657223264504,0.015213466012635313,9.839981428391784,9.840058140739915
24.668222740913635,-0.04416102533889542,0.06140486959250608,9.806276148755469,9.806567832826072
24.688229409803267,-0.05960990093196187,0.05240779424217202,9.77375422624926,9.774076508413044
24.708236078692895,0.005856571673704137,0.034583391670070844,9.765305908039045,9.765368901787246
24.728242747582527,0.04646012193927904,-0.08650716042058118,9.811461500381816,9.811952853800777
24.748249416472156,-0.007395070249810626,0.03684212512191701,9.84425689610904,9.844328614275222
24.768256085361784,-0.06022991202256666,0.028220535442409857,9.843856373325936,9.84408108152267
24.788262754251416,0.0335977815896811,0.01023777508313386,9.813326415086786,9.813389269360838
24.808269423141045,0.06742807016139886,-0.06920888504581943,9.870267282572884,9.870740227756158
24.828276092030674,-0.025849692965863782,-0.031070956367482416,9.806855389021786,9.806938677902583
24.848282760920306,-0.01914217066870873,-0.04667291078136265,9.805842971298079,9.805972728957318
24.868289429809934,0.02062642520333577,-0.08060033758028362,9.73297692270783,9.733332504430223
24.888296098699563,0.06487494991140205,-0.00011660605659178057,9.796579111525164,9.796793917455554
24.908302767589195,-0.020793365829009047,-0.03191288485771119,9.835560451047256,9.835634203369263
24.928309436478823,-0.0532979912399282,0.10501222321075647,9.856918840105791,9.857622292587923
24.948316105368455,0.025256744250896256,-0.0067508775775163826,9.785092960989981,9.785127885352031
24.968322774258084,0.03196272292569197,0.05175012623463841,9.823867569878791,9.824055869229284
24.988329443147713,0.0002452580174090741,-0.06276396098772899,9.841406370969699,9.841606511820787
25.008336112037345,-0.022325330386298026,-0.021203583440194792,9.810336244595877,9.810384561491926
25.028342780926973,0.03977514923968185,0.0038759150413725835,9.741501586274184,9.741583559185688
25.048349449816605,0.021121440181918572,-0.03632615794430682,9.817418699987227,9.817508626726298
25.068356118706234,-0.030737420676139715,-0.016888027392189774,9.832842918721827,9.832905463735376
25.088362787595862,0.00196378925222686,-0.008718036249741549,9.781577313149446,9.781581395344222
25.108369456485494,-0.054068301280985866,-0.009356319417795777,9.802375364073768,9.802528944110126
25.128376125375123,0.027435618257516805,0.07420474292141385,9.775335118736137,9.775655258887625
25.14838279426475,-0.010489342775314237,0.015129051417260406,9.73289557354259,9.732912984301954
25.168389463154384,-0.017428433295389484,0.019180422517652132,9.84081013235363,9.840844257477553
25.188396132044012,-0.0013149794060973664,0.021586190973802818,9.809887543985944,9.809911381784351
25.20840280093364,0.001612307973209913,0.024505055093484503,9.85793024990115,9.8579608393003
25.228409469823273,0.03579720246262242,-0.0033154793549946145,9.835719665757185,9.835785366480408
25.2484161387129,0.02364362125300886,-0.012829854859153849,9.799373707150037,9.799410629134035
25.268422807602533,-0.006256371151712108,0.006672642380731099,9.807504580196868,9.80750884562022
25.288429476492162,0.03054672598875981,0.04627215795653891,9.826985321723106,9.827141737475447
25.30843614538179,0.016029490147664523,0.04504952753745535,9.839006502502674,9.839122692637574
25.328442814271423,-0.017063985451441485,-0.009615939027536446,9.81968011892226,9.81969965344358
25.34844948316105,-0.004988726329459436,0.030713747786724456,9.843167794358685,9.843216976659283
25.368456152050683,-0.0059289155537248315,-0.007783386521586713,9.801099937899766,9.801104821694551
25.388462820940312,0.02021045372696807,0.0013548219774097694,9.78008569359643,9.78010666976961
25.40846948982994,-0.014680904588865671,-0.018940935262167894,9.808055722393167,9.808084998691514
25.428476158719572,-0.015616367456865333,-0.007265805556249339,9.816155546722086,9.816170657660027
25.4484828276092,0.07875029237735835,0.05365320278198721,9.773953938157822,9.774418441009628
25.46848949649883,0.03758941926988417,0.0036968458935694518,9.769898337475603,9.769971348766543
25.48849616538846,-0.030424026577005565,0.005411300342092716,9.823421588894202,9.823470192183475
25.50850283427809,0.022837639757687933,-0.05788871117031834,9.797809294458888,9.798006921372103
25.52850950316772,0.00473400262620709,-0.012369756305309185,9.80502477283014,9.805033718323699
25.54851617205735,0.015662047010403753,-0.009652596149789147,9.799209220028976,9.799226490403713
25.56852284094698,0.005493652982604183,-0.033165739417736206,9.855618027052897,9.85567536202691
25.58852950983661,0.047585705819409435,0.0008666164681425407,9.847852834811851,9.847967841465277
25.60853617872624,0.013824813786057835,-0.017167291609106173,9.772879389298826,9.772904245881016
25.62854284761587,-0.002483547928571496,0.0031998342097432865,9.794016203607587,9.794017041208232
25.6485495165055,0.041687623079320696,0.004860120392757377,9.835500128039088,9.835589674612558
25.66855618539513,0.009331401643514882,-0.038230174312905776,9.828058087113098,9.8281368725183
25.68856285428476,0.004859143173162313,-0.015948071299327574,9.808756261130107,9.808770429697578
25.70856952317439,0.01256090409944458,0.003094971310433343,9.775871993851073,9.775880553449953
25.72857619206402,-0.0037443609346546605,0.047371977246269015,9.789523798615393,9.789639131659767
25.74858286095365,0.00036907971981875605,0.01026876691182962,9.794496972973612,9.79450236292702
25.76858952984328,-0.02346778355047491,-0.026477407196697108,9.818309829933574,9.818373577458074
25.788596198732908,-0.03004668878495515,0.015960190369754094,9.861111814640918,9.861170506184054
25.80860286762254,-0.039942815459297586,0.06830195557287043,9.789393592956356,9.789713351444814
25.828609536512168,-0.055679331471883045,0.03666825890356074,9.779218942573344,9.779446194746892
25.848616205401797,-0.03518869445538226,0.021901061217424807,9.806742405695163,9.806829993038509
25.86862287429143,-0.006970681378677025,0.029023607019292862,9.840952169415422,9.840997437296963
25.888629543181057,0.004124703297825481,0.05759816165714523,9.766593510997179,9.766764222118592
25.90863621207069,-0.01085186252590562,0.043025071760706406,9.853609024526248,9.85370893257688
25.928642880960318,-0.09422813960509432,0.022670415244706314,9.80483905913653,9.805318040002074
25.948649549849947,0.0629834543104937,0.042745688783603394,9.787970399930598,9.788266376603367
25.96865621873958,0.04345920491561527,-0.04326604385056244,9.761994321397136,9.7621869365441
25.988662887629207,0.01783039404868515,-0.060090610093611246,9.83119562320262,9.83139543432425
26.00866955651884,0.07629962690213073,0.0062839460257532054,9.804864864142754,9.805163748002588
26.028676225408468,-0.039094564699348425,0.0027472283860215346,9.815121164482635,9.815199407333902
26.048682894298096,0.07550500482504019,-0.021756402140530304,9.782975647769659,9.783291208567897
26.06868956318773,-0.03860856307002192,0.033034106793108385,9.80042711897247,9.800558840578683
26.088696232077357,0.009549517011654263,-0.07451454345804943,9.795402562609357,9.795690632826043
26.108702900966986,-0.050953493005368174,-0.021390890242312152,9.806982206838654,9.807137902256946
26.128709569856618,0.0005877638217746717,-0.019398221795104597,9.789913430208726,9.789932666134957
26.148716238746246,0.015446659919935548,-0.06545207140397838,9.763974571179384,9.764206163308485
26.168722907635875,-0.0061876132453821875,0.059789240290772164,9.8918549923589,9.892037617683624
26.188729576525507,0.028555097763605503,-0.05436805074653292,9.769097872579875,9.769290891492325
26.208736245415135,0.0039605779794902925,-0.023533602292307436,9.815443770208276,9.815472781416862
26.228742914304767,-0.02089658913510037,0.03631919031220535,9.75683916514728,9.756929140132888
26.248749583194396,-0.02267253271209357,0.025841813737149263,9.750088576901462,9.750149183499767
26.268756252084025,0.03243655090462786,-0.04432698785938986,9.812934794755568,9.813088519819424
26.288762920973657,-0.0261496811922787,0.02729956837042546,9.81523102763305,9.815303826070297
26.308769589863285,0.03661611881939748,0.011591379146328873,9.847844969724072,9.847919864009233
26.328776258752917,0.04890847171327724,0.0933214224844587,9.821986405230472,9.822551494954459
26.348782927642546,-0.0667485544938452,0.01615761664273218,9.805505678437626,9.805746174971853
26.368789596532174,0.04531705549204139,-0.005649672842741271,9.78151199267805,9.781618599047205
26.388796265421806,0.08241690793778796,-0.03426007828477691,9.854970362047007,9.855374530503802
26.408802934311435,0.01008015044807714,-0.029769734678222852,9.837865537381507,9.83791574359806
26.428809603201064,0.023963367411792894,-0.03303076381872633,9.772610115667547,9.772695316399863
26.448816272090696,0.041480212974766346,0.05484395255647688,9.811138911846319,9.811379883316384
26.468822940980324,-0.011019292607160891,0.0007187966006588249,9.814321566945795,9.814327779369073
26.488829609869953,0.007291208941514788,0.0226098849589892,9.79963039030183,9.799659185663188
26.508836278759585,-0.052567981184924374,0.06056990399923549,9.833155514574205,9.833482571282538
26.528842947649213,0.005545401141218039,-0.0943385656882986,9.834951994150446,9.835406002992137
26.548849616538845,0.01992447982578166,0.051154950588015,9.804285429065848,9.804439126663947
26.568856285428474,0.020646520917058774,0.002215876471333366,9.801573922626071,9.801595918504187
26.588862954318103,0.04261698894390322,0.017401934865617776,9.854968753880026,9.855076264293206
26.608869623207735,-0.030992087125421165,-0.033136128869930045,9.837985166770867,9.838089786849096
26.628876292097363,-0.02130427026693986,-0.030204975937940737,9.812170811697252,9.812240429709544
26.648882960986995,0.0758202938396542,0.019553835592519515,9.761123728827599,9.761437779288741
26.668889629876624,-0.006013134950548397,0.09538391201325878,9.82032000318915,9.820785060956169
26.688896298766252,0.00800135149249312,0.04013253251259606,9.830942503947531,9.831027675564428
26.708902967655884,-0.0026804016690088425,0.05062091685674162,9.727364351148049,9.727496434425582
26.728909636545513,-0.03286723305220089,-0.0076800508104567945,9.817556083449542,9.817614103735492
26.74891630543514,0.06494116843567226,-0.024008168983425126,9.797499240396128,9.797743878725267
26.768922974324774,-0.02110805647682423,-0.031232198063159737,9.803374371596114,9.803446846385794
26.788929643214402,-0.0450914209482772,-0.01953094898786752,9.7827785714171,9.782901986199652
26.80893631210403,-0.018029611092110067,-0.08211129732682101,9.805554321287891,9.805914688582217
26.828942980993663,-0.08006824006902134,-0.028996773715664077,9.85175974728544,9.852127783082564
26.84894964988329,-0.02605149859932727,-0.022414126242393726,9.796608045035535,9.796668324572872
26.868956318772923,-0.03872514391409307,-0.007014326975793642,9.838967206763796,9.839045915805427
26.888962987662552,0.024697145237092974,0.005270004389891669,9.785810063433612,9.785842647392593
26.90896965655218,-0.0269365695823949,0.014498034745024424,9.83276268577968,9.832810270042517
26.928976325441813,0.03551215742315394,-0.0005970148977184037,9.810049675668658,9.810113970226768
26.94898299433144,0.055939359722772856,-0.02325772345371028,9.820560744863679,9.82074760276548
26.968989663221073,0.031247013451503967,-0.07853434573062082,9.810214597682926,9.81057870219184
26.988996332110702,-0.008615531554403064,-0.023012344336071733,9.829248756973238,9.82927947114313
27.00900300100033,0.005644579868223718,-0.038898025507480206,9.732972446461988,9.733051811290153
27.029009669889962,-0.06099939760576239,0.018642669931144152,9.767405240596274,9.767613506362645
27.04901633877959,-0.005351174900849587,0.03637149586774775,9.82251241494026,9.822581211801714
27.06902300766922,-0.03441753872267333,0.03754284268239757,9.748693849383113,9.748826893581018
27.08902967655885,0.027773055245971956,0.030278109445112805,9.794082589330584,9.794168768871494
27.10903634544848,0.10291009556977895,-0.005341029418099529,9.8083697747689,9.808911083956545
27.12904301433811,0.019992865438952373,-0.02087822261903587,9.785155795871614,9.785198493864497
27.14904968322774,-0.07964560595818666,-0.02988411014668265,9.789253157919187,9.789622764561384
27.16905635211737,-0.01444920771657492,-0.06029995666407002,9.818147466004609,9.818343268015742
27.189063021007,0.004899637014978186,0.03967414802031431,9.840278848673394,9.84036004748368
27.20906968989663,0.0034942970104105482,-0.006988441517198977,9.781246518562357,9.781249639249305
27.22907635878626,-0.029232525024350125,-0.04985361174483496,9.792748254114379,9.792918783058681
27.24908302767589,0.009811669705477411,-0.033059655028409386,9.78806217080019,9.788122918573446
27.26908969656552,-0.04970003347677549,-0.03467893825730209,9.737358607443682,9.737547194855788
27.28909636545515,-0.03779634890740268,0.001720979400605071,9.814251353709526,9.814324284409503
27.30910303434478,0.025831905664148457,0.042698714042827435,9.838041532374856,9.838168104899598
27.32910970323441,-0.04062652923519304,-0.013919581983823327,9.840499296219477,9.84059300390664
27.34911637212404,0.021528464219690287,-0.09010134059134597,9.783877008706778,9.784315563586913
27.36912304101367,-0.054778550986242326,-0.007567213406356805,9.772449058544396,9.772605515122983
27.389129709903298,0.07059303535166944,-0.006247756003887829,9.81064816642775,9.810904130431988
27.40913637879293,-0.030970796896162188,-0.008996809237420869,9.834878210596994,9.834931090257438
27.429143047682558,-0.008946662872137766,-0.025098446659028068,9.814645513449312,9.814681682534179
27.449149716572187,0.013224530443616236,0.008697563229033695,9.818679139076213,9.818691897189868
27.46915638546182,-0.02261399810004377,0.00264564460596007,9.844254927832088,9.844281257486085
27.489163054351447,0.005736238442852177,-0.0009932125650658839,9.78782590322308,9.787827634501303
27.50916972324108,0.023014268980805025,0.01650565445771863,9.80340089739981,9.80344180624056
27.529176392130708,0.03842452930013941,-0.017193312925914143,9.859038165352837,9.859128034483838
27.549183061020337,0.03165989743891829,-0.01946342678802613,9.804095666307072,9.804166104681688
27.56918972990997,-0.006872418552106961,0.055204931583415995,9.771979891021003,9.77213824120017
27.589196398799597,-0.005865270961744091,0.022374216388617443,9.789919317112492,9.789946641454936
27.60920306768923,0.0939643423210013,0.03307784243771199,9.781854604463364,9.782361828523277
27.629209736578858,0.037995562729971684,0.04904418341336274,9.820714877571039,9.820910838677795
27.649216405468486,-0.03687294625280855,0.021037767224992003,9.783121589892337,9.783213697166834
27.66922307435812,0.003999526550622072,0.03713554716544684,9.818131027585839,9.81820207165852
27.689229743247747,-0.013405725551127701,-0.06317380648281042,9.787918043443781,9.788131091708745
27.709236412137376,-0.005413369356924388,0.008166154879841086,9.746298643848053,9.746303568313873
27.729243081027008,-0.04917980630832352,-0.007308738472573101,9.819198593609459,9.819324472271427
27.749249749916636,-0.016476929375438126,0.06710736363599237,9.814453910446407,9.814697165360354
27.769256418806265,0.07246223092775653,0.037105821272132,9.825532734471265,9.825869993697742
27.789263087695897,0.02316305203502012,-0.025217807631727193,9.789810383425042,9.78987026513723
27.809269756585525,-0.09964645632605841,0.014911766341168236,9.78661366573922,9.787132308264122
27.829276425475157,0.048668939699917875,0.006707253337969592,9.822044005754448,9.822166874163548
27.849283094364786,0.04358518091636645,0.018173257326089147,9.85557058717593,9.855683717230614
27.869289763254415,-0.014371412172256662,-0.04075369877498607,9.81033504028519,9.810430215036398
27.889296432144047,0.028690541751328603,0.01440065860952901,9.822737552881415,9.82279000889977
27.909303101033675,-0.03437596843268803,-0.009126053971529373,9.800352369467229,9.800416907345763
27.929309769923307,-0.018810228650654296,0.011297990562224018,9.76369108434379,9.763715740423164
27.949316438812936,0.05994185442679415,-0.028975406604886792,9.839022882574623,9.839248136109136
27.969323107702564,-0.010869201594788337,-0.02340252685586398,9.837252427172585,9.837286268769425
27.989329776592196,-0.07478926647819964,0.04695368081466811,9.831323220755257,9.831719806497942
28.009336445481825,-0.00253212891125347,-0.04206190233360644,9.804541636849727,9.804632187085076
28.029343114371454,-0.0031435357165742724,-0.03911017604168194,9.827911682992157,9.827990004898282
28.049349783261086,0.04793474277493839,-0.0020632502886231215,9.836812853921636,9.836929862494932
28.069356452150714,0.0005734568870304009,-0.030875615007438184,9.858604760548701,9.85865312591778
28.089363121040343,-0.01686329245761171,-0.03540114529051195,9.839655783139424,9.839733916239275
28.109369789929975,0.04180224580924824,0.004203038848331799,9.811914636751009,9.812004582763857
28.129376458819603,0.004831609300044411,-0.06020263427614819,9.77075240233727,9.770939064869953
28.149383127709235,-0.030000907262628683,-0.04031848939654552,9.814669748930152,9.814798414414248
28.169389796598864,0.046199902421664704,0.08216382331694573,9.81769732187548,9.81814982717247
28.189396465488493,0.007746470580671969,0.018379002358760364,9.83127089325955,9.831291124373573
28.209403134378125,0.00011703866717750797,-0.029862534090796446,9.850616755779702,9.850662021097273
28.229409803267753,0.007116335656466176,0.016728603130647883,9.807145484638298,9.807162333991277
28.249416472157385,-0.04282673485666388,0.02269321907946518,9.873029615694394,9.873148581065173
28.269423141047014,-0.02110615104713349,0.039776576803609534,9.757221389398783,9.757325293717297
28.289429809936642,0.0001433040733113313,-0.005086241178269217,9.822580256173849,9.822581574075203
28.309436478826274,-0.007786547800987198,0.03905990811091557,9.78604438823448,9.786125437334423
28.329443147715903,0.05089713531266382,-0.08153786099528691,9.752783340009337,9.753256985147187
28.34944981660553,0.008696234109080138,-0.04225232521903013,9.803946768711025,9.804041673064912
28.369456485495164,0.0341961569054561,0.0065548560694582295,9.766284819047371,9.766346886632705
28.389463154384792,0.00037581418303397825,0.01318534131231166,9.805157163059016,9.805166035654334
28.40946982327442,0.04225153934984492,-0.03647129150674567,9.811043077442834,9.811201843562314
28.429476492164053,0.015901110262926156,0.010376799650526364,9.843556242280078,9.843574554917014
28.44948316105368,0.0005368194155384045,-0.024953609947490418,9.764772445957082,9.764804344796016
28.469489829943313,-0.000531323558360781,-0.011078363769086625,9.837253354969373,9.837259607345164
28.489496498832942,-0.038177545051638534,0.040990952026600434,9.812942413508395,9.813102292034165
28.50950316772257,0.02027662880545243,0.036357499875543986,9.840865474608288,9.840953525894243
28.529509836612203,-0.0016081893814551586,-0.0398824130945305,9.797047464749067,9.797128774273279
28.54951650550183,-0.020079678407248187,-0.04229005848080414,9.770032662397098,9.77014482322741
28.569523174391463,0.04425847083248287,-0.016446935822132653,9.773475020213525,9.7735890687442
28.589529843281092,-0.05000864103579205,-0.0010698520469170053,9.771245776389987,9.77137380471041
28.60953651217072,-0.01689983581729736,-0.026315939542989636,9.82433442458762,9.824384205600982
28.629543181060352,0.041108749951181335,0.041625697711986716,9.854307660666441,9.85448132065315
28.64954984994998,0.01262091763681013,0.013895593668342211,9.793051454200343,9.793069445260809
28.66955651883961,-0.0019143571061102924,0.01624340439497716,9.828874058947735,9.828887667462945
28.68956318772924,0.010040141726005862,-0.05066155315779887,9.764296738255933,9.764433326626266
28.70956985661887,0.007176566841953652,0.0466916286953512,9.81540963747532,9.81552331578634
28.7295765255085,-0.060666501851436856,-0.11280675288962763,9.830056878490113,9.830891313726095
28.74958319439813,-0.01397047541391846,0.033362218073974756,9.766556256741694,9.766623230568406
28.76958986328776,0.06466086618054996,0.03737246950683085,9.803883495930604,9.804167957092163
28.78959653217739,-0.026372965391086703,-0.017296047491118464,9.831477514214567,9.831528100914374
28.80960320106702,-0.01273204056417336,0.050916408689896955,9.721986880583117,9.722128547378967
28.82960986995665,-0.0216648305323675,-0.0025239021181738576,9.850063591851052,9.850087740648483
28.84961653884628,-0.0034806089327254963,0.0024972681330977177,9.820610381276731,9.82061131558657
28.86962320773591,-0.023324913252971924,0.013581151496168651,9.83150182943152,9.831538878597264
28.88962987662554,0.0194696600863224,0.1274629964724422,9.797618421624158,9.798466850425257
28.90963654551517,0.007892536491610662,0.053777356323320175,9.75831832555304,9.758469697601653
28.9296432144048,0.030941904604280725,0.028045248028516722,9.826021888689509,9.826110629053739
28.94964988329443,-0.04203764664755842,-0.0365121794640478,9.807522290237506,9.80768034636582
28.96965655218406,-0.01361361931531613,0.005743593019179687,9.81096346366297,9.81097458995901
28.989663221073688,-0.0090289052644854,-0.03252496375385546,9.842628209555969,9.842686089982978
29.00966988996332,0.01822587640354379,0.032884433891312514,9.832861916215878,9.832933795766735
29.029676558852948,-0.03172884788828138,0.0056186790293942706,9.867637122512688,9.867689733211762
29.049683227742577,0.03662615217033376,-0.04498086718455581,9.814615626866205,9.814787040815597
29.06968989663221,0.04745662362070435,0.0032449833367401166,9.789263626866267,9.789379194684884
29.089696565521837,-0.039554893905423355,-0.03397669878865222,9.804347494592738,9.804486156878358
29.10970323441147,-0.01963491579574263,0.006048648853501881,9.82246990117616,9.822491388419888
29.129709903301098,-0.021277260331683694,-0.03436309265461026,9.84047569556979,9.840558696488921
29.149716572190727,0.10529544818709993,0.0010995053344325118,9.76598898145684,9.766556666822616
29.16972324108036,-0.017196004208315466,0.03001879447740379,9.810256128455375,9.810317127212498
29.189729909969987,0.06710501768624538,-0.0021220796770042446,9.858286249711151,9.858514866239478
29.20973657885962,-0.050665279804264385,-0.01563553068689555,9.802793733869924,9.80293713277796
29.229743247749248,-0.03958603864657454,0.008131048842298504,9.837930355646074,9.838013358953804
29.249749916638876,-0.027464181273928034,0.02788730483171412,9.82479352581648,9.82487149065825
29.26975658552851,-0.033827572457860895,-0.04428733079527042,9.83867581819575,9.838833646722419
29.289763254418137,-0.01071594936633995,0.010426246188208104,9.785707183752002,9.785718605412479
29.309769923307766,-0.028351128108859928,0.052701632760696,9.785837949898033,9.78602092937805
29.329776592197398,-0.03277366370938294,0.02294627853106861,9.810608156763669,9.810689733667516
29.349783261087026,0.046338879858933105,0.0023101658666891144,9.76403334638279,9.764143578313872
29.369789929976655,0.04895174490052661,0.02558950026795579,9.801907781801651,9.802063418423517
29.389796598866287,0.037971859935012627,0.018099858244107297,9.81758629972547,9.817676416524057
29.409803267755915,0.020959958223373123,0.030144044366392564,9.863539068208494,9.86360739959447
29.429809936645547,0.0037097226311820913,-0.08095726443931778,9.822081545678095,9.822415880559003
29.449816605535176,-0.01988122762663635,-0.06213824534653061,9.828756854126194,9.828973380891787
29.469823274424805,-0.03812630019020368,0.04019316597932948,9.8449342754115,9.845090146490778
29.489829943314437,0.014519828137307495,-0.060211167046457625,9.781060272333148,9.781256374365208
29.509836612204065,-0.04694521570187192,0.0160615454287682,9.805047520128872,9.805173058059923
29.529843281093697,-0.03975683716701573,-0.014081986241291667,9.882762377754117,9.882852377911462
29.549849949983326,0.046116530248192386,-0.03984756982383988,9.807626333328466,9.80781570266188
29.569856618872954,0.07602596166888348,0.013985990285898944,9.843492922463467,9.843796445953172
29.589863287762586,0.01573180552665923,0.008041340148662826,9.838912136315194,9.8389279994818
29.609869956652215,0.044258286091785774,0.08441370608385511,9.765656588568369,9.766121700834544
29.629876625541844,-0.009833932697759335,-0.02499244818143557,9.819314378310178,9.819351108336406
29.649883294431476,-0.053506967443507365,0.05760440480276695,9.814402424166158,9.814717326876828
29.669889963321104,0.02448686474474336,0.01409691657537258,9.819898763635214,9.819939412116877
29.689896632210733,0.022771572930802557,-0.026440875261708494,9.787376625606269,9.787438831271555
29.709903301100365,0.002866742155209765,0.03196985830068981,9.776492414642636,9.776545106714098
29.729909969989993,-0.009695018324204455,0.02262954017815805,9.795719699999374,9.79575063639458
29.749916638879625,0.03848842314324392,0.0014337317943219695,9.807066150087474,9.807141779667226
29.769923307769254,-0.03942932133709898,0.01065181425762494,9.84554953342801,9.845634248117923
29.789929976658883,-0.03095122315562631,-0.023879481241821265,9.864519324591768,9.864596784110521
29.809936645548515,-0.04032426027041712,-0.03303148501018027,9.851897935386695,9.852035832976094
29.829943314438143,0.0033989185054330885,0.03037768695290332,9.835805556323455,9.835853053920385
29.849949983327775,-0.04351572048437033,-0.00895757697253096,9.779869792131013,9.779970705843203
29.869956652217404,-0.027369687220609742,-0.0032033199299636994,9.797733114750315,9.79777186654762
29.889963321107032,-0.02823022248908792,0.011192863837771086,9.816297781572391,9.816344755669787
29.909969989996664,-0.010424333293358328,0.010611533791352325,9.791026828857715,9.791038128553355
29.929976658886293,-0.05949497785615908,-0.05717305883896259,9.82731616957584,9.827662565831911
29.94998332777592,0.0034881996814906803,0.05145008345819435,9.83161458324763,9.831749823513226
29.969989996665554,0.04989214602658711,0.004847286076027132,9.826088701876964,9.82621656079142
29.989996665555182,0.005419654892670477,-0.008106130512885975,9.840754038136728,9.840758869168342
30.01000333444481,0.06165284579205283,0.017233840206789867,9.782862263588608,9.783071713270253
30.030010003334443,0.05335992743507701,0.009461687744594523,9.837984861122766,9.838134118473462
30.05001667222407,0.031109401889914182,0.030682507579588087,9.789130636496395,9.789228152901007
30.070023341113703,0.0029874337054754257,0.021519346886037644,9.781771921420713,9.781796048259501
30.090030010003332,0.0009000155298175828,0.02871384915985067,9.825963484025593,9.826005479571336
30.11003667889296,0.0305519908945304,0.05403975622910064,9.84647620686597,9.846671895202896
30.130043347782593,-0.015666824380161298,0.03534498195883888,9.82464040459128,9.824716474110758
30.15005001667222,-0.07530083005869856,-0.006419448813142506,9.810624120713177,9.810915200033573
30.170056685561853,0.019680162164118394,-0.04491604624307331,9.819304614783047,9.8194270646455
30.190063354451482,-0.04524274519739885,0.0667119173201806,9.81409280754202,9.81442382521529
30.21007002334111,-0.03848564912761539,-0.009508934933884508,9.776221473115939,9.776301849699891
30.230076692230742,8.957919831521866e-06,-0.018924296534420893,9.772721395651653,9.772739718528635
30.25008336112037,-0.0038049951021387925,-0.06946907271057758,9.807635223615797,9.807881988969907
30.27009003001,-0.05648302425262521,0.013538924212484458,9.81239570507308,9.812567610336968
30.29009669889963,0.006619662565325613,0.005955464158150806,9.810339971351032,9.810344012366416
30.31010336778926,0.03864558643444194,-0.06060459744997923,9.830283048409498,9.830545824644227
30.33011003667889,-0.04513366281063132,0.018130961685327032,9.80353569851507,9.80365635726537
30.35011670556852,0.05089933323395037,-0.019927676828057562,9.826889375457146,9.827041398706935
30.37012337445815,-0.06240683300519776,0.10761260029154775,9.805662396980207,9.806451454430336
30.39013004334778,0.08469296577483813,-0.02277444768363473,9.864700768861095,9.865090614540128
30.41013671223741,-0.016450417219339333,-0.017407733287911727,9.812421411801793,9.812450642331466
30.43014338112704,0.00582467987307565,-0.03499104897017471,9.880221678345771,9.880285355882055
30.45015005001667,-0.07568134289942681,0.05111506084167888,9.820560347732727,9.820984979041983
30.4701567189063,-0.002485442658772341,-0.014911031778590125,9.803589684882354,9.803601339600954
30.49016338779593,0.00913928710872767,-0.02899656615061987,9.78301656071221,9.78306380202985
30.51017005668556,-0.003446484163979782,0.0282782003968217,9.766713342778269,9.766754888645146
30.53017672557519,-0.022523243082094947,-0.05521411741652741,9.780256731468116,9.780438519241784
30.55018339446482,-0.037862580741112595,0.025004421849957895,9.78361181072508,9.783717026728223
30.57019006335445,0.04522106478149244,0.0712559886640343,9.821844600612366,9.822207171466031
30.590196732244078,0.0012322853999180057,0.02266431331340356,9.794215038868195,9.79424133954321
30.61020340113371,0.061630095060670895,0.025515932650396995,9.815607811576635,9.815834454702284
30.630210070023338,-0.02105929419179692,0.03480240867629935,9.848459350871302,9.848543358653904
30.650216738912967,-0.017391787734888677,0.06838832114702074,9.807365749450955,9.807619608256308
30.6702234078026,0.03262376978384652,0.048395758400764176,9.872374700954005,9.87254722428932
30.690230076692227,-0.06491899848014257,0.017586788890920947,9.774725670589824,9.774957069306996
30.71023674558186,-0.04853853440611692,0.036155656025440054,9.805482493548753,9.805669286289234
30.730243414471488,0.043899398854126546,-0.035437397018604426,9.793820612291672,9.79398310964831
30.750250083361117,-0.04687735716892779,0.031051743629892884,9.83809519818171,9.838255883330318
30.77025675225075,-0.07276204061210191,-0.040222238847349906,9.742806251089016,9.743160975233405
30.790263421140377,0.07474108752292363,-0.014680896745265067,9.766706541324666,9.76700355396922
30.81027009003001,-0.05575270591496822,-0.1233024870057295,9.806779595326471,9.80771318396038
30.830276758919638,0.007364775933126785,0.01605718637469848,9.856541331630286,9.856557162381545
30.850283427809266,0.002763407708970846,-0.02575488044433411,9.81677525502112,9.816809428622104
30.8702900966989,-0.11242513266472334,0.044445808608178504,9.769453576372074,9.770201534320908
30.890296765588527,-0.010692680926712357,0.015607704424216112,9.774085002219294,9.774103312553583
30.910303434478156,0.01793652997916438,0.04496383578806501,9.860189691085349,9.860308525082887
30.930310103367788,0.014172375260754424,-0.043343861786901514,9.791365956036113,9.791472148333881
30.950316772257416,0.03614082735214007,0.04153544148638531,9.781711098826507,9.781866047600879
30.970323441147045,-0.015499652596217361,0.08423425377453307,9.854321176818926,9.854693374460796
30.990330110036677,0.02850017768368643,0.030566331997275775,9.84033291016761,9.840421654772092
31.010336778926305,-0.027573162723202874,0.03161396034769155,9.848221789298004,9.848311131000857
31.030343447815937,-0.056418696656511,0.0067839070557974,9.781498743592026,9.781663803342443
31.050350116705566,-0.0519091350272493,-0.02098675122261457,9.76424683076957,9.764407364209042
31.070356785595195,-0.05848441820781659,0.030447694908060347,9.81399499468088,9.814216486552542
31.090363454484827,0.04038343871564775,-0.060243316416082736,9.820053783992211,9.82032160368463
31.110370123374455,-0.06058294036234226,-0.016710204996832657,9.820938054111146,9.82113912875194
31.130376792264087,0.010961553625972129,-0.07084227209348729,9.85434551806917,9.85460625152843
31.150383461153716,-0.01063696776289732,-0.028146255092603316,9.757986987299754,9.758033377739094
31.170390130043344,-0.004105942938025264,0.025681803675742448,9.835790851538933,9.83582523680776
31.190396798932976,0.05454429180798799,0.020215735048818528,9.777101248675582,9.777274292079875
31.210403467822605,-0.01753709468861094,0.002036547821418908,9.835672059625825,9.835687904855524
31.230410136712234,0.024464062461987332,0.006816039762480428,9.79575129886436,9.795784218629613
31.250416805601866,0.0015025340552444683,-0.07543458471456838,9.785580846123285,9.785871710286955
31.270423474491494,-0.006080756225307915,-0.014902491222836597,9.791702918791524,9.791716147321232
31.290430143381123,0.09199876497545895,-0.027254064257408398,9.766631693976704,9.767103009724316
31.310436812270755,-0.057653669828614786,-0.026362387620581632,9.811212868195005,9.811417678712951
31.330443481160383,0.051565273417497795,0.023983145112550137,9.786819798280186,9.786985027713138
31.350450150050015,0.026256262619598885,-0.03442029306021242,9.833588946927009,9.833684239644171
31.370456818939644,-0.019180999785271362,-0.024187234005096436,9.829201682430988,9.829250156901375
31.390463487829273,0.06517274069766449,-0.08348276982838065,9.860644711587085,9.861213464231398
31.410470156718905,-0.07392440449554147,-0.011764927215046784,9.820989824506233,9.821275088507976
31.430476825608533,-0.020870666291962867,-0.04351350190854479,9.825620333012402,9.8257388494742
31.450483494498165,-0.04833928817076305,0.0031681171475857446,9.852002994354836,9.852122092449108
31.470490163387794,0.016483338594858406,-0.03804432186969858,9.791170119119199,9.791257905520128
31.490496832277422,-0.044522564047487105,0.004181689821968648,9.76535225361531,9.765454642894449
31.510503501167054,0.017322557869652765,-0.005787430429693727,9.816002821773852,9.816019812654941
31.530510170056683,-0.0074574566328621614,0.06688167092169282,9.76732099592357,9.767552826014
31.55051683894631,-0.019174157706243374,0.019888719218127748,9.883618160187762,9.883656769934355
31.570523507835944,0.01554588984133242,-0.07358551490249213,9.853664948762368,9.85395196990337
31.590530176725572,-0.010744864957522565,-0.05059555376410834,9.874919289999047,9.87505475155348
31.6105368456152,-0.04354539372236155,0.0022083203596933295,9.811873409299894,9.811970285224042
31.630543514504833,0.11205491958539915,-0.037193917935706027,9.82651720781105,9.827226471794642
31.65055018339446,-0.019486687321165784,-0.11873473720943409,9.796215737041422,9.796954651087294
31.670556852284093,-0.08870436320608059,0.05398185255334974,9.836487744167602,9.837035816017767
31.690563521173722,-0.033683947588855546,0.02880896067621631,9.773533703638469,9.773634207432643
31.71057019006335,-0.05069106753490921,0.020839074939670865,9.733707204315758,9.733861504599327
31.730576858952983,0.033045824641620626,-0.024292921818836605,9.786278681415343,9.786364626504634
31.75058352784261,0.01286610638366344,0.017107070840397184,9.76633579573148,9.766359253250531
31.770590196732243,0.01594851207161377,-0.028174412968835265,9.854337802084787,9.854390984235437
31.790596865621872,-0.014800898633489773,0.00819429200870763,9.86447032365241,9.864484830909365
31.8106035345115,-0.011174009882276861,-0.0368233290334591,9.767912127827607,9.767987927563158
31.830610203401132,-0.01483724414430673,0.06065153802224057,9.848751468225638,9.848949397562915
31.85061687229076,-0.0032477273654187887,-0.06280946616327379,9.838541549505024,9.838742572001236
31.87062354118039,0.03341333741459341,0.04929135318043325,9.762906699458433,9.763088308058363
31.89063021007002,0.013443016500213859,0.001556633120693212,9.798291974072052,9.79830131946166
31.91063687895965,0.020004513184834666,-0.019578679813679632,9.792595088336265,9.792635093240152
31.93064354784928,0.01998235632996811,0.006680116867829533,9.832439861958816,9.83246243611246
31.95065021673891,0.03537769749526952,0.029333920287127238,9.77313661947285,9.773244673251597
31.97065688562854,0.011526001661610186,0.05466986946777588,9.807033821230217,9.807192973226094
31.99066355451817,0.01435392290715675,0.012525720925341287,9.789421964881512,9.78944050164728
32.0106702234078,0.047552249647726266,-0.03562784341049109,9.824200235501555,9.824379920732985
32.03067689229743,-0.026601836720124485,0.002225204950631542,9.803496239049363,9.803532583630705
32.05068356118706,-0.034229703198060284,0.0726717294664949,9.793942628881789,9.794272054148413
32.07069023007669,-0.047436863967474235,0.053907123420504965,9.803601102731038,9.803864075735024
32.09069689896632,0.007316582544810237,0.036350539124974345,9.871081284985204,9.871150927265774
32.11070356785595,-0.07414928964876494,0.03182748080489547,9.797493010916419,9.79782528955512
32.13071023674558,0.018486163842387094,0.027978003624261675,9.778769843451487,9.778827340644511
32.15071690563521,-0.004367723780022107,0.0463501933803948,9.827503007074679,9.82761327950481
32.17072357452484,0.04538558799284227,-0.01826515142887621,9.805694259917312,9.805816303925415
32.19073024341447,-0.026876692418599624,-0.05420344263100024,9.767542982074007,9.767730354409442
32.2107369123041,-0.00813273141670027,0.0027601400294824554,9.876944890056075,9.876948623987982
32.23074358119373,0.04488813333173475,-0.03270326347110764,9.7994256316324,9.799583009386152
32.25075025008336,0.0553254258711261,-0.04220083021508738,9.79866391638116,9.798910978216348
32.270756918972985,-0.027206094630072803,-0.028811143063517272,9.814795060557243,9.814875054441014
32.29076358786262,0.007271249303486405,0.09941255698134745,9.861903503076265,9.86240723310186
32.31077025675225,0.011776759107361924,0.005444985363033767,9.75960764020443,9.759616264518671
32.33077692564188,0.014946136224845932,0.014476313454439527,9.818279575482617,9.818301623650518
32.35078359453151,-0.010503026372624886,-0.048894512280170166,9.87261816485381,9.872744826839977
32.370790263421135,0.0512553359249454,-0.0737501183517052,9.81386186042219,9.814272810802997
32.39079693231077,-0.07558813934486182,-0.03276210572475224,9.772939980620896,9.773287204784248
32.4108036012004,-0.016845209392043363,0.05752782340834993,9.79144809441118,9.791631579930582
32.43081027009003,0.017917229310917878,0.013371018643060844,9.816206475892704,9.816231934332215
32.450816938979656,0.018288992477973744,0.023943803657775688,9.849924117469197,9.849970198578308
32.470823607869285,0.05411036122459052,0.029542641568082458,9.799819924667519,9.80001383951947
32.49083027675891,0.04792901572805148,-0.02365397519193111,9.834799553922974,9.834944787182822
32.51083694564855,-0.01142166501228895,0.055518623358934704,9.766938935188595,9.767103405599546
32.53084361453818,0.05199484974122418,-0.025312303968887288,9.766688448912149,9.76685965063724
32.550850283427806,-0.028561669751098195,0.05624929437050212,9.795515979339452,9.795719118757473
32.570856952317435,0.0372354953116735,0.017692086245413626,9.853140861656199,9.853227102409944
32.59086362120706,0.07242089913683973,-0.07156180616985289,9.812066239185414,9.812594445960572
32.6108702900967,0.04859776427419876,-0.0299203794640214,9.818694335866999,9.818860190113025
32.63087695898633,0.004230815340964929,-0.07139754131488418,9.818342387867206,9.818602892168222
32.650883627875956,-0.01327115087088489,0.046531285311768346,9.843276239477602,9.843395166842715
32.670890296765585,-0.061143651850371454,-0.0009894168320960428,9.791693379223865,9.791884331314568
32.69089696565521,0.012421585516568162,-0.08913369759799121,9.830648553254647,9.831060476339363
32.71090363454485,-0.04460868911883677,0.015029875268786335,9.785073520084346,9.785186744551753
32.73091030343448,-0.03172538654455747,-0.021486570495532802,9.869498179677624,9.869572558703998
32.750916972324106,-0.04762983202946686,-0.05935223420133293,9.7859882668711,9.78628415937033
32.770923641213734,-0.018415693306266207,0.06711863347874789,9.783528320907642,9.783775879215646
32.79093031010336,-0.0011187765794792917,0.004291434643863148,9.826490094404642,9.826491095172523
32.810936978993,0.010944583246628206,-0.011737256092532502,9.812393652942971,9.81240677649467
32.83094364788263,-0.024020265416558533,-0.015976991239440682,9.819805572187828,9.819847947548418
32.850950316772256,0.04277134825580733,-0.06053117876631089,9.81681941386477,9.817099205787152
32.870956985661884,-0.008328210319598638,-0.05218195598336438,9.777288234035778,9.777431029009197
32.89096365455151,-0.03150889733062077,0.051396671395003334,9.858400767872386,9.858585097691673
32.91097032344114,0.009051690689737456,-0.018955314791428764,9.836806266176675,9.836828694012917
32.93097699233078,0.07854211334175264,0.00088270803747454,9.850768498538015,9.851081648962746
32.950983661220405,0.013406422661404713,-0.08177321904804298,9.794150073326687,9.794500612607424
32.970990330110034,-0.014514225094944284,-0.05272368143182023,9.822495706341456,9.822647929678135
32.99099699899966,-0.06109845424474816,0.024392500794990113,9.815921053867042,9.816141510336756
33.01100366788929,-0.008776492838882814,0.015108470404553345,9.843840078786046,9.843855585562954
33.03101033677893,0.009397125003524624,0.07013500794897262,9.844807443954888,9.845061748605131
33.051017005668555,-0.015503235650222802,0.05371825326524905,9.815791524088745,9.815950756061378
33.071023674558184,-0.06661538552963998,-0.009228438899392923,9.764461466044702,9.764693056903818
33.09103034344781,-0.034022615580137354,0.01891814258853084,9.863389856612631,9.863466677493205
33.11103701233744,0.058181538435510306,-0.012664137716122958,9.826679623010705,9.82686002164947
33.13104368122707,0.05736004014921844,0.08219239274554595,9.791746888758267,9.792259846283612
33.151050350116705,-0.03546556676818392,0.04596058784209599,9.822196264148001,9.822367822144717
33.171057019006334,0.026910271487976877,0.006787403634310051,9.764667193546424,9.764706633190853
33.19106368789596,-0.04714291139080695,0.008015791395054057,9.841660592024132,9.841776766194553
33.21107035678559,0.0561726512797981,0.057794011490392316,9.765863647671626,9.76619620422558
33.23107702567522,0.009809433915769454,0.023183113884553887,9.803374965238888,9.803407284757464
33.251083694564855,0.037985659944661354,0.062345120682803436,9.817333633488166,9.817605079430132
33.27109036345448,-0.06860373388730155,-0.08774591705035494,9.841165191359464,9.841795473483861
33.29109703234411,0.027105484076995527,0.01844913045995193,9.813196340293032,9.813251117281283
33.31110370123374,-0.0003069625473801389,-0.0206173945872554,9.829048886208376,9.829070514482012
33.33111037012337,0.0340771628316337,0.0702551195051197,9.809154992746514,9.809465770701644
33.351117039013005,0.03659471192391399,0.06185594748759317,9.809034421471672,9.809297712517267
33.37112370790263,0.0026313875789899777,0.0013134323640522666,9.81256431751045,9.812564758236478
33.39113037679226,-0.024033185563836587,0.06142523915244127,9.80432826237443,9.80455013401468
33.41113704568189,0.031187847287179774,0.07132458079970025,9.759402892707557,9.759713351314847
33.43114371457152,-0.0024061799762051072,0.0029762668770458925,9.786950295189103,9.786951043525693
33.451150383461155,-0.0349113981411057,0.0988773508972743,9.817343245233351,9.81790323495651
33.47115705235078,-0.03680608925830743,-0.0012536461067888989,9.80252636989534,9.802595548747718
33.49116372124041,-0.05908657665249527,-0.008580838013436357,9.805325727534543,9.805507507384426
33.51117039013004,-0.02041164638252253,0.034634903543373737,9.80029938991684,9.800381846839228
33.53117705901967,0.04410768184297514,-0.014151629245692554,9.784092048218046,9.784201702960312
33.5511837279093,0.00711319198821737,0.0034135910317957536,9.795207016170712,9.795210193750002
33.57119039679893,-0.021190708236921627,0.056377376962036395,9.800795047668343,9.800980105129742
33.59119706568856,0.03219423752720319,0.0007687540886908131,9.810154294216256,9.81020715052656
33.61120373457819,-0.03329906486893555,-0.06780071171901231,9.821801350334091,9.822091810284372
33.63121040346782,0.0038140109733111422,0.014692775513967866,9.804583491273428,9.804595242113948
33.65121707235745,-0.007185214909020613,-0.02785174316209579,9.779110342329227,9.779152643985107
33.67122374124708,0.03116522502353409,0.03461084629178184,9.768057538802436,9.76816857262849
33.69123041013671,-0.06308913483678003,0.027847588633049827,9.887923116221257,9.888163594896163
33.71123707902634,-0.03400790983258623,0.058856013926660886,9.776105549092064,9.776341865713123
33.73124374791597,-0.06552982636378134,0.03630129203170788,9.79444124996207,9.794727731841503
33.7512504168056,-0.010383868872370802,0.043609771346322594,9.825510009075419,9.825612274832082
33.771257085695225,0.04845710014529722,-0.026763870405508535,9.820825818286972,9.820981832202193
33.79126375458486,-0.020217888386141088,0.0321594598356201,9.825625970776848,9.825699400626512
33.81127042347449,-0.02042735752782603,0.07873805157441162,9.796718487914035,9.797056195058696
33.83127709236412,0.034868976967365455,-0.02754599634547069,9.817156742119186,9.817257311836418
33.85128376125375,0.04274198233821199,0.07198953166908392,9.811840309927227,9.812197492775864
33.871290430143375,-0.003542842690751597,-0.02197400364805322,9.800636058973762,9.800661333248252
33.89129709903301,0.027388594161995686,-0.03407884980199897,9.81736229225314,9.817459644961511
33.91130376792264,-0.043078181635117854,0.011848017734193524,9.841660966402522,9.841762376874795
33.93131043681227,0.05511897335701655,0.028636416645152377,9.80933399329694,9.809530648182568
33.9513171057019,0.08594825175748205,0.0364700049588906,9.809533585390692,9.809977896313011
33.971323774591525,0.020848631647548993,-0.038470496830928076,9.84204483104628,9.842142099202428
33.99133044348116,-0.08337326485371202,0.017381603890171612,9.838840810794565,9.839209405313154
34.01133711237079,-0.022329210495911373,-0.027422182859340206,9.857518093228904,9.857581525307785
34.03134378126042,0.024513012866772856,-0.05955689024282307,9.757313092965614,9.75752564460547
34.051350450150046,-0.01685931988665451,-0.03714945262131139,9.837153575495082,9.837238168631112
34.071357119039675,0.050887942170003905,-0.03003601463823273,9.828047401362065,9.828225041595928
34.09136378792931,0.02352629057743461,0.020863806414100287,9.783430428067403,9.783480961580166
34.11137045681894,-0.028259020030631864,0.04608854652274674,9.817547637539965,9.817696488571045
34.13137712570857,0.0012905924308501118,-0.05892826519501067,9.84153365243274,9.841710158200852
34.151383794598196,-0.035753328825563604,0.014078442968322226,9.785125232325438,9.785200678339228
34.171390463487825,-0.007303395136497672,-0.04706792743083626,9.823276872870684,9.823392349410117
34.19139713237745,-0.02218372961730207,0.025163416360560013,9.836140610271931,9.836197813201164
34.21140380126709,0.04699047200932153,-0.024909223240149915,9.777869413124057,9.77801405368028
34.23141047015672,0.08464048227323981,-0.042053160720931154,9.805731429226647,9.806186891023918
34.251417139046346,-0.057247533329430084,0.03198658061390299,9.819029051299273,9.819248032903069
34.271423807935975,-0.07692865144839009,-0.023476904217803796,9.786116054833712,9.786446577850382
34.2914304768256,-0.00980689687405543,-0.012638558054107931,9.783625404027195,9.783638482420653
34.31143714571524,-0.060736627953147306,-0.08879956350225506,9.805948661944118,9.80653881148374
34.33144381460487,0.0018484641468366862,0.03786205445693895,9.83404919150711,9.834122251272305
34.351450483494496,0.02995744455223707,0.03283634084676429,9.829312020035763,9.829412518608823
34.371457152384124,0.059765675890673,0.00021831377125255808,9.78415761812441,9.784340155573982
34.39146382127375,0.008055782348611243,-0.06110323765423036,9.829565036553472,9.829758252831834
34.41147049016338,-0.007726208993983161,0.04837476713339053,9.784921806715005,9.785044434029283
34.43147715905302,-0.07913539666292337,-0.026650535454431648,9.761694906060198,9.762052043553478
34.451483827942646,0.0010474059674319375,-0.01813413800402353,9.798985692868584,9.799002528475212
34.471490496832274,0.0028514904219784677,0.09248176225438125,9.843689081147572,9.844123919051976
34.4914971657219,0.025558272568509812,-0.028145457764369188,9.829678816564241,9.82975233812639
34.51150383461153,-0.028339524061163645,0.029688398497060016,9.809952845778804,9.810038703595056
34.53151050350117,-0.01740210400943439,0.022483690483304702,9.797498835492268,9.797540088258586
34.551517172390795,-0.059120090212167374,0.015606887715203407,9.798307135916508,9.798497920077505
34.571523841280424,-0.0916517122753626,0.011280021702180437,9.813263547175824,9.81369801459075
34.59153051017005,-0.04433988363187133,0.015055542475567974,9.777946875424625,9.778058999273114
34.61153717905968,-0.06281303257012066,0.010877623637621615,9.79955677964396,9.799764123550249
34.63154384794932,0.01346849181682445,-0.002076734351042437,9.803532916159208,9.803542387898082
34.651550516838945,-0.02072536226667429,0.06045132496442969,9.769467766246455,9.769676777614475
34.671557185728574,-0.021529485202991566,-0.05250642243197113,9.784846552473073,9.78501111387074
34.6915638546182,-0.03937652184700848,0.040858324160615064,9.822315203744592,9.822479110430226
34.71157052350783,-0.12930261730049736,0.032893691947502066,9.81028535519823,9.811192583586745
34.73157719239747,0.06033242994990202,0.027935964853176048,9.800737146264199,9.800962658351414
34.751583861287095,-0.04001082091107153,0.04467917710560514,9.782657176873862,9.782841025739838
34.771590530176724,-0.01649680279399628,-0.0037039758107357186,9.857305494767678,9.857319994862513
34.79159719906635,-0.05819568661157242,-0.07475896303307507,9.784860623559622,9.78531926218974
34.81160386795598,0.03887721373762536,-0.002891706388579433,9.817547784217853,9.817625186118825
34.83161053684561,0.005737157481492977,-0.03964776870498218,9.795363927357787,9.795445846408494
34.851617205735245,-0.033054611410634746,-0.029274368394322556,9.81108837877915,9.811187735039814
34.87162387462487,-0.015689184453760954,-0.049696786953296476,9.823728292258211,9.823866523994345
34.8916305435145,0.0671271968849948,-0.019093794337753375,9.768892302323763,9.76914159217402
34.91163721240413,-0.002918777275251132,-0.02386494775933797,9.809801512675396,9.809830975765118
34.93164388129376,-0.007269341504636234,-0.0951027931970841,9.845721859469396,9.84618384546182
34.951650550183395,-0.03765525944557061,0.02800887645129157,9.86284505680476,9.862956708323425
34.97165721907302,-0.07578324601889212,0.08881287432019529,9.806099580802346,9.806794573948928
34.99166388796265,-0.006401546943173777,0.024249487739851548,9.811250436216508,9.811282492091312
35.01167055685228,0.013019404492984705,-0.008116958261369111,9.876339990858046,9.876351907709985
35.03167722574191,0.04398337857310678,-0.002189855827048622,9.844047728447977,9.84414623078208
35.05168389463154,-0.08993986137998622,-0.01683943472052704,9.791481462922343,9.791909006112068
35.07169056352117,-0.04500385308092116,0.003601663354678333,9.791430496473417,9.791534582793481
35.0916972324108,-0.023229643622258014,-0.001480323762929345,9.838696483853619,9.83872401834175
35.11170390130043,-0.00013923394292807313,-0.033641937215931776,9.779668886098628,9.77972675083774
35.13171057019006,-0.005801347661136898,0.06731553555791325,9.842631802540167,9.842863701044388
35.15171723907969,-0.004867547427490782,-0.059486169428390835,9.82002899891253,9.820210376405091
35.17172390796932,0.01632384234279778,0.028733261727769847,9.825531622920813,9.825587195744347
35.19173057685895,-0.03613172443116437,-0.004047905092701275,9.8022979858956,9.802365413069385
35.21173724574858,0.037365657689347784,0.07603327260262979,9.791105255872608,9.791471767946504
35.23174391463821,0.017338097667979228,0.013634583969928855,9.85385978492605,9.853884471237402
35.25175058352784,-0.012793290565123175,-0.01439622148732993,9.802597881583397,9.802616801012874
35.27175725241747,0.06403631967555662,-0.009908287937379892,9.797671947702785,9.797886221997555
35.2917639213071,0.06225664142287068,0.0015962677807904461,9.807595887963606,9.80779361217765
35.31177059019673,0.037315814207752346,-0.04571162779985603,9.815790663981538,9.815968030816585
35.33177725908636,-0.1207422708227117,-0.03067478100471647,9.779075246198417,9.779868726571115
35.35178392797599,0.06315780370871901,-0.0713977587676743,9.793053855173794,9.793517772407455
35.37179059686562,0.03179034089887737,-0.036919075934963755,9.791459037782818,9.791580246953052
35.39179726575525,0.08025634550851747,0.003756259266417992,9.835358409138205,9.835686566106286
35.41180393464488,0.04949858366934154,0.01200700197138084,9.783421122960004,9.783553707475704
35.43181060353451,0.06313370709989143,-0.07917318779985608,9.757326964267259,9.757852414658437
35.45181727242414,0.035146194007215165,-0.005488468121768019,9.750987163112816,9.7510520475191
35.471823941313765,0.053947727945820485,0.02253639803288529,9.765888595959728,9.766063603892977
35.4918306102034,0.0797649496293776,-0.006516487735049412,9.850846146085443,9.85117123522113
35.51183727909303,0.008662189535128232,-0.025351545831112016,9.810486197984522,9.810522777877251
35.53184394798266,-0.06288922176312518,-0.016486445801928557,9.825037472604217,9.825252576661132
35.55185061687229,-0.012298436000605687,-0.021630534199088884,9.82609463181364,9.826126136219433
35.571857285761915,0.015597823975337469,-0.025469222364322287,9.811685517551771,9.811730972093343
35.59186395465155,0.00299550337486231,0.006952941009793935,9.807756561100462,9.807759483094918
35.61187062354118,-0.04986247864637706,0.09230752910941804,9.841335792894546,9.841894997164639
35.63187729243081,-0.06524270500779916,-0.029747996676207335,9.81437987742938,9.814641813757326
35.651883961320436,-0.02964650674539317,-0.012725705306457075,9.851972924377902,9.852025749134693
35.671890630210065,0.032309582239366044,-0.002067917575009266,9.828624898358697,9.828678221308504
35.69189729909969,0.06321359083291878,-0.027494177374331744,9.79146611179557,9.7917087633516
35.71190396798933,0.03666270455110805,0.043929432140937065,9.795085979283902,9.795253099868187
35.73191063687896,0.042297091484565445,-0.09483541493225753,9.788176055806373,9.78872684772308
35.751917305768586,-0.003232622926542307,-0.02124236681514703,9.846526440658522,9.846549884837138
35.771923974658215,-0.06968329830823856,0.03273254945279848,9.797848471411633,9.798150940386664
35.79193064354784,-0.018208823235308216,-0.01176377233554535,9.786045816096012,9.78606982717339
35.81193731243748,-0.01035057647489515,-0.03283355835401165,9.819593341233805,9.819653688607906
35.83194398132711,-0.01988209947342729,0.017630270177550568,9.807084986808825,9.80712098746605
35.851950650216736,0.0021877946149850462,0.03625372941588608,9.818837055377255,9.818904228038448
35.871957319106365,0.01765679039571802,0.008425417808602335,9.866694417116816,9.866713813153622
35.89196398799599,0.0341206075297399,-0.032048814392515335,9.837392124177866,9.837503501762978
35.91197065688563,-0.011124794574653363,0.018248132766069732,9.810810316629057,9.810833594770575
35.93197732577526,-0.07615037622578374,-0.016081972010991596,9.76774729847382,9.76805737065798
35.951983994664886,-0.019315108771645394,0.02980747527575311,9.795001125083742,9.795065522976401
35.971990663554514,0.001748415879679354,0.05933035539426364,9.83133138307636,9.831510561042563
35.99199733244414,0.04891231688533633,-0.1042230702275413,9.774868768810146,9.775546752513167
36.01200400133378,-0.022712313687364215,0.004442698927825306,9.874229108889912,9.874256229287129
36.03201067022341,0.020501745135976072,-0.06942935747790509,9.810432496879066,9.810699594476137
36.052017339113036,0.011603515985417295,0.09767154341319083,9.811465451796286,9.811958453018848
36.072024008002664,0.0017560213249355379,-0.01872498135184762,9.790000644211261,9.790018708980817
36.09203067689229,0.03722133277298366,0.029854929673014896,9.824902132703272,9.825017998031173
36.11203734578192,-0.026433647870103234,-0.0014126743837958287,9.775259945804333,9.77529578792556
36.13204401467156,-0.023007457985740658,-0.03212338322876238,9.874946777673044,9.875025828662336
36.152050683561185,-0.0004760329237691239,-0.03688212188709707,9.849520539139561,9.84958960406241
36.172057352450814,-0.025605860203747992,0.06342716692403036,9.839528893355912,9.839766638938476
36.19206402134044,0.020320491642183986,0.03823752240713243,9.768287129826307,9.76838310475335
36.21207069023007,-0.028527692174645312,0.07774336349510252,9.816162398113732,9.81651170660588
36.23207735911971,0.009052168309805377,0.0022181334063079666,9.846272591940421,9.846277002840417
36.252084028009335,-0.004006910751470263,0.011516784849840011,9.827793161980733,9.827800726833155
36.272090696898964,0.008597038591068229,-0.010687662626211528,9.779936726860987,9.779946345282745
36.29209736578859,-0.018389655802521568,-0.011483288124600368,9.79049718734074,9.790521192493975
36.31210403467822,-0.013563531781073081,-0.04167547729909473,9.796441915859821,9.796539951718552
36.33211070356785,0.0038403707198819987,0.0033604076369740505,9.791896864965342,9.791898194676293
36.352117372457485,0.008082980246452508,-0.031569863795447885,9.85586336507131,9.855917241019451
36.372124041347114,-0.00016807661564624372,0.017676356886568108,9.752369605835304,9.752385626638375
36.39213071023674,0.06821449426052337,0.006800408759208387,9.829677574189766,9.82991661588824
36.41213737912637,-0.03962947674965137,0.011507281747028888,9.771230898752147,9.771318037485493
36.432144048016,-0.0025681517981085435,0.06700519758760903,9.781162455376469,9.781392297131
36.452150716905635,-0.06294516088467939,-0.001508717990623647,9.749707998993939,9.749911303963497
36.47215738579526,0.014883259146695452,0.030269080114137127,9.793528367065235,9.793586452629356
36.49216405468489,-0.044609861455072564,0.08206037856342326,9.855321949546177,9.855764540342655
36.51217072357452,-0.011132410235063051,0.05226468277180191,9.817944727273943,9.818090150096866
36.53217739246415,-0.014882573013253035,0.04612678793819379,9.774049153590028,9.774169326768334
36.552184061353785,0.01123564506404686,-0.012267528620820001,9.84051443023138,9.840528491070513
36.57219073024341,-0.022111636701807203,0.00918572222271187,9.846939127907062,9.84696823853299
36.59219739913304,-0.023812227907759293,-0.052731051681197676,9.813121394431173,9.81329195977844
36.61220406802267,0.05743425856343592,0.019956576038576583,9.871042474744579,9.871229735812832
36.6322107369123,0.011382671618981051,0.010978407104553665,9.834646923738738,9.834659638505014
36.652217405801935,-0.02244203408089072,0.000935405006247244,9.830479575218778,9.830505236185463
36.67222407469156,-0.010033346872449235,0.0410877915297144,9.785898638785012,9.785990038991283
36.69223074358119,0.06581419809082979,-0.04831099289697586,9.82882195456864,9.82916102601415
36.71223741247082,-0.00940659513004388,0.06539451404641389,9.816503738328135,9.816726061733085
36.73224408136045,-0.02757106492609551,0.03607058751761136,9.825594870080131,9.825699761434299
36.75225075025008,-0.027399846005055708,-0.002825359186078963,9.789462431425761,9.789501183947628
36.77225741913971,-0.021965059239583095,-0.005949183512695744,9.81384296653077,9.813869350482374
36.79226408802934,-0.023779908897068897,0.019224448609943774,9.785494154993552,9.785541932918406
36.81227075691897,-0.05118591393396972,0.06083404928255118,9.74558603700102,9.74591032094625
36.8322774258086,-0.04496800387787912,0.004064308747600431,9.839949137057353,9.840052726477339
36.85228409469823,-0.033172814974454796,0.005761236079169048,9.764928330549315,9.764986376245444
36.87229076358786,0.023662840738123907,0.0007247391050348534,9.813215593943474,9.813244150050172
36.89229743247749,-0.01524949149091494,0.0712809645080589,9.819990063883472,9.820260606402563
36.91230410136712,-0.008286467563761609,-0.014755324117480956,9.819796890475892,9.819811472494495
36.93231077025675,0.050803521010195876,-0.0011803039447628506,9.801507627792054,9.801639361276779
36.95231743914638,0.05180028599753673,0.058537426170439784,9.8181363442584,9.818447493078516
36.972324108036005,-0.011284997725509399,0.005880433344514542,9.824129012093556,9.82413725356727
36.99233077692564,-0.02523454042733636,0.04548235440182089,9.83204894447256,9.832186525544381
37.01233744581527,-0.034577212546941516,-0.036451202276118345,9.862003240181528,9.862131219119215
37.0323441147049,0.02771103078832951,-0.008211700865140564,9.817025824544947,9.817068369581667
37.05235078359453,-0.008188289340891509,0.05937736153760914,9.811921465350531,9.81210454292819
37.072357452484155,-0.015459795612911609,-0.02705358863054182,9.782798131039497,9.782847753829559
37.09236412137379,-0.03254658300550211,-0.0060519615907882966,9.823078389716981,9.823134171781895
37.11237079026342,-0.03078665636045554,0.010267409235659147,9.830021493094218,9.830075065460923
37.13237745915305,0.012802327659729782,-0.03956618071971947,9.804230904471552,9.804319099786854
37.15238412804268,-0.05261753063549048,-0.016552404744875883,9.826338375125522,9.826493191830822
37.172390796932305,0.039794747751517534,0.004505467273025615,9.801224514193521,9.801306336341701
37.19239746582194,-0.02135378575259674,0.0018672693664784485,9.830129779562668,9.830153150073789
37.21240413471157,-0.005985437770071701,0.05121408083348543,9.837378069420893,9.837513201427688
37.2324108036012,-0.053479118325622174,0.06165828779329014,9.836958836001916,9.837297438918204
37.252417472490826,-0.0004946375296945814,-0.03424339488003646,9.813535329784239,9.813595086597095
37.272424141380455,-0.013132837707622394,0.004450740766699578,9.778800955451489,9.77881078694432
37.29243081027009,-0.0020032239542586657,0.026969932336990625,9.791642608420746,9.791679956023742
37.31243747915972,0.05886835593447562,0.06065389863196789,9.827854719716543,9.82821818900071
37.33244414804935,0.0071079218316095925,0.028739611892685177,9.883464369172207,9.883508710197058
37.352450816938976,-0.03178636736583216,0.011636536063693269,9.799778376854038,9.799836836273236
37.372457485828605,-0.028452796421862728,0.026661701279305228,9.823675130351644,9.823752514931792
37.39246415471823,0.02380524743655074,0.026950753373450393,9.793318423275618,9.793384439129435
37.41247082360787,0.051947731639736955,-0.037108571691374735,9.780780988672527,9.780989334484188
37.4324774924975,0.011276720830042003,0.007711951700250752,9.78971052409268,9.789720056475705
37.452484161387126,0.02754850978219078,0.058366439767547657,9.74752584069892,9.74773951112644
37.472490830276755,0.024389508933468203,-0.008294270747760187,9.850603051887234,9.850636737232946
37.49249749916638,0.05676257653430084,0.005177865701897769,9.743096092412562,9.74326281418976
37.51250416805602,-0.07798360690904131,-0.009700657981040878,9.802085153087981,9.802400159863891
37.53251083694565,0.02668875757218113,-0.092554379824275,9.774656163139499,9.775130777161316
37.552517505835276,0.03934944175614256,0.0008236070893871657,9.783468593539135,9.78354776027908
37.572524174724904,-0.05354894824542294,0.012071677226114907,9.85129567979216,9.85144861357663
37.59253084361453,-0.03542672736025664,-0.020499735635236077,9.816032009700942,9.816117343820116
37.61253751250416,-0.03403130994512614,-0.046185477955389125,9.781038115224549,9.781206359131064
37.6325441813938,-0.029151607855095338,-0.03522425839126597,9.792314486025106,9.792421230616913
37.652550850283426,-0.01926868203742104,0.03056750464542257,9.787035563386738,9.787102266424137
37.672557519173054,0.00970411252219766,0.0789009909218762,9.808693629837634,9.809015764090997
37.69256418806268,0.03462698604669479,0.05529733363621731,9.815186750543631,9.81540359696519
37.71257085695231,0.043252678310741456,-0.053773840193222074,9.866867243196857,9.867108574194434
37.73257752584195,-0.03351292244671127,0.034185092422028114,9.75251097702007,9.752628471002664
37.752584194731575,-0.03378811994811931,-0.026526495032371603,9.808955630557262,9.809049691699464
37.772590863621204,0.052632873600648916,-0.023290682500351087,9.800532969223966,9.80070197262016
37.79259753251083,0.02586975741674578,-0.01847902391885136,9.838396455831504,9.838447821724303
37.81260420140046,0.0033145936747598454,0.028242677994217216,9.820644543545352,9.820685713638259
37.8326108702901,0.018933467022198686,0.03837013505796153,9.827710866243448,9.827804007707796
37.852617539179725,-0.0011921512740576254,-0.003921242851191519,9.820352585580453,9.820353440812955
37.872624208069354,0.020983387321904585,-0.0032428296403209907,9.782040266241495,9.782063309387112
37.89263087695898,-0.01344266786022962,0.018570549729431722,9.846337964894792,9.846364653493438
37.91263754584861,0.010752197377569233,0.022719781580969673,9.83395514713847,9.833987270388077
37.93264421473825,-0.060421842014779854,0.047049028270341166,9.837465893751743,9.837763954313115
37.952650883627875,-0.027511371793017242,-0.05137487902036795,9.847921505115215,9.848093938660567
37.972657552517504,-0.02708044707161374,0.0008010935921612001,9.82253025301956,9.822567615641494
37.99266422140713,-0.014975601328276564,-0.042720975035647105,9.854429772123526,9.85453375274841
38.01267089029676,-0.037060530191189926,-0.002037691162536122,9.8213291871536,9.821399321762582
38.03267755918639,-0.02134174503292327,-0.009047011507230437,9.803428242359262,9.80345564694335
38.052684228076025,-0.06057656249592482,-0.0018699781561080917,9.8098018826855,9.809989092464992
38.07269089696565,0.021948019055796013,-0.03198971552442127,9.809284686955918,9.809361402618809
38.09269756585528,-0.0033005407564557793,-0.05949159172829715,9.794418260337284,9.794599491632319
38.11270423474491,-0.06820830431104068,-0.08377750106859612,9.858956665451107,9.859548548169185
38.13271090363454,-0.03339319642186692,-0.005247206170593618,9.81888886096511,9.818947046538371
38.152717572524175,0.013464057102486675,-0.017240044233317566,9.812842154274987,9.812866535558047
38.1727242414138,-0.02172087785543159,-0.027037506592153086,9.821648227647794,9.821709460728034
38.19273091030343,-0.027877658405523868,0.05290193851326643,9.899395635502115,9.89957623977587
38.21273757919306,-0.0029837070803230537,-0.034377527471812434,9.77604827434201,9.776109173856867
38.23274424808269,0.013743901407128648,0.056673363285552114,9.784648844648512,9.78482262373792
38.25275091697232,-0.057454098281566425,0.06495374977077029,9.76858286947659,9.768967767417914
38.27275758586195,0.022005139248715177,-0.07803601867157524,9.803022022846935,9.80335731404224
38.29276425475158,-0.03201173126429507,0.00369525835995879,9.81736555329982,9.817418439334793
38.31277092364121,-0.0007171187299919491,-0.01598785963343963,9.796040324449768,9.796053397371864
38.33277759253084,-0.001416805627660381,-0.11647215778869063,9.793808196055448,9.794500842411573
38.35278426142047,-0.021082644729590965,-0.05778565012273657,9.814272145998844,9.814464907217188
38.3727909303101,-0.040946389845228574,0.03099744428433897,9.794936765255109,9.795071397582548
38.39279759919973,-0.011427461923690542,0.08076797010845058,9.819305274815486,9.819644093952727
38.41280426808936,0.0650132123630078,0.036107125707969936,9.843427030402278,9.843707946966065
38.43281093697899,-0.05446700121854524,0.012945298900519105,9.830310914094024,9.830470329681152
38.45281760586862,0.06769252076419503,-0.0008532952652435002,9.836430400414956,9.836663358460925
38.47282427475825,-0.010388846843061296,0.06730651658592456,9.842577552345203,9.842813163381866
38.49283094364788,0.0014148566835455647,0.08592956807830562,9.818484844803562,9.818860959404955
38.51283761253751,-0.04346843245538909,-0.023473707180967446,9.805240769218708,9.805365218180178
38.53284428142714,-0.030850776667099233,-0.07999946241241164,9.786832407873504,9.787207991261365
38.55285095031677,-0.020116386001520766,-0.08392749853084806,9.798264655090929,9.798644740228088
38.5728576192064,-0.04182779883511649,0.05287523968639208,9.794289434019694,9.794521472388384
38.59286428809603,-0.00835671829483487,-0.0018823416309754607,9.831950169798628,9.831953901405047
38.61287095698566,-0.016280635672270845,0.0073296764183487404,9.820403476637827,9.820419707284135
38.63287762587529,0.07403124569742935,-0.07162603971826853,9.830902735881429,9.831442392511192
38.65288429476492,-0.046638967427218445,-0.030127556511538655,9.775189894316997,9.775347581180997
38.672890963654545,0.004107620669943491,-0.011819232556031291,9.852952484527233,9.852960429696099
38.69289763254418,0.00991385127607299,0.008313535334562826,9.797190588854798,9.797199132081674
38.71290430143381,-0.0428128219460735,-0.01594368155655036,9.77699950073776,9.777106237334797
38.73291097032344,0.02747309981811354,-0.04149304793205371,9.796823467055345,9.796949856403605
38.75291763921307,-0.015933080515265124,-0.03138267970410092,9.884512979777625,9.884575640007641
38.772924308102695,-0.0996955860633227,0.04833293143788931,9.798368494005253,9.798994868171768
38.79293097699233,0.026393984484182603,0.009791384784139991,9.800247105855872,9.80028753912197
38.81293764588196,-0.04467763536409455,0.024486272278222067,9.80423685958111,9.804369233530563
38.83294431477159,-0.041910997845563965,-0.03595495243509319,9.805541388497057,9.805696875381871
38.852950983661216,0.027516083315695928,-0.11815293941602498,9.786555718025962,9.787307600865539
38.872957652550845,-0.013886459296737992,-0.020924172275379856,9.814296392496184,9.814328521834838
38.89296432144047,0.03671088602206001,-0.03466282217701987,9.842267847245951,9.84239734908753
38.91297099033011,0.04840664381461275,0.013960490745123174,9.819428679464362,9.819557917215748
38.93297765921974,-0.025797138412891916,0.1314289485472737,9.776665041033,9.777582440737758
38.952984328109366,0.031730499838201226,0.027806640704730233,9.799669622851988,9.799760443548367
38.972990996998995,-0.030218432055715276,0.10943840637533954,9.793454177996951,9.794112244351288
38.99299766588862,0.08932463668528706,0.022750787813577946,9.811588184047045,9.81202115684616
39.01300433477826,-0.027718280181248604,-0.025195449502908605,9.84991355014687,9.849984774561774
39.03301100366789,0.041043497638400164,0.013916643124835336,9.805533516119374,9.805629290228884
39.053017672557516,0.03375160103526303,0.07122554397910832,9.80735535393389,9.807672062575465
39.073024341447145,0.012643512884357354,0.07318250385284956,9.863329344564583,9.86360893875244
39.09303101033677,-0.026821726456667326,-0.023013494721723166,9.83628617975015,9.836349670273684
39.11303767922641,-0.006055899677656368,0.010127347827971958,9.827222438463197,9.827229522715417
39.13304434811604,-0.08614352451778208,-0.05717067518684581,9.868743948459054,9.869285501654355
39.153051017005666,0.008976801535290013,0.03298674498765719,9.824694337643821,9.824753815564096
39.173057685895294,0.01398461324113541,0.06213418796223578,9.750404185740674,9.750612186526059
39.19306435478492,0.0053399767624548585,0.0015919781646406464,9.834979972736411,9.83498155127261
39.21307102367456,-0.1189322468517023,-0.026695362174405126,9.762239746286442,9.763000685530939
39.23307769256419,-0.05062545780359244,0.014405238051102507,9.823560161057474,9.823701170423329
39.253084361453816,-0.029923639313946506,0.01669836125452664,9.758587692776123,9.758647858031358
39.273091030343444,0.011666357327561844,0.0032457532739848076,9.795994337688002,9.796001822316235
39.29309769923307,0.01157355622571938,0.007148604973438118,9.799086464111705,9.799095906301458
39.3131043681227,-0.006808951678847169,-0.006952594018774837,9.786896426783048,9.786901264903276
39.33311103701234,0.025409821464158266,0.03983819712905624,9.799534440084264,9.79964836019002
39.353117705901965,-0.041049695012116,0.02944909780660508,9.840976851610817,9.841106529286336
39.373124374791594,0.02440940022775985,-0.03932412588576597,9.788581412635214,9.788690835728941
39.39313104368122,0.018989684193595643,-0.04042362412634379,9.826354226385316,9.826455722176426
39.41313771257085,0.015102189313516421,-0.01017497668106248,9.781030510811782,9.781047462296844
39.43314438146049,-0.007281617243426233,0.02947348496420717,9.804315012708237,9.804362017830723
39.453151050350115,0.07322975299325048,0.005922296555632586,9.819715177989824,9.81999001257963
39.473157719239744,0.019727827539595146,-0.02572601640490621,9.780104147501444,9.78015787965994
39.49316438812937,-0.03873343453014236,0.010460743869033206,9.77064838701268,9.770730761245357
39.513171057019,0.009932219029439368,-0.01323242078089088,9.824756344517366,9.8247702759438
39.53317772590863,0.03009933508296874,0.03521945840896525,9.84369241198022,9.843801434501815
39.553184394798265,-0.023524343956972383,0.013322337402681897,9.80762804941538,9.807665310108813
39.573191063687894,0.04357088987724396,-0.012611127498085753,9.796280612803299,9.796385624696859
39.59319773257752,0.015281348228640428,0.009260750881858461,9.814670261630653,9.814686527120857
39.61320440146715,-0.09369913350661388,0.052601922380968065,9.811664397562962,9.812252786198624
39.63321107035678,0.011986879093517054,-0.0227852030618551,9.817287076221339,9.817320835527964
39.653217739246415,-0.016241166176508615,0.01610627926588644,9.734152646990589,9.734179520772383
39.67322440813604,0.02148719258166944,-0.002818413618639832,9.777926871265022,9.77795088669947
39.69323107702567,0.03776859361007257,0.01707934735448399,9.784643096836895,9.784730895801236
39.7132377459153,0.007806481885672721,-0.026182597663829216,9.814526028855347,9.814564057596188
39.73324441480493,0.06661008935778782,0.004413417326375033,9.815576336508668,9.815803339517641
39.753251083694565,-0.00714827538253983,0.044312931296672034,9.829085414660522,9.829187902487838
39.77325775258419,0.02499271292215501,-0.037480279249844296,9.817727452476314,9.817830806147501
39.79326442147382,0.03219770294549389,-0.05317620413300327,9.77097794788838,9.771175694811857
39.81327109036345,-0.0038938387557093104,-0.05165822257947857,9.853410138527552,9.853546320588231
39.83327775925308,0.031150972319111292,-0.04682650120800756,9.848157549102671,9.84831814150212
39.853284428142715,-0.02378691948648675,0.02381293151570657,9.772254081299193,9.772312044890644
39.87329109703234,-0.01690273676084874,-0.05623438743461862,9.819981158831226,9.820156718130338
39.89329776592197,-0.0524995476134525,-0.01191581378974123,9.79213726844271,9.792285252847904
39.9133044348116,0.009656364654801878,0.02473157213242832,9.814165919676016,9.814201831782789
39.93331110370123,0.013010067034173763,0.016666362421943744,9.841599308389256,9.841622019584399
39.95331777259086,0.04717052634316917,-0.015422359198499404,9.87390312798963,9.874027845243406
39.97332444148049,0.031645600174235344,0.007636949270204239,9.832538331154279,9.8325922218214
39.99333111037012,-0.011391822265897326,0.004285813189502732,9.818848042053304,9.818855585797321
40.01333777925975,-0.04712718749337108,-0.008969638221927452,9.799805364950751,9.799922786284002
40.03334444814938,0.01731401610079896,-0.008433388746183209,9.815464046130336,9.815482939625365
40.05335111703901,0.04443012689658568,0.08941709739027844,9.850793156799849,9.8512991666854
40.07335778592864,0.030207398952157734,0.032372436157252035,9.808658737297213,9.808758672040574
40.09336445481827,0.0433791009942915,0.09922603670048571,9.78341662045957,9.784015960854056
40.1133711237079,-0.008475581247929702,-0.019878525316820054,9.761409304034501,9.761433224283081
40.13337779259753,-0.01866475872702582,-0.0033986638755258963,9.825391436022308,9.825409752025356
40.15338446148716,-0.02947605408927196,-0.053285030611065896,9.817418643768832,9.817607496700596
40.173391130376785,-0.0022358586645438204,-0.03238267208358289,9.790622754802131,9.790676563106581
40.19339779926642,-0.0031436318387527765,0.07607652594650004,9.84078042377122,9.841074985442399
40.21340446815605,0.008267105141564647,-0.020881371593670255,9.797346694068372,9.797372434509137
40.23341113704568,-0.00517189828142032,0.07677125200577838,9.805960677245256,9.806262559066354
40.25341780593531,-0.00534510918907085,-0.04973449042719562,9.809500076001061,9.809627609180438
40.273424474824935,-0.031067762118885758,-0.04213876136293108,9.799471417735857,9.799611265150995
40.29343114371457,0.03766476054205963,-0.013649248840936845,9.817075951972488,9.817157693700205
40.3134378126042,0.003060722489748452,-0.0025499968671671147,9.844545454377991,9.844546260433772
40.33344448149383,-0.0069777573714112865,0.036923491698005184,9.775725543056447,9.775797764198243
40.35345115038346,-0.02989717012996819,0.018030816687450636,9.82465560415422,9.824717639269391
40.373457819273085,-0.05327652441564344,-0.01665261029376111,9.815164760088194,9.815323477357257
40.39346448816272,0.052318567701973746,-0.005332632260724251,9.814612914886341,9.814753809370206
40.41347115705235,0.022185548325272288,-0.012762516791388004,9.836155337096223,9.836188636655757
40.43347782594198,-0.0649567137027987,-0.03658614941302919,9.811478922756516,9.811762154306397
40.453484494831606,0.03052569202838628,-0.03551851746406486,9.824406877857172,9.824518506504223
40.473491163721235,0.03689924680932437,0.041115355657336386,9.831475938887134,9.831631154788232
40.49349783261087,0.004975044892037181,-0.07312659711708559,9.794869043988582,9.795143278133475
40.5135045015005,0.06392443583007036,0.06469434789780219,9.818975503824415,9.819396704322013
40.53351117039013,0.008668785684915319,-0.013719769024089279,9.802476371783682,9.802489806130108
40.553517839279756,-0.0566729411179676,-0.030900344255686406,9.806019546608404,9.80623199817321
40.573524508169385,0.01460676004193284,0.029590371627890768,9.800338158105651,9.800393714578698
40.59353117705901,0.00979589206850917,0.05940866336588469,9.824132412122907,9.82431692280477
40.61353784594865,-0.024131873951126197,0.044705297664158296,9.812449341270549,9.812580852455712
40.63354451483828,0.022942353475097002,0.020074081974395634,9.821836321029501,9.821883629805662
40.653551183727906,-0.06670661064763449,0.043474539588873436,9.809474479113128,9.809797620943478
40.673557852617535,0.03962267309771158,-0.06865990308575463,9.76187636962589,9.762198235765114
40.69356452150716,-0.035124868144218106,-0.020873221659525928,9.810941052482992,9.811026133032195
40.7135711903968,-0.0393978450046813,-0.03644680240099379,9.811906138654704,9.812052926547334
40.73357785928643,-0.004552990892299076,0.048985549248607006,9.817277878114604,9.817401145409086
40.753584528176056,0.017318917121745415,-0.01533912075695547,9.792188124189428,9.792215453768996
40.773591197065684,0.006556962543737185,0.03381626227128222,9.774135908500035,9.774196605920181
40.79359786595531,-0.02970636663089513,0.021434277699545517,9.828738199346828,9.828806463033974
40.81360453484494,-0.02024357164767554,-0.034492277446547245,9.801791803303976,9.801873396178586
40.83361120373458,-0.045321693895098485,-0.02347832839905138,9.81513732143055,9.81527003838309
40.853617872624206,-0.008987196065194806,0.05175270763258904,9.801556197603352,9.801696945285398
40.873624541513834,0.04300084858043639,-0.03101930594737654,9.809818145226792,9.8099614327856
40.89363121040346,-0.00017051750575504656,0.004994704407819159,9.796521439561927,9.796522714307605
40.91363787929309,0.034376570190378125,-0.0313016514530578,9.780957492325385,9.781067989163443
40.93364454818273,0.05821605350904767,-0.012558087476634427,9.82421194982306,9.824392462106418
40.953651217072355,-0.02352074076147868,-0.001846477758798876,9.791906397353216,9.791934820516982
40.973657885961984,-0.007462930122214587,-0.031314660411899654,9.814918544426845,9.814971336535665
40.99366455485161,0.08684771444249981,-0.03841787815935526,9.822313806657062,9.822772876093191
41.01367122374124,0.05777373647919781,0.011450933471097696,9.792395618531907,9.792572740518551
41.03367789263088,-0.0668961810324941,-0.03378949635164705,9.77388343096881,9.774170765403431
41.053684561520505,0.015485932642436263,-0.0324263022279469,9.882782568415593,9.882847897937369
41.073691230410134,2.239969358781599e-05,-0.03756212574807883,9.794166843721637,9.794238871727027
41.09369789929976,0.033058124434350494,-0.0031163218532527367,9.828702514758035,9.828758602929668
41.11370456818939,-0.029799150699402213,0.03774806537599365,9.868183906487104,9.868301095835752
41.13371123707903,-0.03358433488162689,0.06026114545249067,9.833697232405617,9.833939219449274
41.153717905968655,-0.027042828611744382,-0.029036723439751146,9.800986715735174,9.801067036190743
41.173724574858284,-0.022877141847937314,0.08601243173324845,9.807986508373947,9.808390329227175
41.19373124374791,0.03261296667236057,-0.04018819442827184,9.785021783407835,9.785158659844633
41.21373791263754,-0.0472480469259552,0.04334194093311479,9.836450892808733,9.836659853243878
41.23374458152717,-0.024904555998372758,-0.028867858160617703,9.826988121241762,9.827062080050728
41.253751250416805,-0.07156049562005765,-0.034836930794800415,9.794567225452148,9.794890588984748
41.27375791930643,0.040284712936494924,-0.029790246271375546,9.778734755787047,9.778863110858381
41.29376458819606,0.05084120397724562,-0.0020979079859647655,9.77036298787009,9.770495491221595
41.31377125708569,-0.01308293723455146,0.023198886841344413,9.839595420114126,9.839631465818638
41.33377792597532,-0.01191797459252892,0.02679472151619288,9.813611193868667,9.813655010221417
41.353784594864955,0.01812887609131589,-0.03775940061391553,9.816449536089983,9.816538897344843
41.37379126375458,0.05897928029513023,-0.039586371500450745,9.78531154122413,9.785569354673589
41.39379793264421,0.01634442990255669,-0.036665547734541885,9.766094906900868,9.766177411524664
41.41380460153384,-0.027901677699004583,-0.00445417609542045,9.83887840724135,9.838918978006841
41.43381127042347,-0.06475290287945762,-0.008406224167634984,9.811261171109917,9.81147844979365
41.4538179393131,-0.044605050506539505,-0.0380070184827918,9.837217039801729,9.837391586805424
41.47382460820273,0.002928778012498602,0.010784147762529766,9.798422006204534,9.798428378431762
41.49383127709236,-0.026213100928031776,0.09050275233341273,9.802895464708895,9.803348273261049
41.51383794598199,0.007798708239630345,-0.020188618473406056,9.83139894529862,9.831422766913489
41.53384461487162,-0.02211696064944936,-0.017340472848141338,9.831970442389517,9.832010609838054
41.55385128376125,-0.04232585725177646,0.02238646281297475,9.83392696868058,9.83404353545644
41.57385795265088,-0.04708126525812285,-0.0223526516694718,9.80114396240692,9.801282531301737
41.59386462154051,0.06249418037492919,0.026758579268727295,9.828436417129527,9.82867152517079
41.61387129043014,0.03555950996734573,-0.028741708271161612,9.843272983964303,9.843379175942832
41.63387795931977,0.06922071807311835,0.07328478430309204,9.806856839649555,9.807374941379685
41.6538846282094,0.021598036030204115,0.01379099890369178,9.794595349086778,9.794628870925303
41.67389129709903,-0.017199656344593563,-0.02480091796306846,9.850282428099504,9.850328665939836
41.69389796598866,0.05293363689959752,-0.02354766797877096,9.79036662799346,9.790538043085819
41.71390463487829,-0.0013227200544707147,-0.020551990108321396,9.828884294913435,9.828905870781433
41.73391130376792,0.008833670811614094,0.05490998664995494,9.808247330684404,9.808405010002984
41.75391797265755,-0.00171297516302076,-0.050750040304051336,9.754753031505464,9.754885196994366
41.77392464154718,-0.11787616877136058,-0.026717666818380188,9.843857822024358,9.844599811323697
41.79393131043681,0.06418940049179413,-0.02246642227701704,9.727264391113579,9.727502123047397
41.81393797932644,0.01964015783831014,-0.000627518670277518,9.750476157997273,9.750495958527077
41.83394464821607,0.013192922434740403,-0.010844387705871778,9.82581990238442,9.82583474357476
41.8539513171057,-0.002471042490822428,-0.05964911325561851,9.825812135960344,9.82599349958816
41.873957985995325,0.006537112815445239,-0.015992907343818703,9.790872604263674,9.790887848395068
41.89396465488496,-0.023891157433849907,-0.003982027327398737,9.814434662709099,9.814464549456126
41.91397132377459,0.024663174092290845,-0.025123913403191336,9.73405709862666,9.734120765765395
41.93397799266422,-0.0522839337759653,0.027471019561906593,9.831209263934118,9.83138667014531
41.95398466155385,0.007442737298821876,0.03677633715014589,9.817491764611608,9.817563467659856
41.973991330443475,0.02246293882284418,-0.003135467989175716,9.808630714399987,9.808656936923162
41.99399799933311,-0.00794676535291612,0.009221663474029173,9.810625244464134,9.810632796994991
42.01400466822274,0.01483471169884099,-0.08644223989397083,9.824797625285791,9.825189092700985
42.03401133711237,-0.03965337568937001,-0.016844110886473272,9.809132954295064,9.80922756537499
42.054018006001996,-0.038633070835838564,0.04019286767031651,9.753778334918064,9.753937655505636
42.074024674891625,0.009468684841055727,-0.016937463327171103,9.875889967035675,9.875909030294501
42.09403134378125,0.027141986184842065,-0.029490467055678437,9.846024024582855,9.846105599054074
42.11403801267089,-0.07499462622006844,0.09110755704123724,9.771451660141356,9.772164157820475
42.13404468156052,0.020880825404430665,0.0727630876078322,9.799645883085702,9.799938260502785
42.154051350450146,-0.021728060015053483,0.018702996499286285,9.80291897429532,9.802960895936966
42.174058019339775,-0.007712243492296499,0.045556424459201904,9.84236548699527,9.842473939315502
42.1940646882294,-0.05358071694260149,-0.0890374167183231,9.745221931940408,9.745775959746679
42.21407135711904,-0.03406468960746833,-0.03150205762514826,9.795029752067107,9.79513964303687
42.23407802600867,0.038645013021212454,-0.01879831492692606,9.757180906699876,9.757275544932822
42.254084694898296,0.001314534959208527,-0.009439203954677849,9.80144713452515,9.801451767848716
42.274091363787925,-0.015311136068382341,-0.019597760838958502,9.795824973207454,9.79585654288753
42.29409803267755,-0.00465953410524139,-0.10200105166065386,9.812390822021483,9.81292207091697
42.31410470156719,0.019568472986572046,0.015440984748342393,9.791853768029725,9.791885495839038
42.33411137045682,0.01761977984653351,0.021746165131224272,9.787469298258285,9.787509316301481
42.354118039346446,-0.0030010800158720347,0.06407595166359925,9.828589700752895,9.82879902326875
42.374124708236074,0.043718364435866734,-0.03153237059099854,9.823640182228278,9.823788068544337
42.3941313771257,0.03881850547626665,-0.03480652631119609,9.826541950283348,9.826680267074925
42.41413804601534,0.01653488116521583,-0.10719937943857875,9.804692997285276,9.805292952291742
42.43414471490497,0.002184471316402818,-0.011742673463635446,9.792847842533245,9.792855126535011
42.454151383794596,0.026292843804781564,0.036044471242486865,9.806434425539377,9.806535915395727
42.474158052684224,0.012570696872047336,-0.024470714487708777,9.825034862102054,9.825073377833272
42.49416472157385,0.0424320028722379,0.08573779274174592,9.744696608970845,9.745166157888733
42.51417139046348,0.03598245506953231,-0.010263793431580941,9.821823357911127,9.821894631716278
42.53417805935312,-0.04073015605670914,0.005879691371542224,9.819274145620044,9.819360379537217
42.554184728242745,-0.043438526829668256,-0.054524123223263755,9.811864527182573,9.812112172484072
42.574191397132374,-0.028049981776163052,0.011488813807011179,9.80552059734385,9.805567448100842
42.594198066022,0.039045547602676846,-0.07917279179410781,9.733016418422029,9.733416742697337
42.61420473491163,-0.06305235987084983,0.027747918200525797,9.796804402106988,9.797046597837157
42.63421140380127,0.015790295564319733,0.02897712704941649,9.863683161332322,9.863738364052283
42.654218072690895,0.014501723643718455,0.05437165697346041,9.81038703886705,9.810548426537697
42.674224741580524,0.04650592234744771,-0.04079874875070755,9.80078130483976,9.800976559711259
42.69423141047015,0.007213547626555497,0.006422484731896771,9.810507185867705,9.810511940135507
42.71423807935978,-0.05372837562335603,0.022552662375460164,9.82064318605884,9.820816053099216
42.73424474824941,-0.03837419842592492,0.017691265533212396,9.829764607340685,9.829855431068586
42.754251417139045,-0.04727982087591299,-0.03461197100539405,9.803133595105262,9.80330870948581
42.774258086028674,-0.021517758653325614,-0.09567927558224561,9.822747588071811,9.823237130227692
42.7942647549183,-0.007316062696957076,0.013878411875379247,9.86029952408284,9.860312005191208
42.81427142380793,-0.046617661048842275,-0.006099987132396777,9.840187523982982,9.840299839096113
42.83427809269756,0.058826479626091575,-0.022666823718457612,9.88020900647571,9.880410130720607
42.854284761587195,-0.053011254878097644,0.030557814548618646,9.790296889249449,9.79048809573972
42.87429143047682,0.053844136954499223,-0.0017967815261773254,9.860285685225062,9.860432861378982
42.89429809936645,0.047406521257573615,-0.05276780211071198,9.786279790802322,9.786536872819887
42.91430476825608,0.035932101987561416,-0.07725809156384887,9.820606984402215,9.820976604735137
42.93431143714571,-0.02775066429987002,-0.04515853060532662,9.831974295877144,9.832117165038483
42.954318106035345,0.013698035167076057,0.09572049179067146,9.794676684242866,9.795153975184204
42.97432477492497,-0.05109484534202472,0.02891107095731092,9.812638928324228,9.812814543794683
42.9943314438146,0.03643628140134997,0.0075444936790004715,9.837313833073555,9.837384203759024
43.01433811270423,-0.002959391261450755,-0.00726643708743219,9.788691873050643,9.788695017449072
43.03434478159386,-0.01637280858346741,-0.00989571759789743,9.86008150378643,9.860100063153466
43.054351450483495,-0.04894979386625077,0.046687839334363795,9.76846210125818,9.768696313243577
43.07435811937312,-0.09910024474516067,-0.019623829676137263,9.868190743281852,9.868707843430839
43.09436478826275,-0.04154163428143024,0.023076816427371707,9.840039784043988,9.8401545312258
43.11437145715238,0.04451192782451626,-0.013937118011663764,9.807308232710167,9.80741914707237
43.13437812604201,-0.01611333713899216,0.0776062652734025,9.797919953662898,9.79824054565048
43.15438479493164,-0.006773154284601892,0.029691540303132147,9.79478915211627,9.794836496726175
43.17439146382127,0.02622217433153811,0.04982227258734502,9.80592613079229,9.806087759337435
43.1943981327109,0.0722267551246506,-0.02337639098752955,9.808545124153536,9.808838902355749
43.21440480160053,0.053000186197825545,0.042325444502696874,9.847656787399037,9.847890366235587
43.23441147049016,-0.03889340015264752,-0.01250309701578763,9.869059623011537,9.869144181060841
43.25441813937979,-0.07770282285749626,0.00440139295731397,9.815981397619622,9.8162899253921
43.27442480826942,0.09438457036400415,0.06540190682477834,9.784631145360319,9.785304926638428
43.29443147715905,0.09075966446637815,-0.041711002270256765,9.793628218780915,9.794137573676728
43.31443814604868,0.007538143857171308,0.008129909252216015,9.804507276461662,9.804513544956064
43.33444481493831,-0.05081952982327287,0.017520210340749073,9.779096336841096,9.77924407853699
43.35445148382794,0.038529061355757566,0.020800175232032397,9.77463175793678,9.774729824354475
43.374458152717565,-0.0043193474405044075,-0.018031379723738618,9.872913816371192,9.87293122699182
43.3944648216072,-0.00451924492426442,0.08345056403232326,9.819078405778388,9.819434054925743
43.41447149049683,0.03577835372420516,-0.051797275413610414,9.78500600598959,9.78520851007212
43.43447815938646,0.013374989874931945,0.05835541554529877,9.834498107110733,9.834680333576795
43.45448482827609,-0.04743259644059781,0.04860262422366555,9.774649616255795,9.77488553318432
43.474491497165715,-0.012989677403278955,0.07603555158414739,9.77711963856387,9.777423922670788
43.49449816605535,0.026446117146453865,-0.0635290839483128,9.785908727968073,9.786150671931285
43.51450483494498,0.020410088896200742,-0.034753259515588414,9.85963539842595,9.859717772363961
43.53451150383461,0.01048066297433903,0.05967772236646563,9.80241359802665,9.80260086005857
43.55451817272424,0.03733691817903457,-0.07508156618521236,9.736748790392927,9.73710985324999
43.574524841613865,-0.014468679512690583,-0.06425835604161655,9.846301977995267,9.846522285603253
43.5945315105035,0.0071467910087628815,-0.01953231146845967,9.80080855907513,9.800830628036245
43.61453817939313,-0.135023164007104,0.007679751544890701,9.75451775982365,9.755455241049352
43.63454484828276,-0.017986007753712556,0.06368900294595099,9.800499495361098,9.800722939872562
43.654551517172386,0.030556116343025776,-0.0074106365972143266,9.825630116898148,9.82568042365905
43.674558186062015,-0.015615778684685703,-0.02432956592258157,9.82212147499599,9.822164020718617
43.69456485495165,-0.01864909566868448,0.012455597507857087,9.863952449374946,9.863977942706914
43.71457152384128,-0.04165811807099274,0.018783859331776034,9.784416964122903,9.78452367568236
43.73457819273091,0.040134635709165825,0.01764959288681085,9.81140160360795,9.811499565529889
43.754584861620536,0.021938530941622826,-0.0071194483180538025,9.789012921642648,9.7890400941957
43.774591530510165,0.0330165839129234,-0.078203444556726,9.763734213174384,9.764103218374222
43.79459819939979,-0.06904855847831558,-0.03670463956425329,9.836565821169179,9.83687664292824
43.81460486828943,-0.006418001730625358,0.05681084341069849,9.823898087074426,9.824064448480568
43.83461153717906,-0.011204440310000247,0.007482757519063994,9.818510353490966,9.81851959781881
43.854618206068686,-0.011222868263942101,-0.01290088476428227,9.82280370579776,9.822818588787742
43.874624874958315,-0.024641101748718235,0.04472674193495899,9.789435814419347,9.78956900123676
43.89463154384794,-0.01384417087120061,-0.04520466529475794,9.779829147380454,9.779943418792556
43.91463821273758,0.033985791308266074,-0.009013925348520307,9.81112942116508,9.811192425169944
43.93464488162721,-0.07651405413391317,0.005510336206961489,9.844836342072348,9.845135213214371
43.954651550516836,0.07109179072121814,-0.017655100131785166,9.858242314063608,9.858514455437128
43.974658219406464,0.019353645001058458,0.004030512916063951,9.833862981204224,9.833882851738068
43.99466488829609,-0.0016932758264085104,-0.0075077572568706084,9.810875232803044,9.810878251575147
44.01467155718572,0.03627336585491705,-0.055973721911435,9.818093517881998,9.81832007730913
44.03467822607536,-0.0580733898067374,0.007259115275162238,9.810347815779762,9.810522385680233
44.054684894964986,-0.02658803620604056,-0.0531340716605147,9.779221699809018,9.779402190689169
44.074691563854614,-0.004843017295622155,0.006624605003868889,9.810739421346316,9.810742853309662
44.09469823274424,0.0546224148172871,0.054965432966004375,9.769955195472345,9.77026250049397
44.11470490163387,-0.001859863245062317,-0.011240927891042177,9.806277683216909,9.806284302319055
44.13471157052351,0.01800218684740585,-0.04685932519883945,9.85908315331789,9.85921094708527
44.154718239413135,-0.02358315983744511,-0.005079512528199218,9.834685776683502,9.834715364105675
44.174724908302764,0.01947368275869964,-0.03327884432314125,9.782306424472905,9.782382413711066
44.19473157719239,0.06708958371897827,0.02378036010525878,9.807827127910732,9.808085414022045
44.21473824608202,0.03982106766696457,-0.005919549900914143,9.784968710647359,9.785051529085015
44.23474491497166,-0.003258239511115177,0.06839053006658294,9.808124586954683,9.808363563508058
44.254751583861285,0.02701963389061879,0.04651958382709353,9.841233234495737,9.841380274536618
44.274758252750914,0.02310067818428847,-0.0061232201792561095,9.829590238149297,9.829619289935795
44.29476492164054,0.020263506867891027,0.02862436271892363,9.88452432242236,9.884586538870044
44.31477159053017,0.04447813443441635,-0.015729456366513815,9.845774322075227,9.845887350639162
44.33477825941981,0.04417910815349866,0.0013582754066067304,9.81612001143233,9.816219522675294
44.354784928309435,-0.005086343874995371,-0.014457367854012491,9.830314499223999,9.830326446259699
44.374791597199064,0.025675162459110768,0.03065823839398835,9.8039267047745,9.80400826061154
44.39479826608869,-0.01532379684639175,0.057319531068383126,9.776174872587406,9.776354918209602
44.41480493497832,-0.0369228958526231,0.03194592828764574,9.849173297348626,9.849294313999227
44.43481160386795,-0.010779750228159458,0.03687746405141423,9.84026974430795,9.840344749606707
44.454818272757585,-0.003051126069583307,0.03692133748942917,9.802768373562182,9.802838378767818
44.47482494164721,-0.06646323956711968,0.022050236893388395,9.81821807210794,9.818467787115654
44.49483161053684,0.034413302376668814,-0.04557144636841071,9.847228175621545,9.847393755449176
44.51483827942647,-0.11069301690409593,0.06803886077665999,9.83539054278618,9.836248744297542
44.5348449483161,0.10859267757945286,0.072176433067937,9.76610696246251,9.766977373239532
44.554851617205735,0.060075165351852755,-0.009355184132534736,9.817308600644695,9.817496865558681
44.57485828609536,-0.010440348966892544,-0.014827916608647277,9.804971054235349,9.804987824693642
44.59486495498499,0.0003770544225509295,0.024496466116615,9.84339002097416,9.8434205093573
44.61487162387462,0.012118874943491327,0.022032513407340196,9.84093128216348,9.840963408073453
44.63487829276425,-0.023566415519557682,-0.008077842750120752,9.849558234845341,9.849589740141141
44.65488496165388,0.007704765903477454,-0.050001026223504164,9.776463169838394,9.776594068347505
44.67489163054351,-0.005759999108066444,0.012228047629991084,9.786476653978314,9.786485988423074
44.69489829943314,-0.0037709086892386396,0.022057461527021812,9.843422473084063,9.843447908887297
44.71490496832277,0.007258442539225547,0.029032845921551892,9.792250625539728,9.792296355018754
44.7349116372124,-0.05254111193415978,0.013971710894168302,9.76435701057257,9.764508364841841
44.75491830610203,0.0015827889653459255,-0.010844605934476375,9.825977894628423,9.825984006521953
44.77492497499166,0.00653790986469909,0.03976008158025113,9.793583446792022,9.793666337875278
44.79493164388129,0.005153984854236572,0.0026339399026367332,9.863693723109252,9.863695421316706
44.81493831277092,-0.008633230217446178,-0.018596920574588824,9.818885536619655,9.818906943206942
44.83494498166055,0.045514311038774874,-0.0072261352818288405,9.814807778599251,9.814915970113693
44.85495165055018,-0.014146102195262047,-0.06983876129899928,9.798922683251527,9.799181767735938
44.87495831943981,0.009093036272927613,-0.007289672967141554,9.85772506001781,9.857731949162737
44.89496498832944,0.051891901357021826,0.027537460794986743,9.820756633796695,9.820932335650992
44.91497165721907,-0.003175045600812492,0.013591320885569205,9.797745014455314,9.7977549557642
44.9349783261087,0.008578530698702054,0.06082656691924744,9.786177488801837,9.786370282426676
44.95498499499833,-0.003855385452595884,-0.01051899656062817,9.807795808363075,9.807802207009985
44.97499166388796,0.04949479174254397,0.019492526522132642,9.780670594885356,9.780815251228034
44.99499833277759,-0.010308982463451811,0.03170960705223088,9.840866323250369,9.840922810711508
45.01500500166722,0.05133418309152822,0.09371428033149633,9.755749738379274,9.756334891883274
45.03501167055685,-0.004143515785882588,0.005790619644705616,9.805814579150008,9.805817164350444
45.05501833944648,-0.034378388937920674,-0.04176748715456093,9.828304006352639,9.828452881196332
45.075025008336105,0.027174926822964844,0.033917150134211274,9.82026358260329,9.820359753162075
45.09503167722574,-0.012186713350226242,0.07462909423873827,9.78848151080953,9.788773585345062
45.11503834611537,0.024820035963966515,-0.012901948409064862,9.829807761201197,9.829847563244778
45.135045015005,-0.10917617539694936,0.033643261544256634,9.783418818348423,9.784085807142928
45.15505168389463,0.00020821047579785523,0.049149122209156806,9.809328460305096,9.809451591282617
45.175058352784255,-0.018384211950299215,0.04068262175880614,9.82955524715941,9.829656627366049
45.19506502167389,-0.042530347461251124,0.005022340898943117,9.823887383384793,9.823980729612117
45.21507169056352,-0.022129640073591975,-0.027938950328525846,9.789748829657416,9.789813708835014
45.23507835945315,-0.022948125771706063,-0.0032511819205434302,9.845924835496932,9.84595211510373
45.255085028342776,-0.0019194317940232452,0.018344018155105227,9.812600837144567,9.812618171331785
45.275091697232405,-0.054693058451398234,0.03632890096366916,9.832289862328174,9.832509092623784
45.29509836612203,0.012650951210388547,0.013357801919961571,9.855873030200199,9.855890201542746
45.31510503501167,0.05464859140823152,-0.015196318661623081,9.84352561646324,9.843689042153443
45.3351117039013,0.011237139877913053,0.02221518624599075,9.843603882189932,9.843635363892615
45.355118372790926,0.03235954436916036,0.034403402709712816,9.815780397895484,9.815894027236592
45.375125041680555,0.04378249818455182,0.01518440225657922,9.833818053627315,9.833927241192386
45.39513171057018,0.04945958048736707,-0.033447484581533,9.81640789723693,9.816589478493148
45.41513837945982,0.07480554771285221,-0.007256241388687599,9.773720265966649,9.77400922653416
45.43514504834945,-0.019968079931037212,0.03791283105649867,9.819082313775152,9.819175810202546
45.455151717239076,-0.028739359406444658,-0.05532071234977895,9.817690829512154,9.817888752470209
45.475158386128705,0.03133862593298939,-0.08372712089564636,9.827511880845655,9.827918503346034
45.49516505501833,0.02833064878629599,0.060323314005760825,9.8061600907436,9.8063865543413
45.51517172390797,0.03102701198462757,0.020456610200875188,9.787156333297085,9.787226892269887
45.5351783927976,0.07557129817001008,0.02426920010080426,9.829695182495257,9.830015635590367
45.555185061687226,0.00045479635193976665,-0.043072678945082245,9.770601831382432,9.770696782211848
45.575191730576854,0.017046262385847395,0.02950112253866152,9.853764574075695,9.853823479878333
45.59519839946648,-0.039215530059339,0.01100994750273457,9.80305745816385,9.803142078170843
45.61520506835612,0.08541284495903831,-0.06337310311393589,9.817365845161685,9.817941924967243
45.63521173724575,-0.013461796848364441,0.056971336570954295,9.826756744598448,9.826931111525925
45.655218406135376,-0.012328637126433197,0.0063473329447491554,9.827720641345326,9.827730424073195
45.675225075025004,-0.013869995640329709,-0.01584335864317075,9.767730471001448,9.767753167587843
45.69523174391463,-0.02579583434577351,-0.015119589839408707,9.834722597416329,9.834768049893087
45.71523841280426,-0.02917748195390597,-0.08060887621729507,9.819094614851288,9.81946883348482
45.7352450816939,-0.020948171315581007,0.023733463985254537,9.790942158463242,9.790993333343
45.755251750583525,-0.054631837122037785,0.010474288289829013,9.787509991471623,9.78766806657742
45.775258419473154,-0.03141271681052953,-0.007763205293323797,9.799978407538296,9.800031827211107
45.79526508836278,0.07795852445790477,0.05113940829806689,9.771037749401685,9.771482562582277
45.81527175725241,0.029426205745654747,-0.05535436075983383,9.861668021729612,9.86186727641597
45.83527842614205,0.03703616706910872,-0.02387089905470461,9.8545845397543,9.85468304658538
45.855285095031675,0.047088351496676596,-0.034000330190415436,9.823551006029279,9.823722700858294
45.875291763921304,0.07336538257449564,-0.011151799190862122,9.803298047509738,9.803578910290554
45.89529843281093,-0.07085690205775376,0.0026988010102889197,9.804086760361878,9.804343179876925
45.91530510170056,-0.04919532461146162,0.017200540952454196,9.83274197118522,9.832880082177352
45.93531177059019,-0.03214894643578741,-0.013878938124204692,9.86273480698506,9.862796969044583
45.955318439479825,-0.018789191859583908,-0.03509422940619575,9.792888097812098,9.792969005104538
45.975325108369454,-0.012022775623409959,0.06744027799081777,9.776472418721301,9.77671241738487
45.99533177725908,-0.017879102112241634,0.09646560767154276,9.856429223207858,9.856917485089426
46.01533844614871,0.008772356525282164,0.005731466875281013,9.756385842372467,9.75639146965708
46.03534511503834,0.0014118156298086359,-0.03027121468083469,9.77974407575242,9.779791026748793
46.055351783927975,-0.028913391807129988,0.05901816524169177,9.802594263224675,9.802814566105981
46.0753584528176,-0.0870219510795028,-0.05787028425313861,9.76318699596585,9.76374631521968
46.09536512170723,-0.03971474821514793,-0.013390932988193103,9.843364471884199,9.84345369799971
46.11537179059686,-0.02196954613250301,-0.02784468205385207,9.835707158115154,9.835771107924057
46.13537845948649,-0.009883177472308779,-0.04638142201801955,9.792756203183542,9.792871027869973
46.155385128376125,-0.04518669837242148,-0.011200969316870781,9.848388423575333,9.848498456162547
46.17539179726575,-0.019632258659856808,-0.0345668831669586,9.853478772852116,9.853558962224726
46.19539846615538,-0.045239495539423455,0.0005061785659461796,9.806604880551298,9.806709241709267
46.21540513504501,-0.005032774061933321,0.0010870867068985593,9.79647995467296,9.796481307739091
46.23541180393464,-0.042923653134504615,-0.02485326894087917,9.877788060832275,9.87791258817854
46.255418472824275,-0.03395618625481858,-0.014820534263754785,9.831634854662525,9.83170466329394
46.2754251417139,-0.05234736523956556,-0.00923395871614842,9.817689739589065,9.817833637594065
46.29543181060353,-0.006140027822791354,0.03239384244477708,9.85090637839919,9.850961553927405
46.31543847949316,-0.03465791079809594,-0.005937176042567426,9.819057919050092,9.819120879106263
46.33544514838279,0.036271370667017175,0.03298806963144389,9.794831382422425,9.794954090507789
46.35545181727242,0.01623401066771596,0.023432519342186226,9.812404792814627,9.812446200826608
46.37545848616205,-0.0027940747273457202,0.02286122787602968,9.841159628619593,9.841186578790472
46.39546515505168,-0.03189941989375154,0.05551383881383894,9.750234433009524,9.750444649242104
46.41547182394131,0.015220812212652115,-0.04477563518983639,9.801359077816825,9.801473170035887
46.43547849283094,0.027628035573945484,-0.018927324252284546,9.851491721957448,9.851548644743584
46.45548516172057,0.0057075364880652115,0.07053195201198277,9.794643947967195,9.794899560469101
46.4754918306102,0.06414807421867721,-0.0102926600235707,9.856383256812943,9.8565973753349
46.49549849949983,0.018385492722992638,-0.11260494759623399,9.852442314580795,9.853102935761301
46.51550516838946,0.03654428870272137,-0.008118733725915414,9.808034126535333,9.808105567649433
46.53551183727909,0.005342616621439128,0.005397581206529991,9.792943820853331,9.79294676569952
46.55551850616872,0.02702657813027906,-0.10468452469724843,9.801379233775512,9.80197552383816
46.575525175058345,-0.03187124930676701,0.053357425595517934,9.889938434760044,9.890133721782659
46.59553184394798,-0.018335934528511753,-0.02854849855462408,9.866232733407998,9.866291074818147
46.61553851283761,0.01397454213929519,0.013142524607500622,9.813761729154203,9.813780479019936
46.63554518172724,0.013683979262295266,-0.009039261813762491,9.791755393451389,9.79176912742161
46.65555185061687,0.0203044729177299,-0.05153405676816166,9.813511231067439,9.813667546484046
46.675558519506495,0.04401571569114917,-0.042820325385416795,9.817314807798503,9.817506862687374
46.69556518839613,-0.056998846872616485,-0.03740331345710188,9.77269923787172,9.772937033988343
46.71557185728576,-0.038978101904411845,0.04342687636734552,9.812401238076458,9.812574750952143
46.73557852617539,0.009182905642970125,-0.005901527524006073,9.849672129744352,9.84967817835922
46.75558519506502,-0.02897454527213843,-0.020874620662069864,9.756019299563507,9.756084657664525
46.775591863954645,0.13511072965157447,-0.03738435650360925,9.834797518954119,9.835796599066303
46.79559853284428,0.02062878476680544,0.04784600886104506,9.851243939101645,9.851381727200087
46.81560520173391,-0.003133233957206289,0.05856805090094348,9.79318327964717,9.793358912166054
46.83561187062354,-0.020618770923354367,0.04738975594826723,9.860825272745732,9.860960702807011
46.855618539513166,-0.01920649132772178,0.019697493566166666,9.78928988812655,9.78932854665419
46.875625208402795,0.001205626452607095,0.011593201674828465,9.823232479855813,9.82323939488163
46.89563187729243,0.0044792773048503084,-0.04863751271903606,9.800796819460091,9.80091852674573
46.91563854618206,-0.01826796578774052,-0.0098327650684423,9.800790109285122,9.800812066767937
46.93564521507169,-0.010926089860796072,-0.027354408133857464,9.79148102790726,9.791525333825767
46.955651883961316,0.05377138300938386,-0.07302048435938839,9.83095726442586,9.831375493171564
46.975658552850945,0.05538019850604137,0.042281736766614626,9.835464163731944,9.835710956901178
46.99566522174057,0.010081359197395081,-0.02783319785569101,9.808067334012685,9.808112007375978
47.01567189063021,-0.05365038908946951,0.047837676297412285,9.769200953589833,9.7694653937226
47.03567855951984,0.02154012626556174,0.03526985603040048,9.822095104999033,9.822182048375499
47.055685228409466,0.06217129766444104,0.022268719065336753,9.82266043078232,9.822882423431466
47.075691897299095,0.05479124407849515,0.02451536287052735,9.803498549658407,9.803682313120863
47.09569856618872,0.029377034112386683,-0.024612555282948305,9.866016938615426,9.866091375061215
47.11570523507836,0.05689691821143287,0.0743140060516266,9.763082122052982,9.763530731899602
47.13571190396799,0.0021353708991608705,0.0017250172381219667,9.743481488692394,9.743481875386474
47.155718572857616,0.025124118793348197,0.012077267404748156,9.78807495300907,9.788114648258706
47.175725241747244,-0.027231022653007208,-0.025963053342665562,9.831312736022744,9.831384730658067
47.19573191063687,0.011690618246228485,-0.0372466104310784,9.778324660876985,9.778402587031206
47.2157385795265,0.05318136975882098,0.01909184035237693,9.780570872444219,9.78073409041273
47.23574524841614,-0.02357693645947564,0.008700539837551419,9.838530640085345,9.838562736864793
47.255751917305766,-0.03445773717857146,-0.03157409463610309,9.823876437683934,9.823987607992242
47.275758586195394,0.0038995575609478738,-0.05753706875101616,9.821311827288852,9.821481137266085
47.29576525508502,-0.009066488148959983,-0.050796923493101886,9.833442867583967,9.833578247956423
47.31577192397465,0.025965908842816816,0.04784534868364428,9.797244211401814,9.797395446936857
47.33577859286429,-0.018130381037881695,-0.024530152586002864,9.798630477778255,9.79867795568093
47.355785261753915,0.06873758462410856,-0.01355634182703335,9.834293378176843,9.834542941997691
47.375791930643544,-0.05158704391844223,0.05801361035036249,9.769653396576565,9.76996183673847
47.39579859953317,0.05014939144878938,-0.04488602245945659,9.745718404608045,9.7459507970434
47.4158052684228,-0.030593969132324126,-0.02907979302868227,9.797001474791164,9.797092401440853
47.43581193731244,-0.07183930938336093,-0.030750673142427725,9.83792619867197,9.838236548324488
47.455818606202065,0.009515006253954695,0.06472273924664158,9.817666790969605,9.81788474096264
47.475825275091694,-0.010184319440555343,0.07973534002329656,9.83571874512369,9.83604720799919
47.49583194398132,-0.04438437471612123,0.030062529016086838,9.749511170687306,9.749658547648032
47.51583861287095,-0.06725507566861057,0.031335388966169594,9.819464904249704,9.819745218568377
47.53584528176059,-0.00033443149085827037,-0.023214200114109244,9.829615935139271,9.829643352801527
47.555851950650215,0.039033475664952716,0.07789313947617131,9.76947607732168,9.769864573204716
47.575858619539844,0.02339813972345777,0.010707850174346476,9.835861727716397,9.835895386682092
47.59586528842947,0.00226826595357062,0.034124410577989595,9.806654433104827,9.806714066942213
47.6158719573191,0.019153902928709405,-0.004220997550838165,9.90214010104818,9.902159525558261
47.63587862620873,-0.0010885652951142801,-0.010721303493104423,9.744682917933098,9.744688876633266
47.655885295098365,-0.057188969721214844,0.0665216903838447,9.851073431030244,9.851464026077508
47.67589196398799,-0.05683575940893773,0.021588947189532283,9.798175257104218,9.798363881542553
47.69589863287762,-0.008126741159387156,0.05805501844281527,9.761485448566798,9.761661466762183
47.71590530176725,-0.0064261314546429785,0.010213126869801777,9.79419134569305,9.794198778826912
47.73591197065688,0.034039307140270605,-0.03393466145692363,9.818324377240124,9.818442025718054
47.755918639546515,0.030292168950989885,-0.02333371731513952,9.841124000086952,9.841198283895661
47.77592530843614,0.024205320630357977,0.004118609698584421,9.861658928643966,9.861689494472836
47.79593197732577,-0.01121130852308723,-0.02506000864173307,9.852656792661131,9.852695041025244
47.8159386462154,-0.055226086804405584,-0.04429845634510762,9.781038539378866,9.781294760036268
47.83594531510503,0.016482845482640958,0.048056681271480994,9.843904940767985,9.84403604278684
47.85595198399466,0.021006772530486738,-0.021794802832940486,9.821738548713627,9.821785195024882
47.87595865288429,-0.09554125849910744,0.005527709911652816,9.79036190937213,9.790829638193955
47.89596532177392,-0.03337352746330651,0.01184534359542419,9.803642682195676,9.803706643136007
47.91597199066355,-0.02764217509575584,-0.02352612501282275,9.788704720216659,9.788772020432084
47.93597865955318,0.004734008044937451,0.058031978652349575,9.811112770258093,9.81128553820038
47.95598532844281,-0.03213441731062776,-0.044685670448184514,9.788110263531177,9.788265012808125
47.97599199733244,-0.0015253827529856149,0.010465010543230836,9.779160177803478,9.779165896249822
47.99599866622207,-0.008421397614119678,0.009844708255063346,9.824373573833483,9.82438211575955
48.0160053351117,-0.006365978861509117,-0.0021701841145659144,9.82886191644779,9.828864217598271
48.03601200400133,-0.028655771748029846,-0.0518765045308793,9.804372089997251,9.804551208703735
48.05601867289096,-0.025559402162667104,0.03483270207453857,9.85102953911808,9.851124280037771
48.07602534178059,-0.04321068239122771,0.029740426813383864,9.802187082405148,9.802327440691322
48.09603201067022,0.01520269762295328,-0.02702274114364865,9.800916763646235,9.80096580743325
48.11603867955985,0.02284410514365473,0.028299488288214474,9.829814669470371,9.829881949968275
48.13604534844948,-0.030824718005013553,0.014996307452031031,9.8060272324517,9.806087147076639
48.15605201733911,0.06082560384068178,-0.05122448581444433,9.812543931870785,9.812866151992683
48.17605868622874,-0.012584057897681956,-0.0341571565828543,9.734386845881428,9.734454906933843
48.19606535511837,0.06120742495186243,0.045531257795583174,9.81050122154214,9.810797809667953
48.216072024008,-0.025685086953264134,0.012376647405682013,9.755184121875862,9.755225787073908
48.23607869289763,-0.08106311106397743,-0.022572117832425045,9.773371482870035,9.77373372210723
48.25608536178726,0.016087912996494053,-0.03433903564690568,9.769940323837336,9.770013916144466
48.276092030676885,0.00994180420475949,-0.020615751924616836,9.778722505393986,9.778749290486852
48.29609869956652,0.001375751812303323,-0.01777918119510818,9.793534384211032,9.793550618989048
48.31610536845615,-0.025689299137759573,-0.033838521305170066,9.795405221533636,9.795497355400732
48.33611203734578,-0.0013828890194327607,-0.0696705644953321,9.829928256127713,9.8301752487205
48.35611870623541,-0.020450378314781092,0.04560053145603142,9.816671634424042,9.816798847106316
48.376125375125035,-0.012093982653270026,0.03882534690445773,9.75296776713546,9.753052544652977
48.39613204401467,0.033665290230603,-0.05093021807227438,9.812498839126405,9.812688760311122
48.4161387129043,0.007368689181203739,0.005452451822546707,9.819547657397504,9.819551935944528
48.43614538179393,0.024398055493279093,-0.03608952810859067,9.800143004512412,9.800239825026964
48.456152050683556,-0.009274740265031597,-0.010462688929061412,9.8081734206928,9.808183386287764
48.476158719573185,-0.013680693832191003,-0.01379066319494626,9.815709303761912,9.815728525164765
48.49616538846281,-0.04613930123554574,-0.0171133686287149,9.832937987929068,9.833061129524358
48.51617205735245,-0.014801464502727879,0.08011788336305145,9.762753600376119,9.76309355789664
48.53617872624208,-0.13284458222356554,-0.017613027387047616,9.80267048884081,9.803586415927104
48.556185395131706,-0.023608878652225395,-0.03233055300267699,9.855250082941732,9.855331391745874
48.576192064021335,-0.003274967087633562,-0.030503257179881917,9.852499839248939,9.852547602346734
48.59619873291096,0.022546946170806242,0.04175107825607021,9.835528107833273,9.835642565551858
48.6162054018006,-0.01074711510099827,-0.0660840932677174,9.826104740518671,9.826332834761374
48.63621207069023,0.013906941689799977,-0.03050491665742081,9.859639042452063,9.859696039960484
48.656218739579856,-0.08719154645560982,0.05787291360446136,9.8675354400482,9.868090357334069
48.676225408469485,-0.0022734740882779897,0.009759447519905871,9.806127600358595,9.806132720395688
48.69623207735911,-0.06718011171653614,0.007676880201444529,9.780917026701351,9.781150749534344
48.71623874624875,-0.04833214062637331,0.08528585840574807,9.801891230471266,9.802381413077693
48.73624541513838,-0.007486621914554437,0.009853918117939951,9.902900865413162,9.902908597952964
48.756252084028006,0.05105055951494218,-0.028327446454383298,9.762919309718244,9.76309387704117
48.776258752917634,0.01484827053880235,-0.011283082275053946,9.795883825814117,9.795901577084686
48.79626542180726,0.0007292398854846865,-0.04541729236122275,9.767619265425221,9.767724882312265
48.8162720906969,-0.0007812155786840881,0.050237481600627874,9.813742915886323,9.813871531356233
48.83627875958653,-0.028545155728178694,0.022982468701468615,9.773919269133154,9.773987973151774
48.856285428476156,-0.021759336534907345,0.044976565998835566,9.806737469314992,9.806864746303077
48.876292097365784,0.017095041818831886,0.04851935714197483,9.751497145199437,9.751632834623392
48.89629876625541,-0.055414420737779774,-0.016568431237101305,9.82852861995254,9.828698800154857
48.91630543514504,0.02372216201132085,-0.03779011408035559,9.84667035769404,9.846771448895478
48.93631210403468,-0.01554028268475411,-0.0020685244523218336,9.798481691338097,9.798494233027197
48.956318772924305,0.03302228299478261,-0.03491044283154153,9.805946099787729,9.806063844485974
48.976325441813934,0.03844373828928333,0.006598275016360987,9.805097783078061,9.805175367833517
48.99633211070356,-0.06692336050022961,0.04528387523338757,9.81542732025675,9.815759921920431
49.01633877959319,-0.023263230529088724,-0.006725585841966688,9.808854912391007,9.808884804285183
49.03634544848283,-0.03422110751762495,0.005999803596309566,9.83304350857292,9.833104887233278
49.056352117372455,-0.07250911860292572,-0.003753824648934661,9.846991174003529,9.847258849262747
49.076358786262084,-0.041301331048376425,0.03210910289750791,9.785577863325235,9.78571770048759
49.09636545515171,0.0976502338106136,-0.026711295771531602,9.800720145216772,9.801243004147123
49.11637212404134,0.024380395848497605,-0.08785785046572396,9.837048583467743,9.837471130280125
49.13637879293097,0.07669151874423016,0.018834754375015233,9.767349928558229,9.767669167407652
49.156385461820605,0.033163937600733426,0.039513376852319745,9.750878361544633,9.751014817717529
49.176392130710234,-0.02967372644033902,0.01785496979034143,9.816789478586955,9.816850564049686
49.19639879959986,-0.015270847866961722,-0.025609219818720556,9.824890392332115,9.824935636037226
49.21640546848949,0.023537447209612292,-0.04540048392744276,9.788330994361393,9.788464581870738
49.23641213737912,0.017500248138921454,0.019779901271212857,9.792640468376387,9.792676081953397
49.256418806268755,-0.023093680628333352,0.005659158117386946,9.787194230347774,9.787223112134939
49.27642547515838,-0.06039972682316828,-0.0050317051063331905,9.783992242819668,9.784179968327036
49.29643214404801,0.13151044749554955,0.07289853371975163,9.830804874618138,9.8319547230871
49.31643881293764,-0.005645986893712227,-0.03787200376725327,9.774585045390072,9.7746600439811
49.33644548182727,-0.013029555727304798,0.07100148084509862,9.802034314157,9.802300121681437
49.356452150716905,0.004533378556212074,0.0012713561948255975,9.782839914974556,9.782841047972061
49.37645881960653,-0.009709143572441145,-0.07342281907483499,9.766341330722964,9.766622147191802
49.39646548849616,0.004909156308219348,-0.007168106172765635,9.836105345242403,9.836109182205531
49.41647215738579,0.051477891444656775,0.03837984306397764,9.794405243334793,9.794615717644326
49.43647882627542,-0.004981939187456951,-0.014602201312198828,9.815653202412623,9.81566532813922
49.456485495165055,-0.04650841757311046,-0.0589911416495358,9.764757723605971,9.765046665962265
49.47649216405468,-0.006465751779144438,-0.006580581271846798,9.787741816387307,9.787746164171436
49.49649883294431,-0.01857607125639643,-0.03428689495566823,9.83268263642085,9.832759963009424
49.51650550183394,0.05695595748987405,0.019672576043518505,9.88761814367536,9.887801755015113
49.53651217072357,0.04684476258950283,0.030935992642704455,9.750713518068292,9.750875118616921
49.5565188396132,0.004301000017231953,-0.04225081630992425,9.803966766141318,9.804058750419822
49.57652550850283,-0.05114943419277026,-0.028232162204625984,9.822368417944306,9.822542168778444
49.59653217739246,-0.049035690537597834,0.030265698604277507,9.791516995402821,9.791686554558453
49.61653884628209,0.0006049304633821455,-0.034353771131958366,9.835485659609825,9.835545674131271
49.63654551517172,0.013452918772851232,-0.043286325433119804,9.78399801988019,9.784103021739524
49.65655218406135,-0.014984912773042196,-0.04714764527185019,9.8146154298065,9.814740112863984
49.67655885295098,-0.019206783368289366,0.014081544518324815,9.79433784286505,9.79436679783853
49.69656552184061,-0.023711969327145876,0.012366308780698568,9.846582932488644,9.846619248729937
49.71657219073024,-0.0009357584097578489,-0.027361841215161668,9.789709064908932,9.789747347176974
49.73657885961987,-0.0953104940829226,0.00020341584512936339,9.799443786111405,9.79990727756226
49.7565855285095,-0.0440530651507884,0.061085295366205224,9.838370671124915,9.838658930378168
49.776592197399125,-0.025082033817894023,-0.03896240627672887,9.779158840227215,9.779268622955266
49.79659886628876,0.048300127798076825,-0.07806970436041798,9.812062501702908,9.812491952527072
49.81660553517839,-0.03255254567715717,0.018203023028814817,9.755323969689403,9.755395264768827
49.83661220406802,0.007218725673248259,-0.00441604655606354,9.777361996241128,9.777365658346211
49.85661887295765,0.009061710037239842,-0.028401003472604054,9.821463938276725,9.821509182526748
49.876625541847275,0.05191666022643049,0.02608320949419632,9.780279074713913,9.780451648707919
49.89663221073691,0.05050309627856601,0.0335690057867516,9.793662812045287,9.793850556186879
49.91663887962654,-0.0023001187517966547,-0.08833112079520371,9.824792592061439,9.825189929689529
49.93664554851617,-0.019019389647577715,-0.026103916373259532,9.792624415765593,9.792677677728447
49.9566522174058,-0.02655332411302761,0.0927006492478742,9.83468526219649,9.835157990386188
49.976658886295425,-0.009642528898631236,0.023336196631927635,9.816469883624583,9.816502357384998
49.99666555518506,-0.017361334172944,0.02704414553188599,9.823070493357736,9.823123063425767
50.01667222407469,0.02214509637432928,0.04691577114525914,9.847228967962156,9.847365629565534
50.03667889296432,0.016812392699408173,0.0006827530079890447,9.819594691878422,9.819609108078938
50.056685561853946,0.02367204764580063,0.031867366403664804,9.856165418714081,9.85624536301408
50.076692230743575,0.05037134845744674,0.0287224817534881,9.837337868491135,9.837508759465132
50.09669889963321,0.07451476485600708,0.021561659870110356,9.794296427104968,9.794603608996079
50.11670556852284,0.0049865357363022755,-0.012880478824696185,9.84879444225064,9.848804127302994
50.13671223741247,0.04397855085582613,0.006882356894650355,9.817915980627088,9.81801689153286
50.156718906302096,-0.014066407353368606,-0.02353446257227113,9.798159608740185,9.79819796968259
50.176725575191725,0.04740027934332063,0.0005125721826597973,9.818351570859628,9.818466001276054
50.19673224408135,0.042460366287033764,-0.04673963568397068,9.843369804731708,9.843572348946953
50.21673891297099,0.040336638797719655,-0.0316249596509181,9.823651352827268,9.823785069127247
50.23674558186062,0.0037627936476609543,-0.011292481676997182,9.864671784976542,9.864678966092649
50.256752250750246,-0.026734326559635552,-0.037748217257203044,9.842595916736965,9.842704609622798
50.276758919639875,-0.055781137514619064,-0.020200690829807057,9.825694801002065,9.825873901371391
50.2967655885295,-0.0016014883008439711,-0.006557039070220638,9.779217957517766,9.779220286922884
50.31677225741914,0.06132050168996732,0.016090493786575094,9.804608024579696,9.804812982590253
50.33677892630877,-0.012393796054562924,0.03797029207411637,9.812149924192527,9.812231218438152
50.356785595198396,0.031405063418402185,-0.018551374855124318,9.830898945036532,9.830966610615548
50.376792264088024,0.033758056020757245,0.053404184690744955,9.829119991238166,9.829323039530573
50.39679893297765,-0.011347448837086912,0.037544443145019736,9.815086212306548,9.815164578590432
50.41680560186728,0.05265379350078078,0.020163753277757674,9.813610497461315,9.813772465000358
50.43681227075692,-0.11634642977922015,0.0061459651718647566,9.831613706852282,9.832304020186518
50.456818939646546,-0.048910011149527,0.012764833674741655,9.784242413231102,9.784372986095724
50.476825608536174,-0.03662529185433839,0.047482046026655275,9.860865474577496,9.86104780763245
50.4968322774258,-0.03278860091469559,0.048943186390370944,9.748584993445096,9.748762993440087
50.51683894631543,0.01345051804743582,0.05339786913534573,9.85366228446516,9.853816147318515
50.53684561520507,0.011601512122156075,0.0016530732750801263,9.808644434147245,9.80865143448693
50.556852284094695,0.015759622887000314,0.02219868659994452,9.840077394428148,9.840115053988756
50.576858952984324,0.023843259765299482,0.053741860264882056,9.820915213028778,9.82109119752388
50.59686562187395,-0.038004182765825976,-0.02494864139665571,9.820381032327324,9.820486259483769
50.61687229076358,-0.04872704267229276,-0.01273667414873215,9.826627634280797,9.826756698441606
50.63687895965322,0.015852787280314518,0.0006414665205391338,9.834271628672633,9.834284426884313
50.656885628542845,-0.025209282945857562,0.03598394951917626,9.800135075202384,9.800233560726076
50.676892297432474,-0.06281900181471882,0.036606886028744914,9.841043973915788,9.841312554107708
50.6968989663221,0.03885377138165926,-0.009234564447917412,9.777465881292636,9.77754744056876
50.71690563521173,0.05580407626009191,-0.0603443781751884,9.809840082800216,9.810184401376885
50.73691230410137,0.06228643558794637,0.009847357771838691,9.835079097728169,9.835281258260126
50.756918972990995,0.007480308858988811,-0.03673264549313605,9.839850527388478,9.83992193280073
50.776925641880624,0.025037283838916104,-0.0595974481856089,9.823823665447842,9.824036346188125
50.79693231077025,0.054794728934476435,-0.05055486242934866,9.798198226861329,9.798481859415915
50.81693897965988,-0.02565663160093737,0.013055240313822419,9.836901233351062,9.836943355369513
50.83694564854951,0.04442710736216368,0.054441494437312284,9.789919012826438,9.790171189610819
50.856952317439145,0.011015849365728348,0.0015557806494497536,9.862542272212467,9.862548546930887
50.87695898632877,0.036548466093703644,0.008455226185838589,9.807459873075011,9.807531618261557
50.8969656552184,0.007443720835037411,0.047315797555117015,9.763811229173822,9.763928713003745
50.91697232410803,0.05185026838992007,-0.06177819636334217,9.774159495959504,9.774492255270008
50.93697899299766,0.008940950501661474,0.020807056864010864,9.811309309106388,9.811335445960905
50.956985661887295,-0.059359162378696706,-0.0004635913727528486,9.814194758139783,9.814374278362001
50.97699233077692,0.05807706529258888,0.022642298353282686,9.869089700548534,9.869286556619016
50.99699899966655,-0.03790122963888448,-0.019339356336152642,9.778845019871573,9.778937592426834
51.01700566855618,0.05012232840975657,-0.03271749161705929,9.81118386597912,9.811366445817418
51.03701233744581,-0.003609715257612882,0.005620356171424217,9.778217357787538,9.778219639309869
51.05701900633544,0.04704043940790826,0.06596765293337847,9.795220354403599,9.7955554373142
51.07702567522507,0.0453907445946706,0.03443640418165851,9.860519160902081,9.86068376473685
51.0970323441147,0.01720571897261485,-0.02030771080720366,9.775909913305322,9.775946147199505
51.11703901300433,0.020341412705085233,-0.05363888143925119,9.827611272722036,9.82777870275914
51.13704568189396,0.01690514468770264,-0.06728269134791141,9.821787220770432,9.822032221213759
51.15705235078359,-0.08055299025124311,0.05264397807401926,9.809274857209255,9.809746856924674
51.17705901967322,0.0047332087559280875,-0.0382032915254331,9.825583098695752,9.825658508421922
51.19706568856285,-0.0446425670428758,-0.01302053651979746,9.775199388541703,9.775309999120719
51.21707235745248,0.006847485749826517,0.05284844504310305,9.859689675234108,9.859833687143137
51.23707902634211,-0.04571770185532862,-0.06455605821915966,9.867745364853706,9.868062432844024
51.25708569523174,-0.047398077649043,0.05969058037900236,9.81141314093278,9.81170919693502
51.27709236412137,0.06419738007015607,-0.010145618155700076,9.882693183918407,9.882906900535033
51.297099033011,0.04277789552496759,-0.04594333260954955,9.798029162053503,9.798230258501158
51.31710570190063,-0.0001657033977661783,-0.009894037085956528,9.82201295981569,9.822017944506864
51.33711237079026,0.007390746009960956,-0.028903871256059106,9.852956671913235,9.853001838805254
51.35711903967989,-0.009916641029720355,0.01763279195622863,9.796229866193313,9.796250754570309
51.37712570856952,0.022795055039180917,-0.02592529735551111,9.768553528233618,9.768614526612394
51.39713237745915,-0.027042174661952197,-0.07646568843676171,9.761648488031435,9.761985427391549
51.41713904634878,0.039749610514718293,-0.008822501376359579,9.87182479691708,9.871908766246452
51.43714571523841,-0.010123473640564434,-0.05426180209146156,9.794129260480837,9.79428480282719
51.45715238412804,-0.01679387983324916,0.00817279535953279,9.804427897097446,9.804445686440742
51.477159053017665,0.0008685207393937081,-0.04748521329133297,9.77661707765037,9.776732433835676
51.4971657219073,-0.023645873197024422,-0.019520512126883435,9.838450178379876,9.838497959047203
51.51717239079693,0.013147293979859318,0.0073035121685734485,9.786553204223264,9.786564760513345
51.53717905968656,-0.02149450357253599,-0.008498349001370779,9.79526210917016,9.795289379235523
51.55718572857619,0.01874094411275344,0.010017211320041795,9.818985612582486,9.819008607166547
51.577192397465815,0.04864026155645906,0.027211486628710275,9.778078622182633,9.778237462939519
51.59719906635545,-0.028772867472326945,-0.046317347989252244,9.804642531914574,9.804794151498315
51.61720573524508,-0.005223018291806852,-0.0025759016249883165,9.852066287685098,9.85206800890709
51.63721240413471,0.01845322852141687,-0.13318015190032517,9.822847631925507,9.823767763670292
51.657219073024336,-0.017434294199256274,0.009893332067300952,9.813916268772852,9.813936741344834
51.677225741913965,0.018572822433066606,-0.012032565214993692,9.816445941283916,9.816470885736292
51.69723241080359,0.0222159544260696,-0.03933799053911885,9.798325947120704,9.798430098344813
51.71723907969323,0.04333047105177216,0.012628776891860963,9.869884569592648,9.869987762546131
51.73724574858286,-0.024239601843396477,0.0469079030874027,9.785635286083979,9.785777734136488
51.757252417472486,-0.037711009609218984,-0.019040709903957724,9.816327784858919,9.816418687519018
51.777259086362115,-0.012303095582549753,-0.03779257960966881,9.813450766990284,9.813531250338823
51.79726575525174,-0.038710093581884,0.006601010497548466,9.840262875213995,9.840341228737929
51.81727242414138,0.02257992816189988,-0.053424266665854425,9.84309521816381,9.843266098163955
51.83727909303101,-0.04647005200705645,-0.026415254821421565,9.809039435865389,9.80918507755783
51.857285761920636,0.09332065673010753,0.048896086466020096,9.818719994793392,9.819285203536955
51.877292430810265,0.05183711446295003,0.0024871691924915054,9.819856042617419,9.819993175668518
51.89729909969989,0.0005030307840125695,-0.07517867855784666,9.741835750332882,9.742125839528738
51.91730576858953,0.034695779719919044,-0.07187966589117604,9.762330311925668,9.762656585307182
51.93731243747916,-0.06547207457243166,0.006483427705871022,9.791848089278341,9.792069118980296
51.957319106368786,0.10093493325598232,0.03449562303670751,9.793152039708694,9.79373292884846
51.977325775258414,-0.02360858448801958,-0.06470485834504601,9.774021527341077,9.774264212762093
51.99733244414804,-0.004819896555974381,0.01798850429986034,9.832487477141209,9.83250511344024
52.01733911303768,-0.07423733148753747,0.05321374029958875,9.810063552630524,9.810488764082699
52.03734578192731,0.01945149218963579,0.07551435951834555,9.803559163578395,9.803869289868352
52.057352450816936,-0.044253766283084355,0.013248910394395052,9.772315341764779,9.77242452354318
52.077359119706564,0.004066230462641168,0.02027210378209897,9.808663654072657,9.808685445621544
52.09736578859619,-0.021770977316981525,-0.08532737710512577,9.731199457320042,9.731597896280078
52.11737245748582,-0.04310975739721374,0.08399010191983956,9.805111310675825,9.805565797196323
52.13737912637546,-0.03217446007050469,-0.023019608523844853,9.811895510064232,9.811975264883012
52.157385795265085,0.009031521363420848,-0.03733884633700166,9.817257449529645,9.8173326106519
52.177392464154714,-0.05125963891475298,-0.010208245377584984,9.763076947095621,9.763216848650107
52.19739913304434,-0.029952466840943083,0.060466936567417244,9.816744502100745,9.816976419458943
52.21740580193397,0.026530935250579115,0.08832184190174193,9.778757061904065,9.779191904959264
52.23741247082361,0.10409919499497253,0.0050163471790337765,9.78562590503123,9.78618087710195
52.257419139713235,0.019103552782120194,0.03992336690414621,9.83153794157468,9.831637560324138
52.277425808602864,-0.0366904656870915,0.001728161947420156,9.870423411700793,9.87049175588872
52.29743247749249,-0.014684566802892441,-0.04151181892072736,9.81154076276408,9.811639567727376
52.31743914638212,0.0012635602461031317,0.059069746831531635,9.785487136240793,9.785665502412662
52.33744581527175,-0.013976998025428296,-0.02488509921425556,9.8156601134253,9.815701609509382
52.357452484161385,0.03612232666947732,0.061421230934875296,9.838170874724975,9.838428916772248
52.377459153051014,0.008698939320568982,0.051941653190763354,9.828629926976182,9.828771024310889
52.39746582194064,0.03631409539639481,0.024561450558288324,9.892293386173913,9.892390530934275
52.41747249083027,-0.012577751611905176,0.07315899025017412,9.78853987292716,9.788821342816249
52.4374791597199,0.05302000878885027,0.08929384132742954,9.81756694439758,9.818116174661972
52.457485828609535,-0.006659423371261836,-0.00700973451857246,9.856467538602546,9.856472280883429
52.47749249749916,-0.03884759476551967,-0.03235176473665725,9.854584777110556,9.854714450533802
52.49749916638879,0.08709281524168885,-0.0745707934902589,9.751497662204269,9.75217168725427
52.51750583527842,-0.07299910987844467,0.08978729021721024,9.809899271398802,9.810581753520957
52.53751250416805,-0.029549549012197102,-0.017587280356737987,9.854535622975462,9.854595619951613
52.557519173057685,-0.025081114073215782,0.045401474284069585,9.896719289711974,9.89685521039423
52.57752584194731,0.10033225092226253,-0.02965021470037933,9.831113876512525,9.831670547204276
52.59753251083694,0.07227435536586047,0.0615306256364814,9.798964101189107,9.799423812486507
52.61753917972657,0.05975712574568791,-0.028004703672616534,9.779723905426879,9.779946566514724
52.6375458486162,-0.013226346495053273,-0.04766876534469373,9.876562300725926,9.87668619161061
52.657552517505835,0.09704712015367101,-0.008340257238150014,9.831862247593973,9.832344733535564
52.67755918639546,0.014734080153638848,-0.021271028038465492,9.784557992193438,9.784592206747723
52.69756585528509,0.03909053481212489,0.023851991418448498,9.803905309009988,9.804012254961778
52.71757252417472,0.007187815244248278,-0.002055797087700945,9.819305595504861,9.819308441479102
52.73757919306435,-0.0019786628529300607,0.02510809578207686,9.826314199616643,9.826346476751578
52.75758586195398,-0.01007114695705517,-0.011640858923411759,9.783011440273627,9.783023549911459
52.77759253084361,-0.008385599736766489,-0.02660429484075221,9.791574287456235,9.791614020863006
52.79759919973324,0.024339665947123154,-0.02334242191584294,9.760411963128812,9.760470223200691
52.81760586862287,0.01468799195101552,0.08179755192124105,9.841192868688143,9.84154376382721
52.8376125375125,-0.001258854808147356,0.009006837289077432,9.799751445996892,9.799755665890428
52.85761920640213,0.06038095970795418,-0.07935048837812178,9.8239896494755,9.824495661015016
52.87762587529176,-0.11867012274962922,-0.02080836053816324,9.85266775525729,9.853404359985865
52.89763254418139,0.020395489916847802,0.003874641299035025,9.816596104271218,9.816618056298564
52.91763921307102,0.028709548266359172,0.07381598725001515,9.806610885721529,9.80693071771629
52.93764588196065,0.045878514730206786,0.04114794863559598,9.815817644306518,9.81601110523363
52.95765255085028,-0.002594857642134445,-0.03686871345927661,9.811895808115507,9.811965419049997
52.977659219739905,0.008316802695358304,0.09673423014289805,9.84738494993634,9.847863577077067
52.99766588862954,0.03943793533258885,-0.0012464145920591046,9.819325151926165,9.819404429166894
53.01767255751917,0.0596466561712072,0.04985319244299778,9.793667969412633,9.793976483506999
53.0376792264088,-0.012021439407150726,-0.046200339895996104,9.841435471706694,9.841551256289767
53.05768589529843,0.010679031325102409,-0.09592652381003591,9.846914530690752,9.84738755784543
53.077692564188055,0.06714295857395029,-0.05633725961473443,9.769850081195386,9.770243224850672
53.09769923307769,-0.08496108303515404,-0.13001333904782825,9.855983516543043,9.857207156813184
53.11770590196732,-0.027600503992583406,0.08448357309011634,9.820941353196256,9.821343509157137
53.13771257085695,0.058633439144118525,0.00858131675545664,9.8184980985044,9.818676918481309
53.15771923974658,0.04370151334433213,-0.03698576073792125,9.840198738947896,9.840365287465588
53.177725908636205,0.02089780843706777,0.018104961199204836,9.792990708269873,9.79302974162121
53.19773257752584,-0.017943874924364805,0.0075733614472066335,9.838624935425727,9.838644213428587
53.21773924641547,-0.03527273995941678,0.024837335824559652,9.798696735907864,9.798791700088666
53.2377459153051,-0.02364862476969495,0.048381256045450745,9.76575147960869,9.76589995673053
53.257752584194726,0.0619203288327477,-0.011596846121000613,9.780067311626793,9.780270202500217
53.277759253084355,-0.025137707566213852,-0.035193572244039475,9.827010654987097,9.827105825475725
53.29776592197399,0.004056918569586315,0.033111008574876706,9.78163594980016,9.7816928316064
53.31777259086362,-0.03014830579446984,0.03209331111537863,9.85830228369569,9.858400621687084
53.33777925975325,0.03371096120396108,0.004029432324853797,9.84567850360319,9.845737040036369
53.357785928642876,-0.02154905121385765,0.08710216754723091,9.850003174980989,9.850411854147785
53.377792597532505,-0.0039037556061765704,-0.01751288491446609,9.813743357390322,9.81375975990693
53.39779926642213,-0.06733528532171303,-0.035994318865410733,9.817735848518849,9.818032736904684
53.41780593531177,-0.06453472944819759,0.016723657100264067,9.774188644372671,9.774415996252433
53.4378126042014,0.00030692773286025227,-0.02699751427653993,9.839873505304725,9.839910546360654
53.457819273091026,-0.05300628620791048,0.019820660965795826,9.821395003651112,9.821558040490403
53.477825941980655,0.08420346557338008,-0.0333203302335776,9.827019168758769,9.82743640076972
53.49783261087028,-0.08246092448448998,-0.01600969131727542,9.860649354343588,9.861007139415301
53.51783927975992,-0.03200701194656416,0.07563361680156662,9.791821110481575,9.79216551905026
53.53784594864955,0.0006680346907020168,-0.016223494269907154,9.80621575350368,9.806229196398606
53.557852617539176,-0.014605317511831379,-0.031954061760691856,9.819800127646266,9.819862978895594
53.577859286428804,-0.044165818266556765,0.04682715154826001,9.781936937836239,9.782148723947634
53.59786595531843,-0.03831711357981072,-0.04204167801146775,9.804372035361695,9.804537047289154
53.61787262420806,-0.03962616309996954,-0.027717729205882724,9.82478849431401,9.824907504059228
53.6378792930977,-0.011468867792802515,0.02306244482035978,9.800237361858816,9.800271208495353
53.657885961987326,0.07807716358069695,0.03753645695493167,9.849269682291874,9.849650669114485
53.677892630876954,0.0031174918623283884,0.04881905564324298,9.76467226314549,9.76479479690138
53.69789929976658,0.04731601957550096,-0.029888873288819392,9.843683137207,9.84384223035845
53.71790596865621,0.020279053833125667,0.023840346919444796,9.829835564244481,9.829885392121884
53.73791263754585,0.04455449591928882,-0.018644327981767187,9.792935142373302,9.793054243534165
53.757919306435475,-0.11199857210374344,-0.024226225340425293,9.7822677429531,9.782938862375063
53.777925975325104,-0.012178320845929179,0.04812851129169141,9.747591521482727,9.747717944974594
53.79793264421473,0.052285416926028554,-0.021982175834383447,9.786144749627585,9.786309112302813
53.81793931310436,-0.022869432909973345,0.011128183840839195,9.841415299650091,9.841448163132503
53.837945981994,0.07049892659478449,0.0062231787692255515,9.808317428211641,9.808572760558247
53.857952650883625,0.05935560615071046,-0.0428301750535401,9.844889426411756,9.845161518743643
53.877959319773254,-0.018765228645098494,0.038643714214252826,9.791403867881264,9.791498106746207
53.89796598866288,-0.02012654076185427,0.02241123574715815,9.831213184803197,9.831259330634046
53.91797265755251,-0.04054423369417875,-0.07945162447481684,9.788475041937469,9.788881449999804
53.93797932644215,-0.025183769274551907,0.011096844449493729,9.781032749813706,9.781071465597206
53.957985995331775,-0.04930356256675661,-0.03091893736666484,9.80678618348488,9.806958859430358
53.977992664221404,0.017152447217320226,0.04388301225650511,9.7900510046604,9.790164380594554
53.99799933311103,-0.058241859733857336,-0.05781599347123033,9.763715335528884,9.764060218811037
54.01800600200066,0.02414932064760887,-0.014259078745181763,9.80453055897849,9.804570668466695
54.03801267089029,0.025123147876009947,0.014480982039538631,9.813193062492939,9.81323590632364
54.058019339779925,-0.06644817620735691,0.0021736117656750075,9.848050758344883,9.848275169980102
54.07802600866955,0.06199274425313358,0.03051833026855886,9.838104170313992,9.838346819195387
54.09803267755918,0.020544371776608873,-0.060736879440371566,9.846598295976985,9.846807048077702
54.11803934644881,0.02998792085779476,0.06607657347469513,9.831610724951807,9.831878499856826
54.13804601533844,-0.03034660806171089,0.02100578635153086,9.8199783827685,9.820047739075495
54.158052684228075,0.02489516473892475,0.054388728520035845,9.773131652805844,9.77331469902064
54.1780593531177,0.04505573798888262,0.03496960676932967,9.814496165938058,9.814661883332311
54.19806602200733,-0.0039443359601870915,-0.00046440457820174123,9.827903813319924,9.827904615803213
54.21807269089696,0.08007689836993445,-0.05136792843644643,9.853723138481113,9.854182394474059
54.23807935978659,0.0017625853965175075,-0.022542127249948037,9.830588656251955,9.830614659452268
54.25808602867622,0.04563143201809898,0.0635825333145031,9.847211503038164,9.84752249815647
54.27809269756585,0.011720352290346202,0.05541751126625529,9.779040063259043,9.77920411005099
54.29809936645548,0.023420861314274708,-0.0247839992041476,9.800207471215558,9.80026679546177
54.31810603534511,-0.0668532907053909,-0.11273217144808716,9.82288052140984,9.82375486475769
54.33811270423474,0.014842149528614526,-0.00850758937220475,9.844828580722277,9.844843444782947
54.35811937312437,-0.02939900405029064,-0.01150811552516466,9.805643140624833,9.805693965214545
54.378126042014,-0.033855932231107506,-0.009990904481615335,9.807526621225525,9.80759014581905
54.39813271090363,0.06976412737863914,0.02114156807325606,9.830614209180089,9.830884483560112
54.41813937979326,-0.008550809922493956,0.03504850317286653,9.776223875185647,9.776290440227053
54.43814604868289,-0.040132073239019864,0.03961198188398097,9.858222136494703,9.85838340626319
54.45815271757252,-0.014365265124354988,0.01782836560541468,9.78362591720677,9.783652707414662
54.47815938646215,-0.05201800915687655,-0.07203082807690545,9.752442317293221,9.752847044099568
54.49816605535178,0.0573553787278508,-0.013647989307731825,9.810302010255677,9.810479164623292
54.51817272424141,-0.0278272297666606,0.0921635913419676,9.860953761071267,9.86142370858646
54.53817939313104,0.02117199735774677,0.014968669392099135,9.82759359391001,9.827627799301139
54.55818606202067,0.05424426856841301,0.014712782737754608,9.832532716290109,9.832693350428649
54.5781927309103,-0.020006107248589172,0.014379437590954317,9.811241572869214,9.811272507363652
54.59819939979993,0.02128089729091144,0.016615184900239593,9.805428675081865,9.805465845286315
54.61820606868956,-0.0412034421961772,-0.09532448724343694,9.763652718912207,9.764204980285838
54.63821273757919,0.09783078276454736,-0.009580972676442742,9.742218412262876,9.742714316314911
54.65821940646882,0.03745520538466489,-0.0015157132717875776,9.815888170153226,9.815959747205119
54.678226075358445,-0.007704257550432241,0.0512598159701365,9.849376475830207,9.849512875617512
54.69823274424808,-0.03091334923555855,0.0019069157848918379,9.820324011144843,9.820372852155701
54.71823941313771,-0.004559862113585054,-0.06586045546407765,9.82870798581156,9.82892970075035
54.73824608202734,-0.013599348894060767,0.017203566246870087,9.857511526369187,9.857535919157653
54.75825275091697,0.07811778215998028,-0.03215298592970981,9.819863005543231,9.820226354317416
54.778259419806595,-0.04902138888859609,-0.04867142564325671,9.806320346990772,9.806563656656083
54.79826608869623,0.005392056931608137,-0.033366361868663236,9.785444255830498,9.785502627476443
54.81827275758586,-0.0007335226653483984,0.02170016918658062,9.870666376889163,9.870690257486984
54.83827942647549,-0.004696412013794779,0.05035044959040274,9.825796433374611,9.825926560593508
54.858286095365116,-0.0043446661975336965,0.019317197807103472,9.78169194852242,9.781711987481732
54.878292764254745,-0.004642832404819338,0.02528092894468086,9.774864969965963,9.774898764812283
54.89829943314437,0.034922642653283986,0.018921810913520045,9.847591911807868,9.84767201359803
54.91830610203401,0.024359377859697405,0.004053087074418733,9.77887674910775,9.778907928856102
54.93831277092364,0.01675646445491146,0.027877225398510307,9.865615024725066,9.865668641043946
54.958319439813266,-0.12135957448581076,-0.09675101868277683,9.727306116087279,9.728544247830943
54.978326108702895,0.011991794966526553,0.004443534052193327,9.852677855933699,9.852686155609934
54.99833277759252,-0.0662255744068033,-0.041797001384890065,9.824606844334859,9.824918954463778
55.01833944648216,0.025852806525433016,0.046516102901765576,9.813557832691707,9.81370212768959
55.03834611537179,0.058979894702820584,-0.00588621220867442,9.804736246948748,9.804915407473128
55.058352784261416,-0.037049564503542035,0.0012379235307132075,9.866721895457822,9.86679153347183
55.078359453151045,-0.010471228893708271,-0.060202874970152136,9.831211765752037,9.831401670964853
55.09836612204067,-0.02397422820211988,0.04067323556051406,9.782903891733136,9.783017818168185
55.11837279093031,0.049417271030272034,0.025093124810952376,9.758432701319133,9.758590088622613
55.13837945981994,0.003801115410882922,0.022277915293620127,9.81531891639442,9.8153449345664
55.158386128709566,0.06913317522265333,-0.032520914086752895,9.809967865993878,9.810265365299854
55.178392797599194,0.016550168117895503,-0.030945593797525206,9.764403958878734,9.764467021297522
55.19839946648882,0.009698007225432776,0.008943978177836211,9.80833819423553,9.808347066585139
55.21840613537846,0.0027282713041134536,-0.027779936409922046,9.792781961007774,9.792821743714654
55.23841280426809,0.03271968397029347,0.017395718507093542,9.810278702049201,9.81034868904371
55.258419473157716,-0.06950744792981374,-0.08643650411066889,9.831777708349453,9.832403341043216
55.278426142047344,0.003413758220820397,-0.019501782256263707,9.854778298423922,9.854798185875927
55.29843281093697,-0.0028018577491185936,0.07187013861705965,9.83726667109108,9.837529604803791
55.3184394798266,0.029016753086310642,0.017579433119830592,9.788356777505093,9.788415572101462
55.33844614871624,-0.007508064234961475,0.0066717465812397075,9.821067453864876,9.821072589925956
55.358452817605865,-0.0415493773665068,0.07940906142685428,9.811893213644762,9.81230251193696
55.378459486495494,0.000294026996787966,-0.09343814475205743,9.770036131361074,9.77048293491409
55.39846615538512,-0.043313621154733736,-0.0326124445915243,9.82194698354077,9.822096628969062
55.41847282427475,-0.07701048850349942,-0.016046926869895565,9.865700170137531,9.8660137829953
55.43847949316439,0.02908489925941972,0.0343340493202156,9.810972798125611,9.811075986040896
55.458486162054015,0.023162462907786827,0.035026254529129455,9.762174519608239,9.76226483401688
55.478492830943644,0.018683637759742983,-0.034640268359305046,9.81090806013326,9.810987003910448
55.49849949983327,0.05211713687783244,0.039918172885701986,9.773588634030803,9.773809106164236
55.5185061687229,-0.026601275612157006,-0.0161325906928683,9.83590816520659,9.835957366861871
55.53851283761253,-0.0572445657108502,0.04846558502596667,9.825745949751754,9.826032226809472
55.558519506502165,-0.0028011910723217824,-0.041305707924882314,9.804872698395759,9.804960103943571
55.578526175391794,-0.013900011988236418,-0.004932463962646422,9.800065072024326,9.800076170900162
55.59853284428142,-0.03369182867080275,-0.019606692615062413,9.803632970951535,9.80371047057401
55.61853951317105,-0.0031939661395118386,0.04224121486262855,9.81024823483027,9.810339695986231
55.63854618206068,-0.02446420584818339,-0.020911248662646844,9.786832949359754,9.78688586611503
55.658552850950315,-0.07344021133427325,-0.0016979411604702405,9.768367407569958,9.76864361909677
55.67855951983994,-0.017647067631750415,0.020272455906521967,9.844160968400839,9.84419765970041
55.69856618872957,-0.045455006668154295,0.02181033932104478,9.798437970705091,9.79856767667029
55.7185728576192,0.009265922864436909,0.035478104298926866,9.815011293125075,9.815079787621897
55.73857952650883,-0.026241390329626198,0.00844499107378667,9.818558458535025,9.818597157033706
55.758586195398465,0.04446525896564207,-0.01672995661119325,9.819660614389656,9.819775538804262
55.77859286428809,0.06415464269071464,-0.013987949814350017,9.774785460087047,9.775005998547925
55.79859953317772,0.027175254920476247,0.0010268926083044812,9.759724795063445,9.759762682789198
55.81860620206735,-0.0620410472793328,0.009983699042975335,9.79233922425924,9.792540847438941
55.83861287095698,0.06020783995516158,-0.005886865913937455,9.821871345972509,9.822057644710613
55.858619539846615,0.0630288180149506,0.0007681368386218893,9.788161503975772,9.788364462454787
55.87862620873624,0.0007516204523176306,-0.06069015442288422,9.799352359389024,9.799540322037581
55.89863287762587,0.05291704641342128,0.026694211378187126,9.873818922412488,9.873996805109526
55.9186395465155,-0.022067005521867127,0.007244491555577195,9.754637283455864,9.754664933619084
55.93864621540513,-0.07464983739398358,0.040074816541643535,9.787348980122685,9.787715701217131
55.95865288429476,-0.030411377544863748,6.420296283397465e-06,9.866898122057219,9.866944988342727
55.97865955318439,0.06917203464179025,-0.06953590314087145,9.808662039840144,9.809152411090528
55.99866622207402,-0.059643196944458944,-0.014337847572266998,9.788820445035034,9.789012646327036
56.01867289096365,-1.914872274021966e-05,-0.00799719692473667,9.845063067510335,9.84506631561115
56.03867955985328,0.0013657557336084886,0.029716132217343955,9.811656913094433,9.811702008014535
56.05868622874291,-0.020518969758712473,-0.0828109417805358,9.79955074814868,9.799922119371148
56.07869289763254,-0.017740863993484603,0.0016471806779573956,9.815771067811125,9.815787238277803
56.09869956652217,0.002889965369448109,0.020547008631732245,9.790256735718518,9.790278723445281
56.1187062354118,-0.02248649367738909,-0.02645951541126079,9.779475268113359,9.779536914802998
56.13871290430143,-0.056882339886717245,0.002985120392673895,9.806592092170957,9.80675751580331
56.15871957319106,0.008601277717738241,-0.025081460365993784,9.77967009119772,9.779706036190438
56.178726242080685,0.042934663297798895,-0.02918291732881562,9.810320799353894,9.810458155163394
56.19873291097032,0.034782900746136845,-0.016336794005252682,9.820632197024231,9.820707382375858
56.21873957985995,-0.03238941869559246,-0.02842767969868043,9.83559181368155,9.83568622581953
56.23874624874958,-0.05004911661510703,0.027344732477453306,9.843837749565505,9.844002960596827
56.25875291763921,-0.011367515286191144,-0.02939807507341511,9.797827904951033,9.797878603159917
56.278759586528835,0.06271166039182656,-0.036116400281917094,9.824982438238173,9.8252489565612
56.29876625541847,0.025823923158381824,0.07071714667358134,9.82477570338619,9.825064142879096
56.3187729243081,0.028158587071769343,0.038429600472961414,9.81983456147448,9.819950129962326
56.33877959319773,0.03559427807141979,-0.074460534426368,9.795616217671487,9.795963883545465
56.35878626208736,0.016830662500743453,-0.03059073159410134,9.779157965626077,9.779220295132308
56.378792930976985,0.0048243419045431455,0.009698518868908433,9.825060056671997,9.82506602790814
56.39879959986662,0.026492275865918718,0.012950202689259735,9.758794123134209,9.758838675075484
56.41880626875625,-0.02184664416872079,-0.05961971462947574,9.80196481702295,9.802170477011186
56.43881293764588,-0.056578520454652836,0.04634261971289288,9.733391069530542,9.73366582947019
56.458819606535506,0.02891987738497293,0.03300897676726504,9.769907927299252,9.770006492308998
56.478826275425135,0.04950952422996901,0.019276065281613547,9.783685981846578,9.7838302392807
56.49883294431477,-0.04472927757424126,0.05426913962848484,9.84290172622888,9.843152962338225
56.5188396132044,0.03287685929663601,0.018091599702836723,9.830643240732128,9.83071486314242
56.53884628209403,0.0672306285355276,0.01794323517007389,9.793381959484734,9.793629159890765
56.558852950983656,-8.984807028483917e-05,0.06230717087288969,9.831881093853893,9.832078520602675
56.578859619873285,-0.03272008738966985,0.04404878322910835,9.836628688901412,9.836781733002978
56.59886628876291,0.0049207469410702245,-0.03366029835646125,9.805180054548758,9.80523906549742
56.61887295765255,-0.022021358728028052,0.025327807146876612,9.76846865567359,9.768526312342743
56.63887962654218,-0.024669204398256067,-0.026570714598343283,9.803762630698017,9.803829674754189
56.658886295431806,0.017327362690861707,0.02016618203801112,9.807063227844836,9.80709926876149
56.678892964321435,-0.06414917900119582,0.019064540280792578,9.773026368275094,9.773255494913807
56.69889963321106,-0.057757156899689084,-0.05533869249823944,9.8210114037879,9.821337141825063
56.7189063021007,0.0007716352149577123,-0.0048738244524414095,9.81839435562907,9.818395595627347
56.73891297099033,-0.0008923415564972475,0.01061028094321609,9.823351280996826,9.823357051649763
56.758919639879956,0.01374218308159743,-0.01745160763976628,9.818367692915023,9.818392819575031
56.778926308769584,0.07500901553933555,0.01258839769563039,9.83189529105345,9.83218947307301
56.79893297765921,0.004180561443032845,0.03223591108004275,9.80462015916381,9.804674043360059
56.81893964654884,0.023926886013391782,-0.0012237225692302246,9.81605355322113,9.816082790659234
56.83894631543848,-0.039021317424585276,0.00898397906833038,9.798067791472635,9.798149612114875
56.858952984328106,0.030717506540661486,0.055336963142239,9.792465023531342,9.792669553384439
56.878959653217734,-0.021055634604427113,0.018927863329009045,9.850147488922863,9.850188178775682
56.89896632210736,0.002856833303243727,0.008032971586978946,9.748686938954206,9.748690667154506
56.91897299099699,-0.004353945002766468,-0.03832317518565443,9.836302799674629,9.836378418375348
56.93897965988663,0.04131896939656124,0.026841040455553952,9.79138377373663,9.791507744125912
56.958986328776255,-0.05239906217499998,0.013205997975677541,9.787498854670707,9.78764802648112
56.978992997665884,-0.09132954538460158,0.05134957734805633,9.817847324521964,9.818406385589112
56.99899966655551,-0.008537307883516981,0.0018751417321324524,9.76531171162947,9.765315623525442
57.01900633544514,0.018741250276204963,-0.07265066000535983,9.785519307841614,9.785806940513499
57.03901300433478,0.006090775032300001,-0.06800483475313047,9.784525810604611,9.784764028502584
57.059019673224405,0.049288169496556455,0.029427230550389333,9.803358052254447,9.803526120037233
57.079026342114034,0.017494906967186735,-0.022807743907926132,9.78587586935518,9.785918086484271
57.09903301100366,-0.022553933274394398,0.017470710044419892,9.85803356056918,9.85807484181997
57.11903967989329,-0.09301680616558722,0.0045693057800942445,9.86391049549494,9.864350118883646
57.13904634878293,-0.009492489367808731,-0.006673586707756829,9.749340194317558,9.749347099608766
57.159053017672555,0.041118360090311924,-0.0038544514235289346,9.826329681142973,9.826416466792136
57.179059686562184,-0.015681911306684584,-0.034615580201809076,9.835759903172328,9.83583331668382
57.19906635545181,0.001132810547110568,-0.0006311075559868297,9.826289556071734,9.826289641635897
57.21907302434144,0.016854410172268342,-0.02337973731177595,9.79025659520725,9.790299019093242
57.23907969323107,-0.04061169496999264,-0.014890260805028192,9.802677133135244,9.802772567295836
57.259086362120705,0.024929435865552695,-0.012945961788366442,9.787551760356669,9.787592070389945
57.27909303101033,0.06548487160006823,-0.009067730795948772,9.797392079065236,9.797615120174935
57.29909969989996,-0.006912534075736253,0.03688693826028345,9.773701049139985,9.773773100870596
57.31910636878959,-0.045162576873292073,-0.005191633168187739,9.806556335350963,9.806661703649052
57.33911303767922,-0.0026640410808789483,0.040948093463603945,9.764915948660848,9.765002167326138
57.359119706568855,-0.08897536434435475,0.061514198053059264,9.803995963373156,9.804592671899199
57.37912637545848,0.013476130559064641,0.03419778604224598,9.772542549327008,9.772611676162716
57.39913304434811,0.018090975105943152,0.021378741402740445,9.816204490853742,9.816244441751714
57.41913971323774,0.06702545175382249,0.013073288379340811,9.789617413171714,9.789855587204883
57.43914638212737,-0.007759791702665004,0.0346143483620028,9.818717410436237,9.818781490260566
57.459153051017,0.016339413525858812,0.00357442954384958,9.842447421850943,9.842461633396455
57.47915971990663,-0.034451524095436045,0.039382793838287945,9.857683408083142,9.85782227908176
57.49916638879626,-0.014257084821003147,0.02456423221158737,9.734159862329387,9.734201297043132
57.51917305768589,-0.06100741746648792,-0.014393618431215513,9.784974177183788,9.785174946284354
57.53917972657552,-0.007791584851329424,0.035834035204112234,9.80090741768664,9.800976022669298
57.55918639546515,-0.012212366140742595,0.003659200239102742,9.823809834551446,9.823818106879974
57.57919306435478,0.011967990643555835,-0.004245280304492642,9.760489364875365,9.760497625482525
57.59919973324441,-0.024943875213305572,-0.01904796641595949,9.780537227795994,9.780587583894874
57.61920640213404,0.0033338140390036758,0.00664075391498289,9.813910716079715,9.813913529123479
57.63921307102367,-0.013335202224306626,0.039858504616519345,9.812546647245801,9.812636660571075
57.6592197399133,-0.013259975531980571,0.035557600223721494,9.821328552192604,9.821401870405184
57.67922640880293,0.003214493038521206,0.014135751898358272,9.823310271806644,9.82332096842148
57.69923307769256,0.0016209176926803967,0.023985745629001413,9.820157832993477,9.820187259328138
57.71923974658219,0.03044696156206554,0.050867871660902314,9.815809659498946,9.815988683232499
57.73924641547182,-0.0048257213651933945,-0.005998651646834442,9.811672193199792,9.811675213653288
57.75925308436145,-0.013995413964920128,-0.04461680014120825,9.829942892691731,9.830054109924705
57.77925975325108,-0.007232297803489047,0.05204519408714291,9.742820320003073,9.742962013485625
57.79926642214071,-0.0285865646736397,-0.021191130081228735,9.856330004609138,9.856394240057178
57.81927309103034,-0.014396443742666862,-0.027613524933756187,9.74386553847359,9.743915301161282
57.83927975991997,0.08124634852292925,-0.07184791021338206,9.777625145492866,9.778226658097303
57.8592864288096,-0.036507150427834686,0.022851322126571857,9.803197176100497,9.803291785337212
57.879293097699225,-0.011146253355172376,-0.06485810498208885,9.830178386732696,9.83039866575778
57.89929976658886,-0.015499546530787616,-0.030010352307669474,9.720141993276012,9.72020067831092
57.91930643547849,-0.009886864489775979,0.02352947178060235,9.809156270281745,9.809189473189893
57.93931310436812,-0.013249572355135802,0.02887685009633488,9.833771851182473,9.833823175385442
57.95931977325775,0.011169604048839989,-0.026068165928729348,9.839835543480854,9.83987641345554
57.979326442147375,-0.06840700405567178,-0.005366133079696212,9.789080110245077,9.789320595341838
57.99933311103701,0.04148685890128018,-0.03490378105624613,9.800974941391349,9.801124896417486
58.01933977992664,0.025303311985687894,-0.02193587151244731,9.791515556133222,9.791572821873682
58.03934644881627,-0.04971486344252539,0.01064861040611628,9.798219760394218,9.798351669211023
58.059353117705896,-0.09076309091809606,-0.020065867151858305,9.779045203478148,9.779486983956089
58.079359786595525,-0.03908288584565605,-0.009768601607026767,9.783322435125873,9.783405376819497
58.09936645548515,-0.009706658457084901,-0.058588267264702676,9.823031307660852,9.823210823125235
58.11937312437479,0.103211675947631,0.0453182465922455,9.813948461198184,9.814595803831164
58.13937979326442,0.021730278598970934,0.02040266372684263,9.824747595227715,9.824792811231589
58.159386462154046,-0.0723035859672583,0.03171621487348807,9.816420431691025,9.816737941829283
58.179393131043675,-0.02758622019603776,0.05161701298467449,9.831130158034428,9.831304364111011
58.1993997999333,-0.0021284974509193292,-0.03300851502182866,9.83634641994465,9.836402034571547
58.21940646882294,0.010147342171923876,-0.014335779321120947,9.757748501404018,9.757764308476315
58.23941313771257,-0.05258995441241692,-0.07579337470328844,9.78437071048757,9.784805595370868
58.259419806602196,-0.005399609119082456,0.12561691640408948,9.803058721275299,9.803865006120658
58.279426475491825,-0.02870556550442163,-0.005983412612695047,9.80931967423538,9.809363500353056
58.29943314438145,-0.04415034250409266,0.04154911599659648,9.789897282785459,9.790085004190384
58.31943981327109,0.010383825867958156,-0.04952644577341835,9.83736071012965,9.837490860675455
58.33944648216072,0.03095508693771289,0.03985553702572038,9.869398451048719,9.869527469276418
58.359453151050346,0.03364165107846478,0.07430363506598663,9.815584858667453,9.815923741990515
58.379459819939974,0.022975454045355042,-0.002411229961119258,9.812530230965947,9.812557425011033
58.3994664888296,-0.019894781325610515,-0.04043525986358405,9.83548368765313,9.835586926190784
58.41947315771924,0.02858199045854023,-0.005551856037821441,9.754024807343898,9.754068263835567
58.43947982660887,0.012362177524171515,-0.08907046099828905,9.810854068213153,9.811266173039552
58.459486495498496,0.005357675318080527,-0.001515468040873676,9.839371074764026,9.839372650135331
58.479493164388124,-0.024467724868071934,0.03283868557251983,9.790705380083967,9.790791024653497
58.49949983327775,-0.019875045093661132,-0.001430305774940569,9.773203182602941,9.77322349645358
58.51950650216738,0.0029554774449821607,-0.011365582187558697,9.804425831697007,9.804432864809312
58.53951317105702,0.09759497867942006,0.021102724644481322,9.808179437003943,9.808687678446992
58.559519839946645,0.012049699203655607,0.024160993877982106,9.782740431542537,9.782777688356878
58.579526508836274,-0.02444754009001144,-0.06639622250020731,9.872884838281529,9.873138364803161
58.5995331777259,-0.03329557779877771,0.0035529184911515387,9.795639108569762,9.795696338906804
58.61953984661553,-0.019670664506248114,0.09743940496916974,9.775390219457204,9.775895627273362
58.63954651550517,0.08709173790196262,-0.05340064982592096,9.807191360427883,9.807723435143545
58.659553184394795,-0.015970265837838483,-0.0034167533133226593,9.837235819131136,9.837249375958239
58.679559853284424,0.0362748213844114,0.07766984488206811,9.810522427469948,9.810896940003056
58.69956652217405,-0.015037129818854257,0.04416700626174702,9.82456781760132,9.824678602497023
58.71957319106368,0.010447381651185146,-0.02053586723104246,9.783854682170006,9.783881812013382
58.73957985995331,0.03166981096034889,0.008245415184904152,9.854630653392105,9.854684991341587
58.759586528842945,-0.02287611399239696,-8.446719939293656e-05,9.826851330837554,9.826877958034785
58.779593197732574,-0.025644466166110786,-0.029922872172866696,9.84143104706633,9.841509948736784
58.7995998666222,0.0663547877782132,-0.002970084299723296,9.820954818974256,9.821179426911796
58.81960653551183,0.03938371579583188,-0.011198645312261168,9.834746521131864,9.834831753601177
58.83961320440146,0.03162689274762913,0.004509957523069987,9.783808423209683,9.783860580677265
58.859619873291095,0.03149105172491656,-0.029935327227641334,9.795257687499314,9.795354050501155
58.87962654218072,0.018383019532442618,-0.051064728009786446,9.850394417866681,9.850543930636162
58.89963321107035,0.0807110325270026,-0.0016512309356948314,9.856792258418519,9.85712283696183
58.91963987995998,0.0017563320750862718,0.0686047287271512,9.775588032008429,9.77582891958797
58.93964654884961,0.023090494688036776,0.0032881170505118596,9.817492082035916,9.81751978676369
58.959653217739245,-0.058036517143760506,-0.013263751157261814,9.797071685985443,9.797252563078825
58.97965988662887,-0.032998427463649636,0.030163432201539938,9.789089055919055,9.789191145011495
58.9996665555185,-0.04803275999340162,-0.0063327845038151425,9.818545190860664,9.818664721598617
59.01967322440813,0.050962543340645976,0.0747213169983644,9.844228887970964,9.844644374216864
59.03967989329776,-0.10210160608082999,-0.00015650037180314088,9.823549874198527,9.824080460446288
59.059686562187395,-0.016092400910108905,0.028019882526326537,9.800414626502429,9.800467893450117
59.07969323107702,-0.11974826410642492,-0.030184175295730916,9.825445835398055,9.826221888169215
59.09969989996665,-0.0332515158192756,0.0201235701334665,9.799200714792573,9.799277793295303
59.11970656885628,-0.019637957989274656,0.011003739077750166,9.822363429021918,9.822389223781295
59.13971323774591,0.05539484375176176,-0.0022602449863683215,9.851893971013672,9.852049965033531
59.15971990663554,0.01586511756885829,-0.020070310446788812,9.747685210220975,9.74771878322706
59.17972657552517,-0.033325660933158655,-0.02552120662609498,9.8339175689562,9.834007152971251
59.1997332444148,0.042638548789273034,0.011294106559186102,9.763828352352887,9.763927985032248
59.21973991330443,0.0007132901811903011,0.025157564387858943,9.846849831316334,9.846881994434753
59.23974658219406,0.0015026743482900928,-0.005086511851765257,9.790889231703815,9.790890668275626
59.25975325108369,-0.048106860310879684,0.011490717164831696,9.773469858671806,9.77359500823296
59.27975991997332,-0.039600548556125575,-0.001516587125310784,9.830858076812662,9.830937952703964
59.29976658886295,-0.03300389199782098,0.003941040996215514,9.820925101894273,9.820981348404455
59.31977325775258,0.001858450926167583,-0.008017799307089,9.78002439291115,9.780027856038176
59.33977992664221,0.003115429079226992,0.00071890317473233,9.772410007284948,9.772410530324803
59.35978659553184,0.061763706540961805,0.10792161827269706,9.804375555375263,9.805164040543955
59.379793264421465,0.015402206717513373,0.012465371952296996,9.773877391494864,9.773897476311285
59.3997999333111,-0.10830262774688432,0.025811878337241717,9.778155810812292,9.77878963741231
59.41980660220073,0.01050567951486762,0.01752094421312388,9.813468623712643,9.813489887974649
59.43981327109036,-0.05800065424670131,-0.01051267293188238,9.781023850972348,9.781201468402292
59.45981993997999,-0.03863883698446146,0.051759568531666716,9.822796178700797,9.823008540205851
59.479826608869615,-0.0324867788690532,-0.01164655081705365,9.854704307876505,9.854764737355579
59.49983327775925,-0.02653353294049207,0.042202181957702055,9.805543337552983,9.805670053451829
59.51983994664888,-0.055005975681612126,-0.01336827992265795,9.813904531859569,9.814067787045419
59.53984661553851,0.008139280138091506,-0.038398900765761634,9.870542901985065,9.87062094821744
59.55985328442814,-0.05643209140363837,0.014615848329447718,9.77437196647868,9.77454579727605
59.579859953317765,0.014266704289993878,-0.044186734244084265,9.845737055855423,9.845846544578027
59.5998666222074,0.08947884308246519,0.02142560900066437,9.842125727937376,9.842555784175532
59.61987329109703,-0.05317436235736255,-0.04776634624365267,9.835629520175214,9.835889242706411
59.63987995998666,-0.011380412173568886,-0.012760321218914133,9.848752435521979,9.84876727696309
59.659886628876286,-0.10093829450049879,-0.05726918786098966,9.81841724897876,9.819103094184243
59.679893297765915,-0.012037411718805327,0.11296668037610917,9.792512115132023,9.793171084748982
59.69989996665555,0.02570868610525935,-0.06615838238465258,9.842837198736618,9.843093110853637
59.71990663554518,0.02882556925429068,0.0003925496158561729,9.843985266351387,9.844027478206327
59.73991330443481,0.003094549211363868,0.04573217097320055,9.843159417044799,9.84326614072049
59.759919973324436,0.03557053699035903,0.04145543634348101,9.811335062469578,9.81148712093886
59.779926642214065,0.10184218143771168,0.03405368488692549,9.7885141645916,9.789103178217337
59.79993331110369,0.06849218749750398,-0.012689135528859022,9.815740867623349,9.815988028427899
59.81993997999333,-0.020900837176385478,0.05404355785348008,9.838266900527035,9.838437536374665
59.83994664888296,-0.058044159458669545,0.036535643632087306,9.8407305536958,9.840969556306172
59.859953317772586,-0.016246056662952143,0.008491984706419063,9.797109716187762,9.797126866545211
59.879959986662215,-0.03787931062469393,0.009623230309063684,9.819461186883823,9.819538963182174
59.89996665555184,0.018053901914585307,-0.012156905904614903,9.770736650865421,9.770760893313291
59.91997332444148,-0.047247741577179925,-0.036386081033321534,9.839548503090176,9.839729215818961
59.93997999333111,-0.002912897303613683,0.04948603901914866,9.78650073729825,9.786626284586925
59.959986662220736,0.03352056218145242,0.052488319744061276,9.833557660787147,9.833754873893497
59.979993331110364,-0.0040278349126870805,-0.035364365641196854,9.775520862678295,9.77558566012645
60.0,-0.03785255290991186,-0.0061514066058476705,9.840942477193021,9.841017198185712
