time_s,accel_x,accel_y,accel_z,magnitude
0.0,0.19868566120449307,-0.5723422673632172,9.475775592530074,9.495123735000371
0.020006668889629875,0.12416968945732604,-0.16795032289886924,9.677167677652362,9.679421453999272
0.04001333777925975,0.6088765624546684,0.054200903295937186,9.639554076131352,9.658916667664407
0.060020006668889625,1.1115059329306967,0.8286571576128505,9.812064368213454,9.909526996268148
0.0800266755585195,0.5355184905540358,0.5074266817104824,9.964380623795638,9.991653672286231
0.10003334444814937,0.6303352625446891,0.01019374237895243,10.329139341192137,10.348359579438382
0.12004001333777925,1.413576298390021,0.6176957671578186,10.027586032367967,10.145552111574602
0.14004668222740912,1.1069053080062057,0.05802308060803896,9.69017285757036,9.753361269242973
0.160053351117039,0.5894013301448332,0.8854906579883122,10.545257754225656,10.598771095576005
0.18006002000666887,0.9318534983168445,0.4450809835949347,9.984459299788197,10.037722626841717
0.20006668889629875,0.4306587285069394,0.5707440482240101,10.244877650196338,10.269797163357941
0.22007335778592862,0.299525177643278,0.9953899137829387,10.417576632112027,10.469308444134676
0.2400800266755585,0.4276262624887696,0.19674424281383546,10.358565108137752,10.369254728136413
0.2600866955651884,-0.6063127913646886,0.1357618000665632,10.635753914222015,10.653886980403849
0.28009336445481825,-0.7109156729024824,0.3392187840872468,10.45365807823348,10.483293265671437
0.3001000333444481,-0.4247434395299412,0.7735330095297381,10.047628948430441,10.086307936583795
0.320106702234078,-0.7736534925718889,-0.05655690436894434,10.949313080021756,10.976757049982295
0.3401133711237079,-0.3927274918148119,-0.5222397415558186,10.337556396331411,10.358187171403108
0.36012004001333775,-1.0051120094292436,0.11278335787406732,10.212566357565084,10.262528043566185
0.3801267089029676,-1.2975755727497962,0.32874187546252,10.517745787681315,10.60258223462415
0.4001333777925975,-0.19979552572923553,0.43467979810308727,10.269851412298975,10.280987929653435
0.4201400466822274,-0.8896933378537434,-0.1546598135485716,10.27630977937272,10.31591084562966
0.44014671557185725,-0.7449467117716714,-0.22909523369784923,10.86129087399982,10.889218047183842
0.4601533844614871,-1.2750779557559588,0.1529469965779933,9.984311345815524,10.066562950043954
0.480160053351117,-0.8202023857276377,-0.8373132932372156,9.921447577958755,9.99044281034473
0.5001667222407469,-0.42463795506425717,-0.4698372929650338,9.999033657923531,10.019068747494924
0.5201733911303767,-0.7720520981128032,-0.3650205851816192,10.230829347235831,10.266409966588547
0.5401800600200066,0.011865047128662987,-0.346661168030059,9.401458227232627,9.407854779021804
0.5601867289096365,-0.19837276283145525,-0.6827138422594154,9.207240395121255,9.234648105748189
0.5801933977992664,0.10336690205914364,-0.5557526038867073,9.564428711263044,9.581119049777067
0.6002000666888962,0.14630556240239273,-1.3360394809972895,9.194930344886245,9.292639606682446
0.6202067355785261,1.2751145925923228,-0.7970827286111788,9.503798633984417,9.622029233785158
0.640213404468156,0.6487858068608412,-0.4600044471538483,9.730424256064962,9.762872698012751
0.6602200733577859,0.3177313081087358,-0.8736567055115345,9.263820916153596,9.310349466577643
0.6802267422474157,1.1186977770867408,-0.5310353503957004,9.057935511432522,9.142192241967953
0.7002334111370456,0.309948536531796,-0.37196842680628334,9.465865382526564,9.478240134431799
0.7202400800266755,0.8497409264641911,-0.554601732195503,9.667574058371578,9.720680577899964
0.7402467489163054,-0.0888237844758063,-0.33624268574862193,8.86919531961964,8.876011177661448
0.7602534178059352,0.05718520260837101,-0.6029483629703374,9.598160911856995,9.617250634443582
0.7802600866955651,0.5306197488242543,-0.2957243842667254,9.577541667412168,9.596786682025838
0.800266755585195,0.5876408774240947,0.03502008041396745,9.604941134835828,9.62296432553469
0.8202734244748249,0.18628140097585044,-0.011894315650717815,9.676906975961995,9.678707085996365
0.8402800933644547,-0.10904747586597344,-0.14454734601713057,9.97098991636093,9.97263381456497
0.8602867622540846,-0.3605509463305847,0.188361776721569,9.208968966013693,9.217949151564728
0.8802934311437145,-0.996598767017107,0.4224143073973987,9.360397727994082,9.42277499337381
0.9003001000333444,-0.8375515356261605,-0.3247412281026298,9.220493254761193,9.264148385100274
0.9203067689229742,-0.8502738781318517,0.7135813132790132,9.369856377632633,9.4353787680176
0.9403134378126041,-0.3256203199879872,0.3322913576576773,9.858599082072294,9.869570507382768
0.960320106702234,-0.6553157073031801,0.6182855025390801,9.029964844872321,9.074799212022175
0.9803267755918639,-1.5018577672811442,0.8961401470957768,9.214700685486239,9.379197867594014
1.0003334444814937,-0.6302739331745046,0.15959613872782819,9.93002491160874,9.951286896854409
1.0203401133711236,-0.8384660947206699,0.37942755845583487,9.870484546819691,9.913296921464534
1.0403467822607535,-0.8448351787231467,0.513405680618644,9.50627633898995,9.557542660398637
1.0603534511503834,-0.18976310318762318,0.3589283657877795,9.924769161053707,9.933070145091154
1.0803601200400132,0.1397464153419235,1.0951275890977592,9.825855902616606,9.887683131855995
1.1003667889296431,0.27553877373621005,0.2851560266154489,10.22972221456861,10.23740456183039
1.120373457819273,-0.25203645717491013,0.3307506991428636,9.858529573858075,9.867295665954428
1.1403801267089029,0.13632491508247224,0.5026614261067004,10.200068501299297,10.213356471942314
1.1603867955985327,0.5556192248278706,0.014606188777819329,10.740131324383071,10.754503564960281
1.1803934644881626,0.9548655074863884,0.1819306037298914,10.180347966820543,10.226649089878265
1.2004001333777925,0.4857255874408431,0.3144266624445004,10.066666079297299,10.083281183445475
1.2204068022674224,0.6813458450573799,0.03291025395929882,10.316458640895608,10.338986127019528
1.2404134711570522,0.3527685618626698,0.015314623870579972,10.034292816781802,10.040503599365016
1.2604201400466821,0.3159684215411877,-0.20589075591751915,10.90015099847417,10.906673133285006
1.280426808936312,1.0781087323480214,-0.5907845029703818,10.272886746781303,10.346185136556855
1.3004334778259419,1.2158487222892993,-0.1262188839109326,10.16686247860421,10.24008359248099
1.3204401467155717,0.530475387573859,0.22258744334157038,10.022303098300924,10.03880016241818
1.3404468156052016,0.8181072044456421,-0.3726657291564186,10.620523188952093,10.658503269724257
1.3604534844948315,0.3975199642588296,-0.3763115016298476,10.563706106501737,10.577878765271672
1.3804601533844614,-0.18190194748611144,-0.29169695077589464,10.160225846728006,10.16603977397841
1.4004668222740912,0.040102669032607285,-0.9245911994954403,10.481864151361854,10.522640029852429
1.4204734911637211,0.335482680460466,-0.06496552769406794,9.849479297758512,9.855405196421454
1.440480160053351,-0.45507797480101814,-0.5338736284210829,10.344363352810879,10.368122790035292
1.4604868289429809,0.04656364058274043,-0.1103638402099032,10.405402369816903,10.406091813339021
1.4804934978326107,-1.7362056745168015,-0.8115542752162441,10.756601608540333,10.92600149417428
1.5005001667222406,-0.4334704568655297,-0.024512063931969474,9.982430000599168,9.991867002473347
1.5205068356118705,-0.7624778283270531,-0.3027262082729527,9.794281475214143,9.82857900266303
1.5405135045015004,-0.9113185371712059,-0.3225461325939793,9.868568009639512,9.915804155222286
1.5605201733911302,-0.709068494963351,-0.3603424476446281,9.691451483953403,9.724034999728596
1.5805268422807601,-1.4568380149036704,-0.4374215117247269,10.445033859772966,10.555209467954285
1.60053351117039,-0.6319776911092776,0.07322463392119122,10.457250691898418,10.476585783655029
1.6205401800600199,-0.2558236714928148,-0.16238208428792855,10.035010670640537,10.0395842967756
1.6405468489496497,0.35825332007893873,-0.7075218376602151,10.249972289017958,10.280606232987902
1.6605535178392796,-0.26257450067102306,-0.36280138116070904,9.867468592927276,9.877626569322254
1.6805601867289095,-0.19820848330898191,0.006984188427784768,9.742223903870597,9.744242503904102
1.7005668556185394,0.09855936722595715,0.24469608608115845,9.614824183575942,9.618442400123223
1.7205735245081692,0.8242398453004554,0.2202330506585587,9.566814285027437,9.604780553629965
1.7405801933977991,0.7250433468664734,0.6830266261379327,9.142705987333388,9.196808468032293
1.760586862287429,0.4868438553790789,-0.19507657903404252,9.636032697288366,9.650295226282898
1.7805935311770589,0.9736377109683781,0.4973856518560586,9.497603856222987,9.560326453036724
1.8006002000666887,0.8375749877706111,-0.03734730568192712,9.69009955955569,9.726302285837205
1.8206068689563186,1.175895154791176,0.778158783228805,9.455727769038036,9.560284940792013
1.8406135378459485,0.4571145138904777,0.5516091551945034,9.344927408436812,9.37234733713264
1.8606202067355784,0.5187494542877481,0.7223599052060463,9.103770683206088,9.147105852747949
1.8806268756252082,0.3717220206902905,0.3402952122647118,9.363852714499307,9.37740453169172
1.9006335445148381,-0.2050360341921963,0.972668056545816,9.546737218176967,9.598349568361591
1.920640213404468,0.33123142478836953,0.8773412017604119,8.97152141321824,9.020401227711943
1.9406468822940979,0.13877107913763467,0.7030542551539585,9.33635741244494,9.363819329259332
1.9606535511837277,-0.14379110438628226,0.44031142155329056,9.382011819748813,9.393438977049744
1.9806602200733576,-0.41242204039731456,0.593416762743034,9.10502925659647,9.133662636488584
2.0006668889629875,-1.0412445802495183,0.13815818161811827,9.158700907944837,9.218735286373972
2.0206735578526174,-0.7756430574009727,0.5297048257099424,9.424922721646402,9.471609032465464
2.0406802267422472,-0.8457948411694906,0.6844934339770082,9.042202955415874,9.107432923795713
2.060686895631877,-1.0948139978045721,0.4231361314928181,9.51916559999958,9.591255162687462
2.080693564521507,-0.8641577807815041,-0.20693949662784222,9.182602201276763,9.225495965650989
2.100700233411137,-0.622997661603629,0.03008351530386215,9.81167211856959,9.831477043993567
2.1207069023007667,0.024881744794495453,-0.5547878007045568,10.23982731191401,10.254875522543152
2.1407135711903966,-0.567541404354812,-0.079842573953433,9.32938656385977,9.346974469859205
2.1607202400800265,-0.4096389777726205,-0.19537964550901646,9.799853987677118,9.81035756115856
2.1807269089696564,-0.3915886959017748,-0.9629990048528424,9.475725905187446,9.532580459683833
2.2007335778592862,-0.9600248879086253,-0.8129513896317111,10.06167795594542,10.14001484399634
2.220740246748916,-0.024013520580031034,-0.6011723936838079,9.4262323393871,9.445413755479713
2.240746915638546,0.19047608450891246,-0.6465787007570698,10.006457622599655,10.029134524370749
2.260753584528176,1.3229905450576513,-0.9466189629049606,9.656188171115103,9.792260282448911
2.2807602534178057,0.4148433582978782,-0.48127887291108606,9.910410789159839,9.930758600194155
2.3007669223074356,0.7414293415930633,-0.5231460942406664,9.71554210170423,9.75782545624187
2.3207735911970655,0.7042993866254522,-0.643889694282435,10.321151298935256,10.365172246514625
2.3407802600866954,0.3114734791873529,-0.7860670542306728,9.86956734464017,9.905719393985052
2.3607869289763252,1.2571237487766538,-0.2057348341133009,10.328493938197951,10.40675136500809
2.380793597865955,1.0810339665171371,0.027075716929485905,10.097406260337326,10.155145529115298
2.400800266755585,1.0371618989218265,-0.5531501471346657,10.199030340072191,10.266542736849797
2.420806935645215,0.2607386494915507,-0.5209988654102228,10.30502201713853,10.321477764099832
2.4408136045348447,1.057519125254398,-0.11159184126211508,10.053708495829161,10.109790005654052
2.4608202734244746,-0.2177378430984112,-0.28208703728734663,10.360888470717729,10.36701465068774
2.4808269423141045,0.4068602980104858,-0.12825424054155593,10.766164463972,10.77461283376844
2.5008336112037344,0.8686400255770156,0.22566708892799306,10.076566008905044,10.116454105114114
2.5208402800933642,-0.5830319367365755,-0.4789151078659679,10.658074962465564,10.684748374450958
2.540846948982994,-0.5830877121664619,0.5773705577525542,10.746150080671876,10.777434277107107
2.560853617872624,-0.46828138740432335,0.28754137316371753,10.03584000541055,10.050873201531747
2.580860286762254,-0.8352003864557419,0.22011130529606515,9.822117685123773,9.860020511777659
2.6008669556518837,-1.3474319910947767,0.38680824796334745,10.321433714339637,10.416198323324352
2.6208736245415136,-0.7560269025901891,0.46293350854148557,10.033453680535363,10.07254073559493
2.6408802934311435,-1.2247185932831637,0.004700561630943123,10.720130613377647,10.78986367364712
2.6608869623207734,-0.585931421896715,1.010496398115018,10.127396315865496,10.194536514249943
2.6808936312104032,-1.0791810233121286,0.599602327037871,9.829773955894968,9.906998064785178
2.700900300100033,0.008787310874057819,0.7319586151577587,9.676435771330098,9.70408418490961
2.720906968989663,-0.7931045490020252,0.8827706685237683,10.29501245912711,10.363183893593513
2.740913637879293,-0.4527842073002873,0.2756389802521621,9.74212243108869,9.756533187979038
2.7609203067689227,0.17380640714139367,0.6954933832916326,9.870739861310591,9.896738105205758
2.7809269756585526,-0.4638584791909545,0.4320537948819063,10.08783714692868,10.107734339274225
2.8009336445481825,0.29810666596425084,0.7136354526559674,9.599437761189026,9.630542480801463
2.8209403134378124,0.8980561049903749,-0.24174426464808346,9.675390285092817,9.719985711207048
2.8409469823274422,-0.11884565852790618,0.294511982227988,9.630197010724544,9.63543232364769
2.860953651217072,0.7202287168556403,0.06384636443082137,9.788398876181807,9.815067922438022
2.880960320106702,0.8396035644611647,0.289266370662151,9.71175607617995,9.752272312741791
2.900966988996332,1.1001513424531795,0.21187117560034502,9.423152003236979,9.489521381369078
2.9209736578859617,0.30427080168741794,-0.23176871330505522,9.467036079859666,9.474759606163698
2.9409803267755916,0.24176163643580362,-0.323029524535263,9.299792139539692,9.308540734251412
2.9609869956652215,0.9103622744019659,-0.22998925907486648,8.936524007373603,8.985717326085263
2.9809936645548514,0.7162539841107534,-0.5487251881352389,9.431070265196121,9.474133493302435
3.0010003334444812,0.5630731509056639,-0.10372710393637635,9.90126286661516,9.917803034905164
3.021007002334111,0.4432737296053335,-0.5355814105116222,9.054396057421188,9.081047682469693
3.041013671223741,-0.14103035820202378,-1.3557644204332941,9.079780677355238,9.181525138805696
3.061020340113371,0.04348874560409922,-0.6439783929056287,9.04902039262222,9.072010224179442
3.0810270090030007,-0.11005694201796518,-0.878886795538391,9.5325552855014,9.573618166659811
3.1010336778926306,-0.679312639280377,-1.0796134279327352,9.460989159924823,9.546588223018407
3.1210403467822605,0.20651593150076275,-0.970960613553097,9.296330688789094,9.349180585396613
3.1410470156718904,-0.4689637649950641,-0.5627911196841863,9.091894357641142,9.121359759804486
3.1610536845615202,-1.2201511593990508,-0.17937510053848676,9.424081506827408,9.504433519458296
3.18106035345115,-0.5282308317467836,-0.4532391196077935,8.961338872573897,8.988328426367984
3.20106702234078,-1.1876297374264144,-0.6859449180950067,9.512959885073327,9.611315757943562
3.22107369123041,-0.44915829439675464,-0.3125755647728995,9.774943709020837,9.790248779864816
3.2410803601200397,-0.22784058263406332,-0.5222214436119921,9.185472321448952,9.203126008882418
3.2610870290096696,-0.9115969634232985,-0.5192894987884092,9.151608083069293,9.211547161762443
3.2810936978992995,-0.06028089409099591,-0.5765719700078711,10.138266181372416,10.154826940285629
3.3011003667889294,-0.12010795839056693,-0.6699359433672722,9.535839350562755,9.560097918411989
3.3211070356785592,0.21855530964417585,-0.1722092755371698,10.116242845432168,10.12006876289446
3.341113704568189,0.8290215245937214,0.08259343311104173,9.785792085333028,9.821192651648746
3.361120373457819,0.14913804983401185,0.09580089939490948,9.839656653572787,9.841253122973333
3.381127042347449,0.11018076057766835,0.08677439858611755,10.075018214427994,10.075994324001343
3.4011337112370787,0.19926414426916472,0.009812163244765026,9.731839208388426,9.73388395532149
3.4211403801267086,0.34384297738462577,0.551314665663236,10.087941010490114,10.108844131986624
3.4411470490163385,0.7202584039008312,0.040629086461080766,9.981852549440038,10.007887050212899
3.4611537179059684,0.930200774439046,0.7256078784491525,9.74459825432823,9.81575139315841
3.4811603867955982,0.9065922648611447,0.23797296520264466,10.282208936794545,10.324841949723542
3.501167055685228,1.088389338462001,0.3465127228696354,10.137446889539197,10.201592613774391
3.521173724574858,0.6856986531156276,0.15281638762396887,10.199610012020273,10.22377522681887
3.541180393464488,1.1502015404151849,0.4495753231622932,9.908363584028855,9.985026312838594
3.5611870623541177,0.32221833035114916,0.8861068465516813,10.76762682140574,10.808829601810563
3.5811937312437476,1.3536182730181818,0.7282390328976514,10.565875939687896,10.677094590334956
3.6012004001333775,0.3397492942835705,0.8340884736868663,10.598461745271216,10.636659462955503
3.6212070690230074,-0.4340107371571604,0.6519388022672334,10.21755195652499,10.247524457455906
3.6412137379126372,-0.6954880648462956,0.10768031273322182,9.784018357260237,9.809297320058114
3.661220406802267,-0.23650708465997833,0.27306428336170147,10.875935750299988,10.881933566632153
3.681227075691897,-0.6593504024939788,0.06330554116158707,10.252880592249126,10.274254765370065
3.701233744581527,-0.39577744636113293,0.6148483329932958,10.021822235503699,10.048462528151713
3.7212404134711567,-0.568758255859846,-0.2299484985601102,10.34117441792422,10.359355704266996
3.7412470823607866,-0.8252149063295247,0.3076778359527613,10.530749168329255,10.567512637259172
3.7612537512504165,-1.1322464633031126,0.21703645852405073,10.13343813438883,10.19880656260706
3.7812604201400464,-1.3564593217590963,0.408773005501601,10.479442359125338,10.574771364896945
3.8012670890296762,-0.8478562689949158,-0.3491001907905575,10.372631197217967,10.413078754603914
3.821273757919306,-0.21130218647654075,-0.09344148601761626,9.673638660622515,9.67639730796589
3.841280426808936,-0.32459970279705874,0.30338910088211796,9.740852539528744,9.75098036663153
3.861287095698566,-0.7439942785794024,-0.6317117243277971,10.174986884248426,10.22168994265819
3.8812937645881957,0.000637781978062385,-0.9621051627909002,9.017684337272918,9.068863079666166
3.9013004334778256,0.2660555397861867,-1.1093779741735719,9.730099280719841,9.796751351978733
3.9213071023674555,-0.0667573398670665,-0.3629568816641081,9.289602835110557,9.29693041140287
3.9413137712570854,0.508512366108974,-1.1600116866370305,9.5209676681144,9.60484446916763
3.9613204401467152,0.607753261715522,-0.7115435467259181,9.521236981386703,9.567110948543398
3.981327109036345,0.23493278383186728,-0.4598115651362357,9.452904782704008,9.466996826830584
4.001333777925975,0.9076025894732294,-0.5131878575594968,9.347386447222872,9.40535685826385
4.021340446815605,1.022194548919952,-0.4059250379587027,9.140405035967596,9.206338091435988
4.041347115705235,1.2238182964458855,-0.41957154103833955,10.117957799861339,10.200335364121118
4.061353784594864,1.164530933456456,-0.04425503593966751,9.956313033978148,10.024283517226863
4.0813604534844945,0.10647595615524641,-0.6455473382722867,9.018437107323876,9.042138925826448
4.101367122374125,0.16342564057595288,-0.48671577805622923,9.818337722866325,9.831752429189134
4.121373791263754,0.5981261005295934,-0.432738475558057,9.206470921535692,9.236023183678421
4.141380460153384,0.43119280620021405,0.1353571837039253,9.35385908289424,9.364770608292664
4.161387129043014,0.2537588259781493,0.24624181819605084,9.291240626958988,9.2979664961132
4.181393797932644,1.4084598964892443,0.20185474158808842,9.113808293888194,9.22420762095397
4.201400466822274,-0.0778873196885411,0.5103901191589276,9.614769450375942,9.62862171300679
4.221407135711903,-0.010015769525604401,-0.11274343678869556,9.3715305933492,9.372214095946493
4.2414138046015335,-0.21697272136234447,0.8206968822662004,9.211039188228154,9.2500737003254
4.261420473491164,-0.44183299994310327,0.8500823129861161,8.988698070988034,9.039610022012816
4.281427142380793,-0.8965053917404218,0.6774502217296171,9.143563664954547,9.212351340207244
4.301433811270423,-0.495543254964938,1.0445823492704127,8.9558887596873,9.030208130372293
4.321440480160053,-1.096254510466316,0.054750872768014214,9.493255105735972,9.556498527827475
4.341447149049683,-0.8297176744474679,0.42356769236372815,9.175970363192366,9.223137921309077
4.361453817939313,-0.8395315894656303,0.3762821644792379,9.50420039024737,9.54862433102246
4.381460486828942,-0.4901306078029012,0.815732111656191,10.046688895671707,10.091660153666764
4.4014671557185725,0.5521455530356497,0.2730503957939622,10.049467120758345,10.068327102432823
4.421473824608203,-0.9524093897344006,0.7907889293388027,9.735551523691184,9.813938773339927
4.441480493497832,0.2476919018637129,0.9373500793154191,9.77549460065684,9.823455152690041
4.461487162387462,-0.4918404972792355,0.6854483475401623,10.422074955445524,10.456165305160122
4.481493831277092,0.13671864300366748,0.5018801386572449,10.070216836440428,10.08364233766012
4.501500500166722,0.9167235857507721,0.0507950058052567,9.870195867130457,9.912806298965275
4.521507169056352,0.6379785808836349,0.015619396573859579,9.593253127403575,9.614456105347514
4.541513837945981,0.28107848305255057,0.560953287231773,10.189042713368636,10.208342917385846
4.5615205068356115,0.48965791448282153,0.3320393489936291,10.366164471906314,10.383033316960343
4.581527175725242,1.0716721978100232,-0.00353524384176831,9.97042850925714,10.027858119045938
4.601533844614871,0.4909645818805227,-0.2074518554462001,10.285367329453672,10.299168102074175
4.621540513504501,0.8130497251361285,-0.7782068104364872,10.122056041349278,10.184432934610012
4.641547182394131,0.651014762840431,-0.5762341070518568,10.203655339307518,10.240627336786789
4.661553851283761,0.24620613650647505,0.23972438395722828,9.534516330702967,9.540706834525349
4.681560520173391,1.2126450909611808,-0.7889820760185949,10.230306012782137,10.332093783356653
4.70156718906302,0.43875487284581494,-0.4099508257389491,10.59740402115001,10.614402362142505
4.7215738579526505,-0.8041908255274565,-0.2159092818733112,10.120575872686688,10.154772065224778
4.741580526842281,-0.09917217961218179,-0.9341991207891811,10.322765055528455,10.365425293258918
4.76158719573191,-0.6092306162579282,-0.5292222468910054,10.070877758893943,10.10315876174254
4.78159386462154,-0.1567413628631354,-0.3168957799841499,10.390216093362689,10.396229184515747
4.80160053351117,-0.9425481183098983,-0.5945680054294393,10.195511240804528,10.256235056285584
4.8216072024008,-0.7673694489057146,0.2757445207215963,9.951320709524044,9.9846719913888
4.84161387129043,-0.5786341558380104,-1.0585335481043168,10.600073959930443,10.668499365644642
4.861620540180059,-0.4536846443833608,-0.20084055171260495,10.441213028865302,10.452994604318326
4.8816272090696895,-1.2586795440208163,-0.5190299256278004,9.938778846371521,10.031599633922582
4.90163387795932,-0.8512446254151715,-0.1737330232890569,10.223337984813641,10.260187139005449
4.921640546848949,-0.8097300387056979,-0.2018313638317697,10.185600214607678,10.219728487921023
4.941647215738579,-0.7517963817692644,-0.47549405060879013,10.164701109725538,10.203550413550241
4.961653884628209,0.3700081670840981,-0.10236806506949078,9.409296644007963,9.417125283195213
4.981660553517839,-0.002751528005193321,-0.6400720011847013,10.163742626621339,10.183877646447183
5.001667222407469,-0.4892698026309277,0.18851638801501527,9.634376420655421,9.648633705514884
5.021673891297098,0.5612875769941951,0.18706208707799132,9.641523446018557,9.659658913679898
5.0416805601867285,1.212166878629397,0.37706802276930074,10.484603646500373,10.561176187321667
5.061687229076359,0.9269308145215153,0.5865485709975411,9.72966132184551,9.791299678738532
5.081693897965988,0.030636086562560894,0.4569301328645449,9.471247869662502,9.482313004995456
5.101700566855618,0.5365849286401787,0.4607292630290103,8.87645101014111,8.904581819203537
5.121707235745248,1.291707835351236,0.21218528946334936,9.909340531784295,9.995427029588855
5.141713904634878,0.5165239230041916,0.31222069611596287,9.047281015037443,9.067390610929682
5.161720573524508,0.9510045563994619,0.9193447018030538,9.112837000944362,9.2083333211177
5.181727242414137,1.0177835659102055,1.0188683199890034,9.28255263051081,9.39360204494087
5.2017339113037675,0.23552058267764708,0.5278242507502158,9.780444400842386,9.797507900609931
5.221740580193398,0.4499365953150095,0.6107377830228347,9.566866323758164,9.5968940202585
5.241747249083027,-0.9794578834122929,0.30967481794983537,9.272991189227549,9.329716063940129
5.261753917972657,-0.26556687843215776,0.9038115612385045,9.404538884530467,9.451600538310649
5.281760586862287,-0.13705068333545894,0.7099984693808822,9.130011099768218,9.158601607135052
5.301767255751917,-0.7135118190912045,1.0395361604073092,9.356489781531854,9.441061146750783
5.321773924641547,0.2711209090300587,0.13008842090887707,9.347395777089199,9.35223167795328
5.341780593531176,-1.1018788080470088,0.20765842802928713,9.63302291188087,9.698061112984208
5.3617872624208065,-0.8268083092677765,0.3106782172063615,9.655521355720056,9.695835476413924
5.381793931310437,-0.6862851820825716,0.3498958923293761,9.542222127399084,9.573265775859342
5.401800600200066,-0.21221004851609737,0.002411475118886272,9.319304200778072,9.321720319047513
5.421807269089696,-1.3729931912114157,-0.28513804234273404,9.689418814281655,9.790365211005117
5.441813937979326,-0.3025966323108055,0.15133910058643302,9.48253244009688,9.488566262757606
5.461820606868956,-0.6938370301716924,0.015992309547286476,9.232633718642932,9.258681923525861
5.481827275758586,-0.9850212888772581,-0.5579454359950742,9.486538911915458,9.553846899358147
5.501833944648215,-0.27186249813371777,0.04728355197123907,9.685789385225885,9.689719344084892
5.5218406135378455,-0.2180832634653286,-0.07641435351374776,9.988314435220376,9.9909871744517
5.541847282427476,-0.3636200093933609,-0.44560106856510795,9.716221125641532,9.733228281813819
5.561853951317105,0.08485919532834393,-0.5093913608625656,9.465044916242261,9.479122106399762
5.581860620206735,0.08038181963723068,-0.40232264793217576,9.901124340129108,9.909620979061934
5.601867289096365,0.4455278922811753,-0.8494076958537307,9.97348849459359,10.01950404403166
5.621873957985995,0.8101887173401895,-0.5908239033032668,10.048897663402002,10.098803042536579
5.641880626875625,1.2971573659030127,-1.240861795439567,10.320460831834707,10.475412498261454
5.661887295765254,0.2512515442617089,-0.31400667675960153,10.398531067594112,10.406304622451884
5.6818939646548845,1.6451677930906756,-1.014084656685459,9.959329010345867,10.145106164780362
5.701900633544515,0.01632211368194525,-0.05091176759737848,9.993298851603376,9.993441867391448
5.721907302434144,0.7010068378481985,-0.5458749516246305,9.901924870115057,9.941705396104041
5.741913971323774,0.9227788016546907,-0.4450917893212692,10.454306476740971,10.504387241878161
5.761920640213404,0.6905333483179492,-0.4959980721622069,10.704427561727437,10.738138563875856
5.781927309103034,0.190268019217745,-0.31318790443573,10.19449798727112,10.20108218744937
5.801933977992664,0.19491216094440694,0.28483527528912256,10.229709701671412,10.235530394903982
5.821940646882293,-0.09440675489751126,-0.797818538232336,10.74899750896129,10.778978360817572
5.8419473157719235,-0.3135601539287808,0.4220309635751517,10.46107428473866,10.474278270848473
5.861953984661554,0.0853856951046234,0.2298812599924404,10.434336463851222,10.437217711223592
5.881960653551183,-0.27531769562095365,-0.14701726839712462,9.93394022425133,9.938842100050064
5.901967322440813,-0.8376404806694301,-0.025774506505091443,10.476430255006647,10.50989518444691
5.921973991330443,-0.3144162949993722,0.8747258597698644,9.969750127944078,10.012987593618211
5.941980660220073,-0.6307423950429555,0.15470026677002507,9.878357671069692,9.899682743352166
5.961987329109703,-0.4695015467575059,0.14893586498943262,10.079381098730911,10.09140906552409
5.981993997999332,-0.5432679033413352,0.8814831557764073,9.967749186680683,10.021385952915487
6.0020006668889625,-1.0866552292969114,0.6749315968862113,10.032817598414061,10.114038817944124
6.022007335778593,-0.9005745401786788,0.3120429370817296,9.619114592599136,9.666218021674984
6.042014004668222,-0.2645414417249095,0.664985435083514,10.288078920569392,10.31294117500567
6.062020673557852,-0.1775423523977887,0.28522254428974775,10.285329993660703,10.290815626818048
6.082027342447482,-0.2667848532206632,0.9026783580104323,9.307659464276114,9.355133728539485
6.102034011337112,-0.03505252947965484,0.8573259601654668,10.129190968068265,10.165468319236073
6.122040680226742,0.6097027337153045,0.6527596371501451,9.535958452765824,9.577699942066898
6.142047349116371,0.03759996633403129,0.5446987904461188,9.98006798433224,9.994992121141225
6.1620540180060015,0.65467902594738,0.8976927845680955,9.647412345114178,9.711180253663429
6.182060686895632,0.49435539773538884,0.29398989345106463,9.623366215226275,9.640539125436915
6.202067355785261,0.5982269598548049,-0.14240971832541188,9.50848816012999,9.528352591854631
6.222074024674891,1.1999405368608382,0.26024488973509996,9.880085231529403,9.956087026383434
6.242080693564521,1.1269599107732282,0.6616189284529317,9.10075242564428,9.194099899383707
6.262087362454151,1.1179402025326688,-0.3590341219917534,9.61547688164456,9.6869030891526
6.282094031343781,1.2700672732109322,-0.2522159947055451,9.728838466117002,9.814631001024164
6.30210070023341,0.6734899157974316,-0.10474883154392013,9.583918246765464,9.608124163699939
6.3221073691230405,0.821175930710506,-0.326543110957288,10.042641073973282,10.081448311286785
6.342114038012671,0.279637189026824,-0.6787027004154534,9.168705029237735,9.198042521439406
6.3621207069023,0.3681766820029052,-0.11237271320057785,9.602908774777863,9.61062113666689
6.38212737579193,0.009059900034475071,0.19235963209793516,9.278538252392199,9.28053642905165
6.40213404468156,-0.08059326784574217,-0.48809689493335456,9.681423654571123,9.694054767379589
6.42214071357119,-0.055751021976796516,-0.8490187573340138,9.316506544141477,9.355278467998023
6.44214738246082,-0.7805456280059025,-1.0602256307263658,9.216142180507674,9.309704966151237
6.462154051350449,0.24736113395533466,-0.5223582606256796,9.74412344920502,9.76124927846752
6.4821607202400795,-1.098279606461046,-0.25918011549358816,9.23048215939618,9.29920390792495
6.50216738912971,-1.2523513256611851,-0.42497760469113577,8.985306101817738,9.082109642078619
6.522174058019339,-0.3351495520708201,-0.5325442121946785,9.290368412496218,9.311652581583079
6.542180726908969,-0.47274465147362743,-0.660821123287286,9.67209245835339,9.706160135986636
6.562187395798599,-0.49053345041155544,-0.7529119611215931,9.949092034358175,9.989591172580685
6.582194064688229,-0.4018803081163484,-0.10640230806828849,9.613478177494349,9.622462881319628
6.602200733577859,-0.5378532167136382,-0.006156918809639589,10.027196414441978,10.04161301406186
6.622207402467488,-0.7444221829033664,-0.6611022366348619,9.27816199496592,9.331425965977129
6.6422140713571185,-0.18811067114218064,0.3669563920180339,9.608102989083617,9.616947835310224
6.662220740246749,-0.31107353080556494,0.15211223555363104,9.710858228268913,9.717030019677361
6.682227409136378,0.5301125460027976,0.49011214449379187,9.819572378965834,9.846076931009557
6.702234078026008,0.2543746902066417,-0.24365681422051289,9.935116152714524,9.941358463211296
6.722240746915638,0.1401649100933972,-0.16562870463505097,10.171831597364633,10.17414552259629
6.742247415805268,0.47499640963937617,0.27902045306982926,9.88381056668316,9.89915073733496
6.762254084694898,0.8711412138444506,0.5467872711461528,10.109005622536353,10.161193729617473
6.782260753584527,0.5469063521029857,0.9981081768121763,10.100514775706928,10.164434328818496
6.8022674224741575,0.4705587292898876,0.7238424164465593,9.879151726407263,9.916804535480859
6.822274091363788,0.8832166117444237,0.4804043963222026,10.161250080488372,10.210869853518453
6.842280760253417,0.8299660108773271,0.27392378634033904,10.185756573137615,10.22318515860643
6.862287429143047,0.43812339242455034,0.9662460843357223,10.207479179807414,10.262466312182738
6.882294098032677,0.32873344669725135,0.3096812262341859,10.28896476676598,10.298871982533383
6.902300766922307,0.4598525592260676,1.0758739923572296,10.318570402394629,10.384693754407584
6.922307435811937,-0.3810286913338634,0.47691930920184905,10.176398936588043,10.19469127574246
6.942314104701566,-0.5437125146449908,1.0015413428621316,10.69177813935828,10.752340588974258
6.9623207735911965,-0.4480192825891113,0.6782689071769625,9.956603276944808,9.989730667164295
6.982327442480827,-0.41774552096496065,0.3729349753892386,10.082279869941662,10.097819526609975
7.002334111370456,-0.36278461781899873,0.1882554382832399,11.117436611546813,11.124947172941127
7.022340780260086,-0.02695131008445084,0.16402822821946772,9.950873290486435,9.952261596043606
7.042347449149716,-0.3725166027898822,0.3109737227878966,9.829184782814863,9.84115576395059
7.062354118039346,-0.8415621630691686,0.11765940028791066,10.423256713929838,10.457836828583108
7.082360786928976,-0.8075580903305715,-0.17374376556892174,9.542356487338001,9.578042821828166
7.102367455818605,-1.1825466037960548,-0.1355024841507325,10.052943735394527,10.1231642849639
7.1223741247082355,-0.7306806453371012,-0.1505037163802409,10.721298142301904,10.747221940122051
7.142380793597866,-0.7436067346342998,-0.8970072510873772,9.564673770519216,9.635380496937062
7.162387462487495,-0.37190094185501144,-0.19937839782038047,9.381379783267345,9.39086517281381
7.182394131377125,-0.6791853981068547,-0.7015370805938246,9.471907286803491,9.522104532625692
7.202400800266755,0.029896940023482504,-0.815154588164337,10.135434342490077,10.168205354955976
7.222407469156385,0.6147716387483715,-1.0262370581149178,10.146909242724819,10.217185221348984
7.242414138046015,0.13760430700381607,-1.0972695809143875,9.599256039287294,9.662745571849628
7.262420806935644,0.5119924271600143,-0.9921060515063307,9.902281229276417,9.965018023394878
7.2824274758252745,0.7796550066523802,-0.8112510436008624,10.060119682239941,10.122845361168622
7.302434144714905,0.4697254513347113,-0.012046049505232803,10.127107277386015,10.138002215161775
7.322440813604534,0.8143385145399549,-0.7416846386674405,9.467664383922765,9.531522029880538
7.342447482494164,0.7872810147010528,-0.5032308630666518,8.805217249622372,8.85465434168375
7.362454151383794,0.8389781537091396,-0.39640635183538964,9.20750801804982,9.254146435011084
7.382460820273424,0.4675880929974155,-0.4254943798162319,9.28839806291534,9.309888434730977
7.402467489163054,0.7238794417145374,-0.4257534641365711,9.306457333527751,9.344271804647684
7.422474158052683,0.8141544269048221,-0.6896731541264683,9.300925816571018,9.361929156735204
7.4424808269423135,1.064941824749795,0.1831481177125081,9.67188506332341,9.732060675995681
7.462487495831944,0.7130229256785613,0.37471000877612326,9.70353600151223,9.73691019861353
7.482494164721573,1.018629303999404,-0.5837623923307534,9.26094581553083,9.335068376175078
7.502500833611203,-0.3295630178922841,-0.295895742938596,9.639595460181136,9.649765111617807
7.522507502500833,0.14747732141613698,0.017390417236783764,9.421342799941982,9.422513048065381
7.542514171390463,-0.2966710847060713,-0.1003085813377784,9.343731809454487,9.348978536236046
7.562520840280093,0.35621936811455246,0.42426796590501725,9.61288797720502,9.628837458769668
7.582527509169722,-0.9662205924346267,0.13123375817003766,9.385142602939775,9.435661408191972
7.6025341780593525,-1.0692143229469468,1.0685267544218178,10.009061923024262,10.122563374572879
7.622540846948983,-1.0261219473038883,0.8359526330112035,8.993794902633542,9.090659481358555
7.642547515838612,-1.6488735287027667,0.5914643319836318,9.30928516514369,9.472666164054866
7.662554184728242,-0.9818184342973892,0.8727073267037397,9.468824958074574,9.559510008502764
7.682560853617872,-1.008038699706532,0.9204776590646329,9.685437556856686,9.781161577681516
7.702567522507502,-0.5411876865440779,0.4302488674117033,9.984089298843601,10.007998667428934
7.722574191397132,-0.33094574410880884,0.35167942521203877,9.649118700395025,9.661195329666727
7.742580860286761,0.4403580121877624,0.6035505077466231,9.284469917313647,9.314481737584826
7.7625875291763915,0.24340647504810206,0.8089862331468256,10.019857551209995,10.055409031166082
7.782594198066022,-0.18720506603416132,0.5500986798832451,10.05010405376184,10.066888585148757
7.802600866955651,-0.13771052487231633,-0.018379366175638956,9.297397769620337,9.298435743516372
7.822607535845281,0.5852219502300197,0.14988384504366073,9.934258629048315,9.952609929403293
7.842614204734911,0.007356502354288086,0.29567678070611564,9.512198472429278,9.516795608589138
7.862620873624541,1.3877315165435742,0.21508710816374915,9.841395088453638,9.941082361249501
7.882627542514171,1.2132227786908114,0.7440670688811772,9.818546274242888,9.921159017633805
7.9026342114038,0.6022761683578122,-0.35243342056803556,10.37719465935474,10.400630504784102
7.9226408802934305,0.11292077592466132,0.12465920546711626,10.210342661212357,10.211727977111227
7.942647549183061,1.3072606828946576,0.3299494489068109,9.825824063040685,9.91789371034523
7.96265421807269,0.648396887352254,0.47753588838509103,10.506595353239776,10.537409784427267
7.98266088696232,1.082449409812516,-0.4077019363621349,9.837977153646516,9.905741368993423
8.00266755585195,-0.18727989274508627,-0.2149333323757857,10.38683891547498,10.390750345938365
8.02267422474158,0.05094336669361518,-0.25918368781202195,10.057178294579815,10.06064643348554
8.04268089363121,0.11817348626038515,-0.42944836647575235,10.198972336723756,10.208693726308967
8.06268756252084,-0.04566669093060559,-0.5646421569465045,10.460874641226315,10.476201815138612
8.08269423141047,-0.4217339298337968,-0.4389412324430392,10.460558444202718,10.47825423807289
8.1027009003001,-0.1574942985901234,-1.3512133486728133,10.69342674273596,10.779608409862606
8.122707569189728,-0.9778787216137618,-0.3952895288116317,10.249705210500123,10.303832175842464
8.142714238079359,-0.7238972309290256,-0.5568029207356656,10.342424349436381,10.382668159837385
8.162720906968989,-0.7009411325751431,-0.6426390689130715,10.089643617865006,10.134357985573295
8.18272757585862,-0.5872106847392882,0.07000129574726277,10.240782951520238,10.257843439525963
8.20273424474825,-0.5118405910674546,-0.7023419074004683,10.278443099741304,10.315117910144064
8.222740913637878,-1.2092387469845394,-0.5652361680630675,10.073211933041598,10.161267092290558
8.242747582527508,-1.297209587995543,0.21879202635865136,9.513944850801082,9.60446611166233
8.262754251417139,-0.061827049917586474,-0.5540526493907684,10.1037429350839,10.119111533166153
8.282760920306767,-0.3000996522672983,-0.38831494115200305,10.060417459353719,10.072380441151036
8.302767589196398,-0.5704716832782655,-0.18116302294491535,9.691940885664188,9.710405558652738
8.322774258086028,0.5251514434443509,0.20450265920206712,9.454521233838078,9.471302821537673
8.342780926975658,0.13158710796527007,0.10504452320525055,10.226064008824512,10.2274500551904
8.362787595865289,0.7333132475452345,-0.25563224854622546,9.874538215910418,9.905029083399878
8.382794264754917,0.45154278130346637,0.05895490899353498,9.603244444475324,9.614035075086209
8.402800933644547,1.3901327209814336,0.11788438567184364,9.277487932577126,9.381798764066659
8.422807602534178,1.3804218046662764,0.351594093358434,9.321129640726943,9.429349953444353
8.442814271423806,0.656572670442688,0.5686717797074694,9.910625853037217,9.948616992501902
8.462820940313437,1.1841105522881517,0.6225247063500431,9.517031803871133,9.610595671754742
8.482827609203067,1.0524026407124092,0.009114645135519739,9.270715488175023,9.330262593176178
8.502834278092697,1.2999839207385742,0.8936478195983344,9.553740073942704,9.683104565174872
8.522840946982328,0.2864768366927138,0.6697364862201136,9.126687105975213,9.155710429524852
8.542847615871956,0.8325003589366275,1.015335829283929,9.797045651778747,9.88463793959567
8.562854284761586,0.8386321662674223,0.7256196637435528,9.734341601791341,9.797307498852698
8.582860953651217,-0.45222093972534183,0.9016875442175525,9.176394307342207,9.231671391982365
8.602867622540845,-0.39882608174171763,0.6772098051445439,9.12194208641434,9.15573605951802
8.622874291430476,-0.9218099399806835,0.8948677613704608,8.525665834135145,8.621919727713005
8.642880960320106,-0.3890643370827357,0.5902776417232857,8.873573003127536,8.901690659337802
8.662887629209736,-0.1551284542257519,0.33698247913100665,8.929437798070941,8.937140561620913
8.682894298099367,0.020494321337623078,0.9725215090300483,9.39118820745155,9.44143177968841
8.702900966988995,-0.6595224132651659,0.47533193249946337,9.277986809672818,9.313535821594051
8.722907635878625,-0.11129247739007142,0.29383570871775666,9.003032997316685,9.008514227663426
8.742914304768256,-1.349473161373731,-0.3508516413694831,9.35821855216186,9.461523617131974
8.762920973657884,-1.472826251315273,-0.4448529736023834,9.63480097957081,9.7568694390478
8.782927642547515,-0.7673836734149396,-0.05962094987670803,9.68636214236303,9.7168947669969
8.802934311437145,-0.5072411741453032,-0.1895056400910794,9.00652524472124,9.022787982667865
8.822940980326775,-0.5559569353344708,-0.49782968700773156,9.589349724245103,9.61834448567384
8.842947649216406,-1.2241915361079125,-0.3446068224081222,9.266558196472454,9.353421811708232
8.862954318106034,-0.26694833074489627,0.02516489433300484,10.007452914404803,10.011044327003226
8.882960986995664,-0.5753820230055077,-0.2970714415144147,10.028486315977242,10.049370811324664
8.902967655885295,0.3947131271924713,-0.8907786476938333,9.580356569966659,9.629772430315715
8.922974324774923,0.44745521247763,-0.6122558729458857,9.675965096277771,9.70563619581508
8.942980993664554,0.08350018337043907,-0.8374747399755855,9.822187845381492,9.858179867028193
8.962987662554184,0.3891186053063087,-0.7159405611247749,9.33759409990525,9.373081016967927
8.982994331443814,0.27587714334198504,-0.7137424941296319,10.164485666978678,10.193248030944792
9.003001000333445,0.7437243308415288,-0.7095865934772606,10.028861227950351,10.081403500674604
9.023007669223073,1.1808930275048675,-0.9066072247483978,10.444941589119702,10.550509457011923
9.043014338112703,0.3938610737013667,-0.520098040376451,9.86314384288964,9.88469701015223
9.063021007002334,0.9389054569866889,-0.5907764538848537,10.040814533661106,10.101906591084884
9.083027675891962,0.4367322116110435,-1.2326234985387348,9.803152668978436,9.889989785895008
9.103034344781593,0.21015685402622536,0.3389431061053824,9.976690773887801,9.98465858856719
9.123041013671223,0.3360824639953251,0.13281273453874864,9.94026752504629,9.946834125215455
9.143047682560853,-0.20292978134220696,-0.2191761151724315,10.604339013515814,10.608544885100464
9.163054351450484,-0.1887853551576018,-0.010693993780928206,10.100417131772177,10.102186917079978
9.183061020340112,-0.6266353128836464,-0.27751872264531763,10.345105555908514,10.367781701967914
9.203067689229742,0.4657661300987622,0.671331584397263,10.18521550044607,10.21793711933497
9.223074358119373,-0.4623383229355126,0.8167452251767164,9.90393862794037,9.948307887963319
9.243081027009001,-0.8883646224132722,0.37388817358347376,10.213551303863094,10.25892851643604
9.263087695898632,-0.6238930494673209,0.705836711007441,10.417230328572966,10.459738797805606
9.283094364788262,-0.8192572179853542,0.5142041304738829,9.843163449036311,9.89057404610379
9.303101033677892,-0.8880796128246062,0.11295694919649052,10.411160333029095,10.44957913751195
9.323107702567523,-0.5386225089508703,0.43111085866875704,9.871862645774693,9.895940727220044
9.343114371457151,-0.42590038708904165,0.6223223689167269,9.936185869596313,9.964761206659302
9.363121040346781,-0.8485586473825798,0.46123071276047883,10.191122096422422,10.2367844137029
9.383127709236412,-0.7416986038065643,0.5332777432239637,9.780885015535617,9.823452227065381
9.40313437812604,-0.4703353500912364,0.5591311645401202,9.93701449774989,9.963839627834089
9.42314104701567,-1.111657626265579,0.5366432634022651,9.775681103293586,9.853309581226034
9.443147715905301,-0.6178085277238665,0.5382010382785111,9.852476782720888,9.886488076591533
9.463154384794931,0.7147727653247999,0.15409129440592295,9.04297579988324,9.07248893911344
9.483161053684562,0.9971994742214542,0.19619121190600944,9.152499264487604,9.208753475333284
9.50316772257419,0.3934942251978078,-0.04439718064964221,9.83178868758434,9.839760038345704
9.52317439146382,0.8524889553057038,0.5562606412373866,9.905831902725607,9.957995230213985
9.54318106035345,0.8434209673456655,-0.4528114767964593,9.271963455786858,9.321250103238507
9.56318772924308,2.0108773115423717,0.436863624339801,9.425719808860144,9.647728815813892
9.58319439813271,1.247828976955291,0.41653334710397133,9.545140267140884,9.635366101211373
9.60320106702234,0.728721977974077,-0.1801979164769085,9.6270028911621,9.656225539864346
9.62320773591197,0.3378040279830724,-0.9586234515983116,8.778046351592733,8.836694417823123
9.6432144048016,-0.019133829382689593,-0.370178625188469,9.09326613070714,9.100817943560834
9.66322107369123,0.5764713804134112,-0.35919826442103087,9.237798500098187,9.262735220981712
9.68322774258086,0.03894732999201417,-0.7135593847171402,9.533048892026946,9.559796287986874
9.70323441147049,-0.3984212238732296,-0.6260619466578345,10.06240864630426,10.0897354176363
9.723241080360118,-0.26784736094941003,-0.06284593073686845,9.241606580674954,9.245700839403813
9.743247749249749,-0.6210659308766152,-0.3609811069238139,8.891436697700895,8.920407883010384
9.763254418139379,0.31678843373703613,-0.8636543172925836,9.444079809911322,9.488777431655901
9.78326108702901,-0.15677945810434235,-1.078075176981765,9.735789197105696,9.796551289927885
9.80326775591864,-0.6380204972105817,-0.6958113501053198,9.394001654369605,9.441318269823082
9.823274424808268,-0.13588610064121132,-0.6470790420578708,9.117443039517743,9.14138632253711
9.843281093697898,-0.7528421885023857,-0.40627627671531824,9.710053236043185,9.747664623929337
9.863287762587529,-1.144271287239151,-0.6752170325254854,9.659888740482996,9.750832031079328
9.883294431477157,-0.16570435579322085,-0.3089702320468159,9.19563531627895,9.202316523996368
9.903301100366788,-0.4950791248594958,0.18083033133691462,9.664441162356539,9.678802918194712
9.923307769256418,-1.0250021080000509,-0.08328315463057012,9.899071214654949,9.952345267225207
9.943314438146048,-0.5545964823491605,-0.26312969396040553,10.007023048488263,10.025832872487607
9.963321107035679,-0.672673691677345,-0.21876951213074178,9.687100174663678,9.71289142268572
9.983327775925307,-0.7030743353646333,-0.18222682320287498,9.655506366044923,9.68278489489863
10.003334444814937,0.4006332144494674,0.3692753576374602,10.187609508563812,10.20216931643747
10.023341113704568,0.9725078185880968,-0.08314554430861805,9.512755835850687,9.562698794339632
10.043347782594196,-0.18274854351075198,0.2061948863369119,10.062913036133981,10.066684267130961
10.063354451483827,0.7506004010104557,0.29119213267784605,9.574315092183552,9.608106124754464
10.083361120373457,0.3871043116938165,0.20223758376434178,10.356678131568096,10.365883064617293
10.103367789263087,0.5414572791911203,0.00996121387683252,10.008490532855555,10.023131145367211
10.123374458152718,0.5507589368148652,0.577943755699815,10.5117904146324,10.542062991293092
10.143381127042346,0.45337141367628375,0.5111752825440316,10.319843501146648,10.342437609015658
10.163387795931976,0.7888961410276707,0.7159484157362588,9.842023976571525,9.89951388759733
10.183394464821607,0.36839866972999047,0.4293440166387864,10.667847292779244,10.68283762520707
10.203401133711235,0.7045269106868683,0.9658315552812591,10.731797678544993,10.798179021218472
10.223407802600866,0.4414127204022047,0.3330965376713718,10.551239382451877,10.565720562221253
10.243414471490496,0.20756481147034028,1.0927452155391968,10.072113250287002,10.133343011250114
10.263421140380126,-0.23369967865406335,0.024693583876899905,10.216548972662114,10.21925135338646
10.283427809269757,-0.28179403039922474,0.6367986342874802,10.353372983504043,10.376765031152553
10.303434478159385,0.07326405114304604,0.5948794687291246,10.09363367433117,10.111413845506348
10.323441147049015,-0.19466354789260965,0.14919445632617073,10.801126962452068,10.8039111687243
10.343447815938646,-0.9320518179123596,0.44198210591269227,10.319216134479497,10.37064561169278
10.363454484828274,-0.6197143507934392,0.6181753457256876,9.44145180120434,9.481940663656731
10.383461153717905,-0.4436912949451252,-0.5163918678574196,10.325143783985512,10.347565737233758
10.403467822607535,-1.458865392294544,0.21043509703767133,10.084485763022856,10.191635014437608
10.423474491497165,-0.5802858216594702,-0.7787655977409798,10.127205960813455,10.173667385155634
10.443481160386796,-1.0285427765533268,-0.4101806366230734,9.995505901351622,10.056653848165187
10.463487829276424,-0.4621942237630501,0.2813081931570209,10.30082762275471,10.315028236205833
10.483494498166054,-0.8874793999938264,-0.4642255095655432,10.3440619914506,10.392436840901066
10.503501167055685,-1.1661912520515627,-0.7175247223663421,10.03997996975759,10.132918708679258
10.523507835945313,-0.9346707469198114,-0.4921139509630319,9.798324255172027,9.855097348853157
10.543514504834944,-0.08937445813271915,0.1300954292288563,9.831617806024282,9.832884688544175
10.563521173724574,0.17586276679557755,-1.0861900132148252,9.793365245736917,9.8549855045028
10.583527842614204,-0.11283991013895617,-0.8862981856919374,9.49051061185506,9.532473393249754
10.603534511503835,0.668548428689717,-0.14292939793919834,9.84967950313058,9.87337693642299
10.623541180393463,-0.10833233330700165,-0.04265300231580227,9.760488188424418,9.761182553841458
10.643547849283093,0.6446490334730652,-0.6251717272281434,10.03348011409388,10.073586018136766
10.663554518172724,0.2672679666575884,-0.9465428895305512,9.899876309227315,9.948614302792242
10.683561187062352,0.5332130657739437,0.08629650733763516,9.273158614183739,9.288876893602414
10.703567855951983,0.8147045239126522,-0.01943322302935835,9.684774222606901,9.719000609852442
10.723574524841613,0.4128101008400539,-0.23808617049300826,9.117969913453544,9.130414697404474
10.743581193731243,0.525792944051333,-0.6194619791739113,9.581807362718278,9.61619590586103
10.763587862620874,0.970125157780451,-0.31588739122660275,9.19340235724884,9.249841867186866
10.783594531510502,0.1959074497007063,-0.2678836739908644,9.022671673343448,9.028773201082931
10.803601200400132,0.5982458263570517,-0.03412585787006649,9.401064000220133,9.42014155833998
10.823607869289763,-0.3640661388737534,0.39134288690662766,8.508385816587591,8.525158216274683
10.843614538179391,0.11910899724755163,0.3102896195948029,8.785552120966157,8.791836706369526
10.863621207069022,0.30791709595091254,-0.18738154830551648,9.264068211163949,9.27107785555286
10.883627875958652,-1.419566952682664,0.635062028982943,9.35481869675746,9.483201303516003
10.903634544848282,-0.8898982675490068,0.3972900068956988,9.238197052814366,9.289458706662835
10.923641213737913,-0.4514255499099873,0.5838177962336263,8.899962701272518,8.930507506875106
10.943647882627541,-0.8398053995375603,0.8834298729429444,9.158804233475182,9.239557155871886
10.963654551517171,-0.6477888937157081,0.165691229861065,9.557101655384919,9.580463250064447
10.983661220406802,-1.0349085591974267,0.5327784677499022,9.654574578623844,9.724489648089909
11.00366788929643,-0.7153025667682068,0.416106253209945,9.519693134821827,9.555593103369326
11.02367455818606,-0.730601441504972,0.12412976279566412,9.91977983130202,9.947422709719698
11.043681227075691,-0.08553823649967368,0.7039437789986811,9.743152143478573,9.768923549955007
11.063687895965321,-0.307029036555798,1.3452155462431565,9.45327871187501,9.55344702709613
11.083694564854952,-0.10906209465009603,0.01810348333815215,9.648641097395362,9.649274444378978
11.10370123374458,-0.2317153303759774,0.5258723456933792,9.368195348456036,9.385804057465167
11.12370790263421,-0.08145455949434521,0.6809857752685273,9.813144778715285,9.837082236080349
11.14371457152384,0.1153264061125947,0.4679107609608304,10.235292936963205,10.246631747341107
11.16372124041347,0.6061921964576039,0.3294248704691116,10.162154061902001,10.18554686318614
11.1837279093031,0.41721915478311283,-0.10227820606788796,10.43020012920116,10.439042455596311
11.20373457819273,0.8088698964438825,0.27491685372700764,9.969210023223225,10.005748261523008
11.22374124708236,1.5951401185787137,-0.1090119523587002,10.511186359992404,10.632092658463185
11.24374791597199,1.1464507865528022,-0.6287032236168342,10.092844011772966,10.177186123647104
11.26375458486162,0.6599304400222354,0.29626486898026977,10.631431779341447,10.65601345424503
11.28376125375125,1.2228727722528165,0.136427545998512,10.217662125420409,10.29148432451195
11.30376792264088,0.4933574378755523,-0.22113385183732037,10.465355295407132,10.479311198787908
11.323774591530508,-0.27793473788855794,-0.24807938392424686,10.719019799163236,10.725491902663807
11.343781260420139,-0.012584330286805778,-0.06748095006471899,10.235793566957874,10.236023739195147
11.363787929309769,-0.5242468386734095,-0.38659656775581547,10.370488223280859,10.390924773246443
11.3837945981994,-0.09453883351494798,-0.2365065396459765,10.696451573388586,10.699483594836941
11.40380126708903,-0.12691793526012962,-0.6392388498181357,10.268322321752823,10.288983320659762
11.423807935978658,0.3627836670149779,-0.18619019221935545,9.904016082161121,9.912407040292365
11.443814604868288,-0.33483505317178985,-0.500172856296826,10.928977663789492,10.945539738844234
11.463821273757919,-0.6873243228381258,-0.5412708461523706,10.1248509378993,10.16257818510341
11.483827942647547,-0.37142803722320433,-0.9699673027997227,10.2872842646943,10.339584754619645
11.503834611537178,-1.655301848106994,-0.47894878127548995,10.554843068551927,10.694584066021005
11.523841280426808,-0.7049614693250407,-0.7778757015621249,9.9887872046456,10.043800630239797
11.543847949316438,-0.4784771229897527,-0.6710294286596594,9.827649314618581,9.862145400594889
11.563854618206069,-1.3257612888758983,-0.6645214484283202,10.16071358099869,10.26836560634624
11.583861287095697,-0.18689271707473504,-0.6706065803845219,9.497741267201128,9.52322063443066
11.603867955985327,-0.3862120336820095,0.3638337643853862,9.897478840119197,9.91169118433756
11.623874624874958,-0.5383502691475757,0.20915635248442374,10.003325903209088,10.01998485617068
11.643881293764586,0.0492297152090177,0.47353795547353145,9.793260442806215,9.804825947499863
11.663887962654217,0.8831401596219534,-0.37943814706434176,9.354820994243836,9.404072824225148
11.683894631543847,0.22763705195053446,0.09909461466690136,10.239619479891768,10.242628835560511
11.703901300433477,0.42630998362420813,-0.2218107798109586,9.736559182946918,9.748411406337238
11.723907969323108,0.2987369901061916,0.04228044863187494,10.080311170513657,10.08482546799778
11.743914638212736,0.2734062600799318,0.05459785592180022,9.520455856106024,9.524537343986092
11.763921307102366,1.0450726594098687,0.773462540804377,9.284668974238413,9.37525994981787
11.783927975991997,0.4337534666415341,0.3451491241754474,9.582973986819983,9.598992677349592
11.803934644881625,0.8284920727679181,0.8364239151543893,9.394965960498304,9.468441766172685
11.823941313771256,0.5917039605158865,0.7373213146782777,9.068334919924006,9.117480711132995
11.843947982660886,0.9173547014748544,1.274722013682362,9.829525124403329,9.954196101733213
11.863954651550516,0.7652239935028331,0.15408726954082136,9.174223374212199,9.207371240848738
11.883961320440147,0.9205643706027242,0.9764009126067984,8.78688120744033,8.888761379192864
11.903967989329775,0.14955817205643462,0.9296777273049708,9.721490273255109,9.766987327547296
11.923974658219405,0.07560633417181002,0.2675431116215858,9.162056598823032,9.166273875156673
11.943981327109036,-0.3873153185379583,0.8227996200319194,9.127654546830206,9.172845245449688
11.963987995998664,-0.3531068919019517,0.5707809404405996,8.78343407382177,8.8090402137947
11.983994664888295,-0.19510776924087017,0.3402993649864956,9.844735375970467,9.85254714895152
12.004001333777925,-0.19623036134878047,0.09068773198789556,8.951245058257042,8.953854963780644
12.024008002667555,-0.9954493983813395,0.04378813940936496,9.377294183322535,9.430083939523833
12.044014671557186,-0.3743550896383915,0.7902230584824321,9.6609722691997,9.700462844707005
12.064021340446814,-0.2387388113910166,0.08726185046708713,9.546534137761785,9.54991753336449
12.084028009336444,-0.6346013483689518,0.23149637462821954,9.43994190404346,9.464080124055023
12.104034678226075,-0.027455525711347684,-0.33054069681765186,8.989660282840932,8.995776951382938
12.124041347115703,-1.0262166981314225,-0.41523668979806616,9.30352601266283,9.369158899729054
12.144048016005334,-1.1165525847992197,0.05942189407625259,9.652436793385098,9.716982900386922
12.164054684894964,-1.2006275799778652,-0.7479166339576808,9.412332644232025,9.518029821492991
12.184061353784594,0.2637658422076746,-0.5376870427671306,9.763945991614689,9.782296310306887
12.204068022674225,0.09864256142570133,-0.4636111402193622,9.963283345892563,9.974551652821305
12.224074691563853,-0.005474346767303583,-0.4903428286196338,10.103988503613614,10.11588106588879
12.244081360453483,0.30775579291017263,-0.6155225244497738,9.503794177281154,9.528676999998371
12.264088029343114,-0.08539874355976407,-0.4683292700876701,10.586263923373087,10.596962258399007
12.284094698232742,1.4935288224704664,-0.3911657139636472,10.211636629533967,10.327689074181627
12.304101367122373,0.6910812870582284,-0.3769736430894596,10.032809889125025,10.063646294670292
12.324108036012003,0.7747192122299289,-0.877881390354162,10.409261020847596,10.474902414507996
12.344114704901633,1.0755719511409552,-0.6389407698423608,10.837615410551582,10.909583315437535
12.364121373791264,0.9919401053431269,-0.15424408121288918,9.737904256376032,9.789510494173024
12.384128042680892,0.8626006947670461,-0.1916138496272335,10.138871913992611,10.177304137851523
12.404134711570522,0.390957964941689,-0.8087533802640088,9.52478265275406,9.567048381953782
12.424141380460153,0.7937852959067233,-0.21932497268868356,10.322492701421824,10.355291116648988
12.444148049349781,1.2252049111690833,-0.838733886640511,10.394886895118768,10.500394048285228
12.464154718239412,0.8536775449855234,-0.14611281487669714,10.288014635362165,10.324406009205072
12.484161387129042,0.7798138869138527,0.4978480949502994,10.111635785686767,10.15387318643731
12.504168056018672,-0.2421839877414314,-0.26551507755586434,9.695006767687246,9.701665195513055
12.524174724908303,-0.611854765667224,-0.14153760454443332,10.41739532260629,10.436307989669013
12.544181393797931,-0.4336303719943123,0.4254047149116277,10.731106355011665,10.748285820239278
12.564188062687561,-0.5087869412571157,-0.18366412687247224,10.100116807248222,10.114591251412566
12.584194731577192,-0.2140872522730637,0.16598981920113784,10.386410245019762,10.389942432444741
12.60420140046682,-1.416209684498161,0.6033075045460048,9.75523694293919,9.875944391722417
12.62420806935645,-0.17717797990618867,0.2930099964612959,10.32881728395045,10.33449144272825
12.644214738246081,-0.861752347280494,0.4604489124773086,10.034732024546928,10.082186127696348
12.664221407135711,-0.9381425861359194,0.7903744604702512,9.880732355119472,9.956589535236963
12.684228076025342,-1.1019512588716809,0.7165812254693704,9.83423083992529,9.921687429190749
12.70423474491497,-1.2532328222921383,0.6797590499502105,9.893912258452223,9.996107474952973
12.7242414138046,-0.12605853921075372,0.4939525118777509,10.073798832837467,10.08668938570906
12.74424808269423,-0.26682360509409786,0.6891541279585702,9.510587004716882,9.539255391413283
12.76425475158386,-0.6378613768690925,0.5103321863980594,9.729063601643114,9.763297836355912
12.78426142047349,-0.459421449448434,0.6416763486713066,9.77923050566305,9.811022672868932
12.80426808936312,0.10179530988048238,0.3006834759505507,9.405668448988674,9.411023951203418
12.82427475825275,1.0691800620826637,0.3302059605500318,10.219042034659473,10.28012655990553
12.84428142714238,0.442725024835826,0.014459440880078889,9.370317710886871,9.380781871784816
12.86428809603201,0.06243073949156419,0.22034116041950128,9.374207081587317,9.37700411819736
12.88429476492164,0.6486821802112865,-0.0983029795464811,9.23322176835793,9.25650237780935
12.90430143381127,0.6831003853556753,-0.27835594255516216,10.021556239422438,10.048666460139655
12.924308102700898,-0.2817403448709994,0.043048424280457125,9.607375458380563,9.611602051013879
12.944314771590529,0.7394890029930561,-0.06035121521942392,9.124729516055295,9.154844345803856
12.964321440480159,0.5942193756455613,0.023885918005887324,9.706949058994763,9.725149214145297
12.98432810936979,0.8554593889488833,-0.4223253164326345,9.410222518571441,9.458459562109981
13.00433477825942,1.1775286046331077,-0.24592901040762302,9.408003600992144,9.484597326674994
13.024341447149048,0.7272149669034812,-0.2700971029434864,9.214425723469402,9.247023059690157
13.044348116038678,-0.006424262664530944,-0.3590085479636433,9.086179015493629,9.093271001694523
13.064354784928309,-0.5220925698838744,-0.786056984821765,9.411948678346521,9.459135486858399
13.084361453817937,0.7733003050414129,-0.5272449770325818,9.153092750339573,9.200819937587196
13.104368122707568,-0.39586452580003056,-0.4835128008506271,9.873953996319228,9.893708145725835
13.124374791597198,-0.5560996719945763,-0.5978397935134478,8.966599307656809,9.003697152168783
13.144381460486828,-0.6848068547378814,-1.2195482541912324,9.832607927514252,9.931587840260638
13.164388129376459,-0.6749887909535098,-0.525587962148361,9.368342775471872,9.407321559966162
13.184394798266087,-0.8525823941494752,0.1229250179169804,9.526661673267034,9.565526119128974
13.204401467155717,-1.0243976413993534,-0.6036622959178644,9.726850762754536,9.799256321584606
13.224408136045348,-0.9732452763698801,-0.6576328396900193,9.332055060830639,9.405686523491509
13.244414804934976,-0.6887073042586427,-0.2607891732530454,9.828324243966444,9.855875718999494
13.264421473824607,-0.7796377461096029,-0.20419755892900726,8.807787215407322,8.844582934775618
13.284428142714237,-0.7054035269723093,0.14155828869457915,9.457482831021125,9.484809665144708
13.304434811603867,-0.214265340439159,-0.5070622801909594,9.45143570173031,9.467452593810453
13.324441480493498,-0.18230694060101468,0.17921840866982292,9.408817667413022,9.412290101628873
13.344448149383126,0.7018970393649306,0.2273500263206596,9.776919263130466,9.804718138024613
13.364454818272756,-0.7845854769797187,0.09685786693536844,10.01326539835182,10.044423316194145
13.384461487162387,0.8738473559207773,0.3272181309056828,10.163353818555867,10.206098262695557
13.404468156052015,1.0748300908821777,0.6154352748867002,10.07801155391481,10.153833620001908
13.424474824941646,-0.1431934012896916,0.642315401216979,9.856730375438339,9.878674360403943
13.444481493831276,0.6238736957253854,0.10309323555862099,10.214682299354052,10.234235735030389
13.464488162720906,0.6483651933648673,0.7472953665377382,10.185043266571972,10.232982660532505
13.484494831610537,0.2293015164761757,0.5257060580703986,10.468036066818664,10.483736220506817
13.504501500500165,0.43615233244944207,0.5984592067177503,10.4549388013329,10.481131981748087
13.524508169389795,0.21992513100544542,0.6169449606838304,10.260373319260065,10.28125716040333
13.544514838279426,1.2480814023540927,0.5547887597516616,10.005785573519002,10.098576270845804
13.564521507169054,0.7765673975177674,0.9486258683088076,10.096862561515737,10.171016741066268
13.584528176058685,0.7455318049978548,0.5438250458855132,10.139424574305297,10.181330662090387
13.604534844948315,0.348114638001289,0.19798185083500142,10.215074404522912,10.22292158359781
13.624541513837945,-0.5726694036131714,0.3685674874290912,10.388973829308048,10.411271270343118
13.644548182727576,-0.5051802357182457,0.48196353906375833,10.515640896505705,10.53879496848717
13.664554851617204,-0.258887640922597,0.729119600144483,10.272003844272058,10.301101940019683
13.684561520506834,-1.0795764660549492,0.4650993614675112,10.272324550391291,10.339364314631187
13.704568189396465,-0.4114986161033906,-0.053627819389914455,10.284777286359898,10.293145820597898
13.724574858286093,-0.8632830666345106,0.8598744118531976,10.055791320168426,10.12934256169039
13.744581527175724,-0.9484266249591373,0.10393836852935567,9.89660120175172,9.942486187764985
13.764588196065354,-0.5047521935438082,0.31675476915774775,9.60658661139715,9.625051411963804
13.784594864954984,-0.5618385012160635,-0.20024916678022314,9.879539644397518,9.8975282679802
13.804601533844615,-0.7966359259685798,-0.08008516888921036,10.18133900115722,10.212771724135663
13.824608202734243,-0.06797143565677316,-0.068157596776934,9.77689982266939,9.777373661499105
13.844614871623873,-0.8164763001546758,-0.02717726397415071,9.862536042062885,9.896311905623268
13.864621540513504,0.02955461470569415,-0.1391453227987165,10.018328545987393,10.019338388908372
13.884628209403132,0.1987057004152865,-0.2480522712855467,9.97825247086782,9.983312889870136
13.904634878292763,0.01789595453428483,-0.6460165763909034,9.441678214442728,9.463770136010433
13.924641547182393,0.4451924526135164,-0.7522683111685851,10.008716810631007,10.046816218447523
13.944648216072023,-0.028726908503396875,-0.4970265384423042,9.993148680437674,10.005542522248422
13.964654884961654,0.9742603551316265,-0.3193801680803586,9.263315880159295,9.319882404137706
13.984661553851282,0.6327946296313015,-0.6550331019591641,9.305102962844789,9.349568896858043
14.004668222740912,0.56374175422733,-0.24420424520761708,9.862859927407483,9.881975836162376
14.024674891630543,1.2191111386043636,-0.0907059459603845,9.418648250657755,9.49765204703353
14.044681560520171,0.5036874958338131,-0.7521649169758076,8.758382992724275,8.805039795652851
14.064688229409802,0.16791694114527067,-0.6682829798393368,8.970955304762949,8.997379469618975
14.084694898299432,0.017244463336676064,-0.3897819720667839,9.287951329904075,9.296142601312166
14.104701567189062,0.7582728235939148,-0.17795220296616748,8.99147021779999,9.025141624325116
14.124708236078693,-0.14662922792894173,-0.34403515905723386,9.199981149381696,9.207579131896132
14.144714904968321,0.8984984654861379,0.30680616309510755,9.323566250187783,9.371783028636267
14.164721573857951,-0.8151743974366664,0.11842098132220114,9.748706626729485,9.783445902190747
14.184728242747582,0.5162993707607897,0.09329044207015368,9.22546948956181,9.24037636948114
14.20473491163721,-0.24948352092180598,-0.2609111300215572,9.643303253658745,9.650057734905321
14.22474158052684,-0.5271613154999796,-0.14033545331255437,9.765349199620916,9.780574527222466
14.244748249416471,-0.8361267141394296,0.4174815839238466,9.788245781468033,9.8327592380491
14.264754918306101,-0.5566738365384996,-0.23539739240954838,9.470390814149754,9.48965752097365
14.284761587195732,-0.793032885467751,0.7701908504557747,8.828423706231906,8.89736816369406
14.30476825608536,-0.3586475338677339,0.4703791150885279,9.59312353238315,9.611342449055918
14.32477492497499,-0.7354840537491287,1.5304181491956967,9.811402237600158,9.957245119644902
14.34478159386462,-0.6624368572153059,1.2768686163050424,9.51857182770199,9.626651842267073
14.36478826275425,-0.772548845393116,0.543787703184327,10.115692023093871,10.159712687410885
14.38479493164388,-0.522458792055585,0.5664634054400199,9.902475106425007,9.93241447043295
14.40480160053351,-0.22366265779801975,0.8835912151253965,9.869330972100219,9.911329489871513
14.42480826942314,-0.8602744978619339,1.069136391195797,10.080508258534634,10.17348374869866
14.44481493831277,-0.5359220291045869,0.027366461359650263,9.911058501345352,9.925575145127707
14.4648216072024,0.4800461654966097,-0.06832911556614607,9.11964450313268,9.132525885676984
14.48482827609203,0.42115896264221797,0.21916184832840013,9.77345104355049,9.784975834832437
14.50483494498166,0.431305284529268,0.5095665846890366,10.336600943155025,10.358136966208155
14.524841613871288,0.6386182466916459,0.4051777982315884,9.787289934420786,9.816468131339384
14.544848282760919,0.864442499436131,0.49260076588561874,10.01183502201449,10.061150871417164
14.564854951650549,0.5666896308720542,-0.2765852094484855,9.811297487059038,9.831540820003474
14.58486162054018,0.48855861094630343,-0.7017568143299711,10.701772428505267,10.735878410931443
14.60486828942981,0.8547276209369565,0.16040991896871695,10.708331262281058,10.743586415664089
14.624874958319438,0.321969017720287,-0.4333310070733149,9.970974579262204,9.985578294237948
14.644881627209068,0.7771828181739473,-0.8740975245355838,10.307127851251593,10.373280298792196
14.664888296098699,-0.197883884105994,-0.30261184934856883,10.079802217844511,10.086284980795366
14.684894964988327,0.739448646058446,-0.17789687932349452,10.483385925702123,10.510937734904536
14.704901633877958,0.3447516377541366,-0.512740720149329,10.460508503799794,10.478740138771512
14.724908302767588,0.07811254745475843,-0.6629385530755443,10.553453992914983,10.574543974838678
14.744914971657218,0.19000383911924912,-0.6109162984396999,10.40546438782858,10.42511435471804
14.764921640546849,0.29469667233850005,-0.6990169623913096,11.176116866003792,11.201832843109765
14.784928309436477,-0.11522687829794315,-1.0036399247432066,9.970516538281124,10.02156526557395
14.804934978326107,-1.380247047936504,-0.8114042630558167,9.743116101175897,9.873792085740696
14.824941647215738,-1.2458246477575345,-0.4248315185216685,10.110067180232223,10.195392060185736
14.844948316105366,-1.0365987243511088,-0.4557270121098077,9.723950464336072,9.789659680384942
14.864954984994997,-0.7888077316879029,-0.46028566605720994,9.708046747900704,9.750910326291274
14.884961653884627,-0.5640078629098866,-0.7561222792581148,9.812408342260472,9.857645928206063
14.904968322774257,-0.9938870223200182,-0.44851047839138747,9.789291773280237,9.849832815067225
14.924974991663888,-0.5255317610070627,-0.974711108284125,9.729436191442781,9.792250710628087
14.944981660553516,-0.7684403981307107,-0.1882767935769724,10.1185288711705,10.14941256000513
14.964988329443146,-0.5531717398471643,0.2721014405440234,9.756490982296139,9.775947752281493
14.984994998332777,-0.6977757986724935,-0.5099759529410763,9.798520379628746,9.836562822845746
15.005001667222405,-0.32406341030594454,-0.15315665541771842,10.064129836889617,10.070510584313473
15.025008336112036,-0.3174085298262336,0.21119786584719102,9.509629292013978,9.517268619981005
15.045015005001666,-0.000430650317302661,0.57560852693119,9.6047293970935,9.621961970052036
15.065021673891296,0.9581506198681613,0.1480414796226411,9.739998111009891,9.78813220653046
15.085028342780927,0.27634889239834576,0.1511706595570079,8.996274730438051,9.001787617143549
15.105035011670555,1.7950273525310247,-0.16364425920334896,8.814705174020702,8.997106754107794
15.125041680560185,0.9875367391035492,0.5165524432993422,9.589021570406494,9.653568765771487
15.145048349449816,0.8719941245602381,1.1456051687931361,9.59195323309313,9.699399557801446
15.165055018339444,0.4218815048956275,0.6515463546251723,10.02745274152287,10.057450230544164
15.185061687229075,0.9735022904058788,0.5841036861276941,9.424590457568824,9.492722955952669
15.205068356118705,0.355928439379509,0.6964428982609794,9.597593423880781,9.629408979507355
15.225075025008335,0.4979090355341512,0.5918985856229085,9.273399368287157,9.305600098170864
15.245081693897966,1.3131650456579564,0.33321130570926594,9.407690110771602,9.504739103820796
15.265088362787594,0.07599345485075998,0.7928817918512371,9.811463765282092,9.843742060744624
15.285095031677224,0.393579919488922,0.570010249851105,8.673230130200533,8.700846954715304
15.305101700566855,-0.5245755234841154,0.452542110861291,9.440041589930944,9.465429681824665
15.325108369456483,-0.42207218350030407,0.08946671247962751,9.968478253007532,9.977810776989648
15.345115038346114,0.15627542462492405,0.699269708730877,9.430423349814813,9.45760459580663
15.365121707235744,-0.9186563997078596,0.426768846262611,9.864930867041698,9.916800000018988
15.385128376125374,-0.024666848912959782,-0.024541204137034284,9.210570101561073,9.210635826038642
15.405135045015005,-0.5101051586671956,0.35264957965227733,9.424545001041785,9.444925488090922
15.425141713904633,-1.021314593717679,-0.18758537514447235,9.48384762226956,9.540526059643502
15.445148382794263,-0.5058898707017816,-0.36246124272767766,8.852442592180074,8.874291101919196
15.465155051683894,-0.2936698765520137,-0.4424132893535554,9.214933333766767,9.230220358190621
15.485161720573522,-0.3230026791802301,-0.8275933831331913,9.287118523998185,9.329512957135204
15.505168389463153,-1.0597048826228939,-0.22985173042441223,9.916073385178823,9.975185092843425
15.525175058352783,-0.5603544241150099,-0.9872663826871492,9.986169019063768,10.050485742904094
15.545181727242413,-0.19265245548734738,-0.8631186041035808,9.877896444366122,9.917405248298362
15.565188396132044,0.05721021024924286,-1.1626915558909858,10.084453616700962,10.151420068625377
15.585195065021672,0.511446573190427,-0.5990011402884616,9.8441670927961,9.87562685170844
15.605201733911302,0.49703546212368155,-0.6384235979660581,10.309114090653756,10.340815358334382
15.625208402800933,0.0328794182575054,-0.6980081232420045,10.004522507404598,10.028896599198834
15.645215071690561,0.8312518159249764,-0.9058174116818851,10.070143140245163,10.14491338700392
15.665221740580192,1.0009382029665237,-0.9242900807622355,10.020899878290601,10.113091703840023
15.685228409469822,1.0195744798187527,-0.39987972008222206,10.34999125901752,10.407773775989263
15.705235078359452,1.2263622545022828,-0.6586810890548709,10.058096041119548,10.153970707498182
15.725241747249083,1.0855297507082986,-0.3417243065717654,10.512396919535567,10.573818578698788
15.745248416138711,0.855208811034381,-0.6354060866025536,9.909599176963878,9.966708526562096
15.765255085028341,0.5288113794412933,-0.2403128634698062,9.943729330082977,9.960679933484869
15.785261753917972,-0.25055549839896885,0.17824308236991734,10.497867484048749,10.502369750053495
15.8052684228076,0.4215303401514513,0.049832446357570614,10.277153253874905,10.285915132063346
15.82527509169723,0.15588344024660444,-0.1601563472229796,10.173313547873645,10.175768189470924
15.845281760586861,0.0008534360874839358,0.13114001568701683,10.575876436968272,10.576689502963026
15.865288429476491,-0.7935694560625499,0.07096731791942325,10.119680478519554,10.150996100340983
15.885295098366122,-0.8759638293350656,0.23146591977597603,10.228509456977697,10.268558555795613
15.90530176725575,-0.16033948809617776,0.2121502682395171,10.688930206426464,10.692237625755103
15.92530843614538,-0.7058320545172216,0.33422791889589126,10.705625719651508,10.734073282785866
15.94531510503501,-0.49064230569581074,0.5121408301023447,10.684776091945103,10.708289230171086
15.96532177392464,-0.7862376498384982,0.20530310482440872,10.092439070059283,10.125099771840928
15.98532844281427,-0.7793250242585712,0.24191395523397013,10.505614444409613,10.537257931253295
16.0053351117039,-0.3692395889079622,0.16106579161482876,9.80687113340231,9.815141440162998
16.02534178059353,-0.8663392488445937,0.11537930031999244,9.771039570867288,9.810049458207912
16.04534844948316,-0.5031984425216072,0.23458402209234408,9.286546604134646,9.303127762572215
16.06535511837279,-0.5806690640282878,0.6382940579080827,10.43979376324212,10.475394488290611
16.08536178726242,-0.4034938077617035,0.29989533056765805,9.623353549260372,9.636476430535206
16.10536845615205,-0.1755906463857289,0.6861980995900924,9.788274346791258,9.813868482664267
16.12537512504168,0.2173522093546459,0.49482489432710114,9.496615867148702,9.511982263815343
16.14538179393131,0.11086887434673487,-0.16484523846040994,9.922256896314284,9.924245451237002
16.16538846282094,0.9631256310866035,0.5538254830596709,9.546242563508487,9.610675352350809
16.185395131710568,0.23794231035842783,0.5240835766118481,9.214644465231787,9.232602707739556
16.2054018006002,0.625625438974316,-0.1001820663022098,9.688352349550117,9.709048093677035
16.225408469489828,0.5933654039042981,0.23667057975459965,9.078748109555333,9.10119567434007
16.245415138379457,1.3777158778956617,-0.23621217671889816,9.2145091887424,9.319929013788368
16.26542180726909,0.8664842769737687,-0.040308392414428976,8.794929748869663,8.83760199693867
16.285428476158717,1.1493725296471569,-0.5377248828056251,8.9659716682654,9.055321817452633
16.30543514504835,0.053629207771143106,-0.7814761906890575,9.418210154370957,9.450728206886295
16.325441813937978,0.6328644837020393,-0.4380270213577018,8.752477072781684,8.786252900738743
16.345448482827607,0.7332699260173485,-0.43259817408079987,8.880666518013278,8.921382391130962
16.36545515171724,0.24246365009844523,-0.5780990439566351,9.313672938683416,9.334746420498332
16.385461820606867,0.45719177030165753,-0.8668999680534204,9.147011820598738,9.199367647594894
16.4054684894965,-0.3560465573239483,-0.6729348567240023,9.909806901848413,9.939008165018219
16.425475158386128,0.2420797221426676,-0.5008923155072381,9.870831766010074,9.886496621982957
16.445481827275756,0.4417701367379877,-0.6106533413349348,9.075009567268784,9.106253730432565
16.46548849616539,-0.7546966634667754,-0.544376765298516,9.523319455119546,9.568674232133898
16.485495165055017,-0.8884588872993668,-0.7884961301179322,9.607557317250528,9.680715001790226
16.505501833944646,-0.1933917164168658,-0.21093848690317712,9.235585757563232,9.24001838128802
16.525508502834278,-0.16790768143616108,-0.877523915039615,9.003276427377422,9.047498418829464
16.545515171723906,-0.9931009418975942,-0.32870572836427653,9.489936957730588,9.547418520121461
16.565521840613535,-0.8962858539047052,-0.059920967984715134,9.487505511893808,9.529935975258663
16.585528509503167,-0.7480548974931934,-0.20031664560138548,9.457822971021383,9.48947460291392
16.605535178392795,-1.0478614408284685,-0.3276209428750806,9.773271892539569,9.834744153606104
16.625541847282427,-0.7262782098888856,-0.3415664836090264,9.469548688358007,9.50349935876608
16.645548516172056,-0.5909173877627594,0.21569321456852963,9.404832393998346,9.425846342964219
16.665555185061685,-0.3171752098331611,-0.43192064304331923,9.83958227159611,9.854163324967173
16.685561853951317,0.15578742368383375,-0.2058463305128955,9.979114311675742,9.982452848807014
16.705568522840945,0.4344154816489696,0.05420790655729785,9.56611391837954,9.576126085596638
16.725575191730577,1.1146275704975486,0.6291157483517046,10.25192366699714,10.331511027902621
16.745581860620206,0.22357758958294643,0.4502387954419897,9.49465077607193,9.507949057028444
16.765588529509834,1.1133835202973534,0.11674554951954141,9.901900580347448,9.964983065198227
16.785595198399466,0.694106323614374,0.3756704909637568,10.044079017789931,10.075040209441864
16.805601867289095,0.7802144064036134,0.33542302203509966,9.972778855597321,10.008874123812324
16.825608536178724,1.0494416493004235,0.34593674772215033,10.031770538765473,10.092443715530639
16.845615205068356,0.2701993192494438,0.8790008715535869,10.795250761998055,10.834347660045546
16.865621873957984,0.7753569279473296,0.18697774010604162,10.00588262394767,10.03762054100617
16.885628542847613,0.5603491614007035,1.0807086902861447,11.014965472888024,11.082029905430582
16.905635211737245,0.5369516808653101,0.8325338558060349,10.429145496160046,10.476092091458662
16.925641880626873,0.2845097686958312,0.8840489037215413,10.334792898635104,10.376436408051331
16.945648549516505,0.9712259066690325,0.3779883904672366,10.45286051525778,10.50468695090664
16.965655218406134,-0.44517121870704246,0.4202289091147782,11.065385987824554,11.082307377507847
16.985661887295763,-0.5719650305493258,-0.026959237220475885,9.99840200072,10.014784738807146
17.005668556185395,-0.7599827627755327,0.17421029528807322,9.944206685397605,9.974726544051556
17.025675225075023,-0.8580408176840304,0.40079680385328453,10.031710746169585,10.076313443795067
17.045681893964655,-0.9835125497526325,0.5568713658371185,10.23992183216734,10.302106667206838
17.065688562854284,-0.30851687778978465,-0.25255924338324787,9.6792821929379,9.68749052158629
17.085695231743912,-0.23151289595896873,-0.12033619302164907,10.165501631131365,10.168849612069238
17.105701900633544,-1.0028346951564922,-0.14610373127171938,10.624190610849892,10.672415371497314
17.125708569523173,-1.0428140649821134,-0.6071929017906684,10.114961199392175,10.186686628110177
17.1457152384128,-0.4204519408533226,-0.09451340020009255,9.931827418395876,9.941172389923876
17.165721907302434,-0.6980059077123368,-0.5664016015308739,9.781598649672352,9.822815032600891
17.185728576192062,-0.06771903746344526,-0.4771769365560361,10.182006040549295,10.193406236709999
17.20573524508169,-0.06713853959853175,-0.6139937999774678,9.608798495106456,9.628629419053903
17.225741913971323,-0.5744606349022954,-0.7641942539883522,10.353967739251132,10.39801162839965
17.24574858286095,0.8293607969579082,-0.5665119689383876,10.323684756266406,10.372427010552952
17.265755251750583,1.0965073845964288,-0.6532687140161985,9.765177941320426,9.848237846581382
17.285761920640212,0.2815599949236983,-0.7109628341099499,9.630731971511436,9.661042515656353
17.30576858952984,0.4932640397303799,-0.8151501154339121,9.891666169136037,9.937446287915899
17.325775258419473,0.8513073429632596,-0.48441037036604717,9.862098702828112,9.910618972769827
17.3457819273091,0.921790077658706,-0.05465991237529244,9.246585822679503,9.29257951429357
17.365788596198733,1.0622985591259755,-0.46674793091500594,9.289253147870998,9.361439841443506
17.385795265088362,1.5731091359365559,-0.15629392259709823,9.013990273251412,9.151563843960163
17.40580193397799,0.6291898174273631,-0.808274525055883,9.501994278104545,9.557043622132323
17.425808602867622,0.2759067305148703,-0.2710731097664407,9.553350660685867,9.56117743799418
17.44581527175725,-0.09158979935940392,-0.5675742163494993,8.92831062388,8.946801650807952
17.46582194064688,0.009220268025535105,-0.5959897516846926,9.182749847681412,9.202074959624522
17.48582860953651,0.11442068508172194,-0.2857993629238111,8.907428463420738,8.912746781996006
17.50583527842614,0.6650651065591102,0.3839594621949125,9.040632244643882,9.073189507966102
17.52584194731577,-0.43754246194762564,0.401172661046246,9.480634320834634,9.499200494534563
17.5458486162054,-0.30697185920686404,0.2762092181080399,9.106666405390595,9.116024148365472
17.56585528509503,-0.5488323506538508,-0.17397992703728787,9.254024342030128,9.271917411572554
17.58586195398466,-0.1850374086034946,0.3029768170253359,8.879594460341016,8.886688448142895
17.60586862287429,0.2659137090849697,0.5201833366782534,9.453054966841758,9.47109017012132
17.62587529176392,-1.0036983211791721,0.540387946796652,9.418126944959504,9.48686168363138
17.64588196065355,-0.9932750037660261,-0.018434325450088274,9.25201282742953,9.305196205152354
17.66588862954318,-0.345326707939773,0.30244107828107514,9.457626220243576,9.468759943249545
17.68589529843281,-0.4168289417130543,0.572210691281857,9.615829279093559,9.641853772306435
17.70590196732244,0.15765804703431996,0.760786456265278,9.36786489088675,9.40002897366492
17.72590863621207,-0.20927225370566688,-0.0640986825578913,9.222558539962103,9.225155258330595
17.7459153051017,-0.42580280560859995,0.5274354500198047,10.2620699636559,10.284433680187274
17.76592197399133,0.1293142897635216,0.587236709345909,9.58652179933469,9.605361489681671
17.785928642880958,0.5171243169922427,0.7550926742452574,9.804009837917762,9.846633506326505
17.80593531177059,0.5786719635822195,0.6525927935851548,10.192529487793879,10.229779858590463
17.825941980660218,0.6174554631621936,0.553932690317315,11.003220187529275,11.03444367286556
17.845948649549847,0.984148901192571,0.0649935516362811,9.624664011307647,9.675067470154069
17.86595531843948,1.1397101050186373,-0.3485370209252207,10.184060550468756,10.25356067295898
17.885961987329107,1.3051101024625615,0.019751404098448597,9.884891875600132,9.970696559910907
17.90596865621874,1.05363550334796,0.3488337438899586,9.979894078979076,10.041420147689927
17.925975325108368,0.7287234406609882,0.37595954466055004,9.96560225134858,9.999280557333815
17.945981993997997,0.8151170069536038,0.0816225397857053,9.879351974951227,9.913257457516112
17.96598866288763,1.1613330306124052,-0.08921778506581007,10.234839186525582,10.300902261219795
17.985995331777257,0.23965139877497776,-0.18565439019268087,9.829463586525367,9.834137214029544
18.00600200066689,0.5727147821164857,-0.5411049800334384,10.57453975104781,10.603852496501542
18.026008669556518,0.10505067307929128,-0.47951025183341917,10.319537861275885,10.331206483070321
18.046015338446146,0.0976483945114355,0.004010177023591965,10.436003053935666,10.436460656382746
18.06602200733578,0.4169035191897558,-0.8244154949980546,10.169267914833197,10.211144861197575
18.086028676225407,-0.1938488323134242,-0.08985016270840984,10.192433502383716,10.194672683418629
18.106035345115036,-0.4137457438046642,-0.6904850372739454,10.37603577582766,10.407212573425758
18.126042014004668,-1.1162549917787394,-0.20235184951530055,9.921589092015473,9.986235606497257
18.146048682894296,-0.3846267364578252,-1.0145043247490355,10.138553034917823,10.196441261203542
18.166055351783925,-0.5009241823407724,-0.3957111786391643,9.957637982686476,9.978079302530832
18.186062020673557,0.06889423952011264,-0.7585568046517739,9.912738304159463,9.941958334698088
18.206068689563185,-0.9162078047411296,-0.9159411652286436,9.506614769644285,9.594483276239938
18.226075358452817,-0.6616931087731566,-0.3684764340351994,10.496807714670586,10.524095441006088
18.246082027342446,-0.5676543994637157,-0.06401307373332471,9.840847504039587,9.857413899629124
18.266088696232075,0.07954331959898775,-0.5448231427986389,10.344593522642995,10.359236195073903
18.286095365121707,-0.445473965876875,-0.6589147806312015,10.262617163684252,10.293392384960118
18.306102034011335,-0.13089787008755033,-0.14988120513744455,9.50089084121804,9.5029745556214
18.326108702900967,0.17786439833024342,-0.05889789580626805,9.503898108661442,9.505744787555697
18.346115371790596,0.18989042305263926,0.22223099700941443,10.542041986522907,10.546093790328756
18.366122040680224,0.11133901636084229,0.43170462819602984,10.243100185173077,10.252797992063572
18.386128709569856,0.5274343841776906,0.21475818824217524,9.653476725315612,9.67025961364224
18.406135378459485,1.0162062493309554,0.8697078919413319,9.687134480007835,9.779040923947552
18.426142047349114,0.28318984295325583,0.4536914463283893,9.370217064735208,9.385467503320136
18.446148716238746,0.8186564647520798,0.3470809490488416,9.641928474432476,9.682842986362258
18.466155385128374,0.5180692432547552,0.02188342805769483,9.253627113529287,9.26814379374179
18.486162054018003,1.2680970890432794,0.4694231146961215,8.819997358700336,8.923047780625852
18.506168722907635,0.1324862735729242,0.4777212355954668,8.99902098655592,9.012666026659257
18.526175391797263,0.4320598498862078,0.8840033153975527,9.372899690754545,9.424403757716677
18.546182060686895,0.6869568873500775,0.7383973967063874,9.004005464033808,9.060312073923898
18.566188729576524,1.0153962914820855,0.23596293035492527,9.305863011707801,9.364069335813818
18.586195398466153,0.196160345673461,0.6181766244931421,8.99255633639922,9.015913191884572
18.606202067355785,-0.17768664413513247,0.7318201618585762,9.07548646511733,9.106678201810722
18.626208736245413,0.6165255431108421,0.9405853665357825,9.56777071052322,9.633641105324372
18.646215405135045,-0.8885432009674132,0.6892912999909802,9.394063421186882,9.461134132730075
18.666222074024674,-1.3464903186671082,0.5825503307277455,9.331185467025186,9.445815120259198
18.686228742914302,-0.4247863835857282,0.2955317136356203,9.618124522478718,9.632035184495056
18.706235411803934,-0.9048096420748974,0.31090648869365695,9.524793246536303,9.572723213504457
18.726242080693563,-1.1797874984050911,0.48175589740541797,9.84624511966393,9.928369969062576
18.74624874958319,-0.5159375550024461,-0.38286522469107437,9.311069071920452,9.333208698138773
18.766255418472824,-0.6889982372357313,-0.17818560690396046,9.361502439223816,9.388514078437288
18.786262087362452,-0.9592915784061037,-0.3937802527996995,9.145512696597507,9.204113520786349
18.80626875625208,-1.1555214293352065,-0.13324001081550907,9.456109115269163,9.52738066175649
18.826275425141713,-0.17135570892468271,0.042713839056700065,9.926071493118718,9.927642345367408
18.84628209403134,-0.1106702284629339,-0.5773999656457545,10.080690486446551,10.097819532123248
18.866288762920973,-0.24193220035374238,-1.1783076430458095,10.034365005297145,10.106207060552448
18.886295431810602,0.7151931160422301,-0.6373162392227394,9.26440987575739,9.31380499731674
18.90630210070023,-0.27149933775172674,-0.28037575485395305,10.184098733749252,10.191574435437474
18.926308769589863,-0.28165939491537983,-0.4213050340197364,9.363458824485248,9.37716327597345
18.94631543847949,0.20705400711733463,-0.46908260713023997,10.238966147255898,10.25179679952874
18.966322107369123,0.5961843437226491,-0.6829098814490175,9.911672385041772,9.953042306063024
18.986328776258752,0.811032921706922,-0.9703922616571898,10.282533822000948,10.36001628097997
19.00633544514838,0.6800967656739494,-0.40654137170090776,9.718458396269355,9.75070464620906
19.026342114038012,0.9407167051878997,-0.7731166745860978,10.512021742006256,10.582308746977423
19.04634878292764,0.281803438311344,0.18256878994734405,9.759173932470656,9.764948560290613
19.06635545181727,1.3025619090045621,-0.24060128633611644,10.031155340949951,10.118232749845447
19.0863621207069,0.5978690314870465,-0.515689570362811,9.959897177624446,9.991142822552565
19.10636878959653,0.9511666238238687,-0.4468963779569368,9.75492883352716,9.811374565578825
19.12637545848616,0.4891505945743464,-0.2073657138753923,10.325436387876714,10.339095968388726
19.14638212737579,0.3646258346164074,-0.16325833933601125,10.848540952784578,10.855894531952519
19.16638879626542,0.23042102011487323,0.33379307749846715,11.110070949434416,11.11747220219431
19.18639546515505,0.0020589236415299306,0.1448470530912851,10.336038345870772,10.337053429061243
19.20640213404468,-0.09044927975966482,-0.042407629475158165,10.632435016624248,10.632904300424425
19.22640880293431,0.03132628325213671,0.8283519710611589,10.351365814210615,10.384503962327305
19.24641547182394,-0.5490154962691525,0.3542174141366321,10.409677586069991,10.430161812625403
19.26642214071357,-0.43931536998256165,0.6405730768266199,10.129889424081583,10.15962556422125
19.2864288096032,-0.8172496920040927,0.28863950706625224,10.258176014326994,10.29472607527922
19.30643547849283,-0.22391349966201834,0.6305288191115457,10.32303340484788,10.344695380950872
19.32644214738246,-1.0483402253663547,0.6535675517272066,9.945890785128677,10.022320653546235
19.34644881627209,0.004421413161381893,0.019256355826849703,10.049863002042914,10.049882422992075
19.36645548516172,-0.6336899572754372,1.2033378234081094,10.00590073186684,10.097902472056743
19.386462154051348,-1.060122165903565,0.984954072505986,10.218940348281441,10.32088830349988
19.40646882294098,-0.281887000857349,0.4640314684690553,9.596740510990346,9.612086866038256
19.426475491830608,-0.4338831369024223,0.22469327893063434,9.84525597038206,9.857373218481102
19.446482160720237,0.354692610121626,0.6192133749378399,10.37784026118306,10.402345915129379
19.46648882960987,-0.06365656443723425,0.488829657472537,10.097050318124587,10.10907669962794
19.486495498499497,0.18781437636402515,0.5068850890273308,10.096974508772327,10.111434169505602
19.50650216738913,-0.23930720298143238,0.3859328438494541,9.645444780167352,9.656128473908067
19.526508836278758,0.4594762213320489,0.4011472920019567,9.682506631423314,9.701699449859625
19.546515505168387,-0.23791090815482618,0.5986206361844715,9.837831735113095,9.858898595415377
19.56652217405802,0.15202265123676817,0.2462793717066448,9.959679558306703,9.963883847153664
19.586528842947647,1.1036434690057522,-0.3293513960021834,8.864635030989977,8.939141764251325
19.60653551183728,1.0869340552056488,0.3043392436986101,9.018597957457589,9.0889579784417
19.626542180726908,0.8765454704501989,0.3001516568525716,9.774251078761592,9.818065345553077
19.646548849616536,0.21731002107911596,0.6703425821413854,9.272018345646096,9.298758359302125
19.66655551850617,0.45195687142338786,-0.689312445660656,9.133052711919639,9.1701727628258
19.686562187395797,0.31252759989325374,-0.3483889376247336,8.943883259175424,8.956120594672267
19.706568856285426,-0.32245620692625365,-1.105305107886429,9.1454525566032,9.217645027445194
19.726575525175058,0.5619874746180724,-0.3632357859622317,8.88944071078045,8.914590641656634
19.746582194064686,0.13331873557797858,-0.7301271108955205,9.942064715550089,9.969729700022304
19.766588862954315,-0.47317158236689816,-0.012272556913252242,9.31892294271765,9.330936007406876
19.786595531843947,-0.5215748887676526,-0.8319459594120258,9.325378719286025,9.37693247827282
19.806602200733575,-0.5693812206928012,-1.1029545403756225,9.542271038592,9.622662846975595
19.826608869623207,-1.5565569548369977,-0.7206762521291933,9.683314620260578,9.834064564003365
19.846615538512836,-0.8881443410064163,-1.1418841857129054,9.712451668047974,9.819593538849295
19.866622207402465,-1.0712402389934697,-0.2813746607769894,9.789721405581501,9.852176031124637
19.886628876292097,-1.1675628187051907,-1.0721879736023352,9.32170820281542,9.4555292715319
19.906635545181725,-0.8087258202071277,-0.37980363639285875,9.468752341582062,9.51081274974451
19.926642214071357,0.12891472752412025,-0.9385424563829416,9.839193002680531,9.884695235231254
19.946648882960986,-0.19761051462701068,-0.330987573466636,9.50321447873942,9.511029813758498
19.966655551850614,-0.5230647382285889,0.3437508124323906,9.714746483530021,9.734888832476978
19.986662220740246,0.10881287209580842,0.04795732720623407,9.891953191728794,9.89266789565484
20.006668889629875,0.6200236747922083,-0.2288914468389623,10.06440689684112,10.086084812102364
20.026675558519504,0.6075635575949767,0.11050435680562067,9.35183336156808,9.372199950488051
20.046682227409136,0.4268723350574594,0.21225689639644862,10.154886921466712,10.16607108809893
20.066688896298764,0.28900957306298175,0.4309294294847848,9.924003496591633,9.937558659292586
20.086695565188393,0.9439116142764465,-0.04519553761928535,10.25766136701988,10.30109841194806
20.106702234078025,0.9049719432649448,0.6100671925665437,10.326796794665073,10.384309713979432
20.126708902967653,1.1504989940425339,-0.32140360561429526,10.62075745979464,10.687723669368435
20.146715571857285,1.0509366133664972,0.347438653460851,10.584886021296168,10.642602758116265
20.166722240746914,1.180510768212443,0.4242293972826803,10.61857233587218,10.692411080178985
20.186728909636543,0.4716373580305203,0.7820553446154692,10.678279660157823,10.717262190507046
20.206735578526175,1.1027721784860076,0.6067457188033423,10.357605840880408,10.433803026699753
20.226742247415803,0.5155824257134592,0.17256072961559438,10.298977285328062,10.313318358647397
20.246748916305435,1.1051199840678079,0.27950897266446356,10.56416794152251,10.625491035320575
20.266755585195064,-0.17620676299389262,0.6023288392440661,10.528653372801374,10.54734045617717
20.286762254084692,0.6132357085231747,0.47439639933447525,10.216634954946153,10.246010920379552
20.306768922974324,-0.1784666515465626,0.2684580993484168,10.424742890141344,10.429725999390996
20.326775591863953,-0.681545268663065,0.2319809532099201,10.28040074112071,10.30557899945095
20.34678226075358,-0.7564180031672265,0.5105724293418739,10.016234507129038,10.057723703846813
20.366788929643214,-0.8041933543493174,0.06505260225291198,10.635124920096908,10.665685203413128
20.386795598532842,-0.5851134979705037,0.10756660366025023,10.234518737678933,10.251795070700128
20.40680226742247,-0.585892380377633,0.695565335712176,10.79732759004399,10.835560165693055
20.426808936312103,-1.0242227494690175,-0.4729426324013248,9.655058084168475,9.720743468621091
20.44681560520173,-0.7636846999026601,-0.6907718097810703,9.931408845760654,9.984651304662902
20.466822274091363,0.18220124071528154,0.013547802534829873,10.060282846529176,10.061941750340283
20.486828942980992,0.1299429445292022,-0.5064008371363738,10.34067934817424,10.3538870168861
20.50683561187062,-0.24430865664369203,-0.47268074041473357,10.06585717468837,10.079910439249716
20.526842280760253,-0.24004812876344792,-0.6773909203129623,9.983970442605836,10.009802563580974
20.54684894964988,-0.030635741234380044,-0.5767563265884872,9.496428266039269,9.513975836679975
20.566855618539513,0.3473696612983228,-0.06369820212273591,9.430989144473726,9.43759923845707
20.586862287429142,-0.13174186580416702,-0.33472614294301134,9.818695355117772,9.825282488894983
20.60686895631877,0.3356966226067687,-0.33573520753321506,9.257710427362458,9.269876628569689
20.626875625208402,-0.0898765905350406,-1.0248081198990857,9.454206290207289,9.510011885477976
20.64688229409803,0.8467121793907413,-0.9371982565847643,9.713381184386781,9.795153705791108
20.66688896298766,1.0203427064103776,-1.4220459448951064,9.220901834641866,9.385539118879597
20.68689563187729,0.6038116253214291,-0.7786538601627497,9.953463213712954,10.002115789149647
20.70690230076692,1.4216672681494953,-0.20217613881501323,9.79961810431464,9.904268170987953
20.72690896965655,0.256372719303749,-0.27634038930721405,8.926419454895305,8.934374923110125
20.74691563854618,0.07746969190131214,-0.4303172262927357,9.08881209846028,9.099323042376588
20.76692230743581,0.6357300334303779,-0.2947283119514535,8.659112986467866,8.687419361679714
20.78692897632544,0.8196857440539064,-0.41233705417390704,9.09233884639474,9.13851915043728
20.80693564521507,0.9088794296806881,-0.05720576068086611,9.545476993067973,9.588819809650287
20.8269423141047,-0.12577946309346602,0.20086238176513418,9.186158013225024,9.18921461353922
20.84694898299433,0.30876712829576125,-0.4232784241207713,9.449720486452637,9.46423367399204
20.86695565188396,-0.3123325175505301,0.24037414933065318,8.862309841621064,8.871069104796753
20.88696232077359,-0.525066500498866,0.5157848940739178,9.572209280765204,9.600464540930739
20.90696898966322,-0.2383903407441419,0.1917377572393511,9.186191717561012,9.19128454536676
20.92697565855285,-0.43659111302153286,0.5995084834947346,9.382129847684675,9.411396426703488
20.94698232744248,-1.398183429637629,1.2978834939284154,9.381888431437272,9.573883695066574
20.96698899633211,-0.20798305757694358,0.4760737551788432,9.064675607871802,9.079551037829743
20.986995665221738,-0.23682262708642232,0.6677347959916384,9.141256519605061,9.16867086723589
21.00700233411137,-0.9891281088275605,0.3582060967277918,9.822689333334932,9.87886186575243
21.027009003000998,-0.4929561310912971,0.6507149288636978,9.700767803719279,9.735056838432078
21.047015671890627,-0.33283779805027064,0.7375935876724495,9.947731105111936,9.980590134856657
21.06702234078026,-0.2783103118317512,0.6475214311192257,9.784026828598416,9.8093792676277
21.087029009669887,-0.4353278715512183,0.2593380566325499,9.785016917444471,9.798128528348757
21.10703567855952,-0.3055099373733693,0.5904954400544876,9.280674820321106,9.304458410197835
21.127042347449148,0.13314215744363123,0.9185808811749692,9.773873594788515,9.817847152825975
21.147049016338777,0.7853710708084205,0.5549482112782564,9.902698750074142,9.94928227415343
21.16705568522841,0.6905112465604402,0.6398420214550391,10.551486371921026,10.593397389453548
21.187062354118037,0.45749996170488294,0.20305329379839032,10.224292468893125,10.236537175458654
21.20706902300767,1.0162187182989975,0.415811429604958,10.529013007749588,10.586109509436005
21.227075691897298,-0.366154688882562,0.18697186574724298,10.294143889928618,10.302350516330067
21.247082360786926,1.2590707798015874,-0.2720751946185528,9.94428133916552,10.02736333701699
21.26708902967656,0.08921925788675167,0.018461087215168065,10.231154000481009,10.231559659664677
21.287095698566187,0.5856439504006802,-0.46314649452988604,10.300292689461767,10.327318771133957
21.307102367455816,0.19102083629931982,-0.4402819633175775,9.975725054070633,9.987263264855683
21.327109036345448,-0.0032859374840691347,-0.27271237817176314,10.164480316123731,10.168138617045896
21.347115705235076,0.828381552289737,-0.3119468520530986,10.234384467235998,10.272592285196627
21.367122374124705,0.007875196720264183,-0.8203890490850151,10.78790314282879,10.819055154200726
21.387129043014337,0.15452321177813563,-0.1993932079407708,9.685753083533838,9.689037509966425
21.407135711903965,-0.18269227824576253,-0.38424682527629517,10.669086185831118,10.677566301922827
21.427142380793597,-0.14459655885225414,-0.7949027840566238,10.017308563442938,10.04983828009984
21.447149049683226,-0.45907359689713606,-1.0591433640529602,9.871485898165139,9.938750780186547
21.467155718572855,-1.132418538286073,-0.6421444212330357,10.615805684647784,10.695328491344942
21.487162387462487,-0.3185662404469916,-0.7196644490688064,10.454328896859854,10.483911200144965
21.507169056352115,-0.975870476303613,-0.5258411707284406,10.578620588307958,10.636542938132065
21.527175725241747,-1.4226142142502693,-0.6299066931403959,10.404965605572846,10.520642703647145
21.547182394131376,-0.9520580039715427,-1.072565028604183,10.740662706021766,10.835988443517175
21.567189063021004,-0.1215326448012376,-0.5255064171391826,10.244282274527073,10.258471937788611
21.587195731910636,-0.2859731924839423,-0.4300733284544689,9.980268276979743,9.99362289738589
21.607202400800265,-0.6378313796019024,-0.06998921658391494,10.077858526653275,10.098265189748238
21.627209069689894,-0.484975269575017,-0.3853403461697833,10.293681051232175,10.312301284339105
21.647215738579526,-0.30322586296627263,0.4159235683270368,9.631072779290275,9.644817324275646
21.667222407469154,0.835727384638426,-0.5709780603922705,9.612862107726876,9.66600093673982
21.687229076358783,0.33714606815706794,0.4860001932381559,9.659304074421527,9.677397318558208
21.707235745248415,0.5263329466963007,0.11338586137374623,9.064922318523614,9.080897497780988
21.727242414138043,0.9183109935758941,0.5224850522463325,9.683479552330109,9.740947692660018
21.747249083027675,0.7277885996577007,0.3664683610968851,9.024123603800177,9.060837826721118
21.767255751917304,0.6224980703141012,0.7545335380268492,9.556599573484943,9.606530076749081
21.787262420806933,0.7043995768415805,0.35722491573327303,9.754431744847711,9.786354125473286
21.807269089696565,0.7712092731517313,0.19386156338129906,9.30997445845634,9.34387341876276
21.827275758586193,0.7610947287564063,0.9877248177046083,9.918928821778525,9.997000273740074
21.847282427475825,1.0036095719271008,0.5529009334822066,8.945440729685576,9.018527677144801
21.867289096365454,0.6335839811109502,0.6654537901419922,9.714218162380025,9.757576129052168
21.887295765255082,0.7748686436888175,0.9678489947955955,9.538424088721849,9.618663482418347
21.907302434144714,0.2939701161779226,0.2727055665450824,8.806178020514597,8.815302495333029
21.927309103034343,0.18552236122208143,0.732583329039537,10.125583762797016,10.153745290183256
21.94731577192397,-0.8252548669574012,0.3360307678778047,9.290942322734947,9.333572280578583
21.967322440813604,0.16183778560491466,0.42076048022280726,9.050933240533876,9.062153352000168
21.987329109703232,-0.23438130289502188,0.41905038226236696,8.90250434855449,8.915442865839735
22.00733577859286,-0.1230416727189384,-0.12476930153227173,9.275283040603744,9.276938186446095
22.027342447482493,-1.8033927574598658,0.012188680500010901,9.325717224546853,9.498493341251596
22.04734911637212,0.100690967664123,0.5661207774529036,9.423087066469312,9.440614453937531
22.067355785261753,-0.8428100956546709,0.3379633788914573,9.336649434217284,9.380702039841106
22.087362454151382,-0.35589642965632895,-0.037016382901264334,9.65456067980728,9.661189078023783
22.10736912304101,-1.1865855028674952,-0.03520409602227875,9.391325278282359,9.466055935102924
22.127375791930643,-0.45768070866087585,-0.2838744487665855,8.974012406155182,8.990158786115515
22.14738246082027,-1.0204953230349647,0.12835518666349666,9.559847380396016,9.615017820823018
22.167389129709903,-0.7144318535092493,-0.4154158266430455,8.947192229312908,8.985278625096244
22.187395798599532,0.4585949821627324,-0.35437798283530764,9.818297083780688,9.835387676027805
22.20740246748916,-0.20973202688559578,-0.13911397331026493,9.47435709096084,9.477699220154207
22.227409136378792,0.133876330785207,-0.7641589038576184,9.87367165796025,9.904102872622886
22.24741580526842,0.5729013934449567,-0.09927646778715021,10.27521495079154,10.291652642245435
22.26742247415805,0.5896540637940693,-1.049141892877641,9.65178905069583,9.726531884771244
22.28742914304768,0.5981032235726436,-0.11080114260493806,10.308595428328912,10.326526234131897
22.30743581193731,0.8030504067146214,-0.7075667515870853,9.911702317273129,9.969322117873086
22.32744248082694,1.7040652996120749,-0.6511132276707363,10.616215527811104,10.771806678247033
22.34744914971657,0.7674217409314609,-1.1147119696948997,10.02566586618849,10.116595028184747
22.3674558186062,0.8783808782744202,-0.6411132915364792,9.923860196292505,9.983265017791604
22.38746248749583,1.1849959002223338,-0.7621208094064857,10.418296328785356,10.51313187428259
22.40746915638546,1.134751181489162,-0.5677524363378447,10.112363052166232,10.191657842160684
22.42747582527509,1.0598538039472865,-0.3531771172211976,10.016102724580923,10.078211049150916
22.44748249416472,0.7032091660822896,0.055914020354098704,10.1447604192392,10.169257272421452
22.46748916305435,-0.169634149383398,-0.0833260932090474,10.288192117060229,10.289927891874983
22.48749583194398,0.7661309338030128,0.0358192358987892,10.711404605111035,10.7388280664039
22.50750250083361,-0.5263377605522274,-0.2947334005498387,9.729323760063496,9.748006978029862
22.52750916972324,-0.12384691156334557,-0.14066806758865508,10.310886605740984,10.31258978914568
22.54751583861287,-0.7112278518632953,0.7500052019768432,10.479530060616721,10.530380009839526
22.5675225075025,-0.5789120248811772,0.07187867772624887,10.332026574614563,10.348481957050765
22.587529176392128,-0.537285820586848,0.8647109921720024,10.642952021038726,10.691530707766734
22.60753584528176,-0.6216869822748334,0.3619852494237302,10.19806364300005,10.223405992691957
22.627542514171388,-0.6246538639318224,0.4927677167913935,10.130129669598654,10.161325680998504
22.647549183061017,-0.15068122137989737,0.8591926463780613,10.323520786718118,10.360308792109807
22.66755585195065,-0.576906970872381,0.9534318481881323,10.13164910449735,10.192750733675506
22.687562520840277,-0.7794790506033599,0.5594134159796689,9.937033749815956,9.983244497921952
22.70756918972991,-0.18491817259624865,0.4835171254820953,10.1581792373765,10.171361214697756
22.727575858619538,0.04558535783292239,0.5769200184000534,9.75428521812059,9.771437706342159
22.747582527509167,-0.7589639820239182,0.6753057211957201,9.7116076573101,9.764598682619447
22.7675891963988,0.14697978321784133,0.8084972603001488,9.680393393533802,9.715209062606963
22.787595865288427,0.36911862464771383,0.49727340588862123,10.188175018961095,10.206979945911954
22.80760253417806,0.14573453788034132,0.6253035668128984,8.75976678886932,8.783265753783045
22.827609203067688,0.9776555903924543,0.8647939422675184,9.78964186911475,9.876272927655085
22.847615871957316,0.5081760487677666,0.4128493210066869,9.627912008075608,9.650149071058093
22.86762254084695,0.7302874835740611,0.3103442795642624,9.06249718736087,9.097169265845661
22.887629209736577,0.6880174286706271,-0.32535781838703803,9.611914282067392,9.64199781466223
22.907635878626206,0.8020625559443506,-0.7483962800882737,9.617680511721801,9.680040276840343
22.927642547515838,0.3553341475095871,0.06691566050003929,9.612089199835609,9.618887609677268
22.947649216405466,0.17536682634570577,-0.16733771732319364,8.604683713089754,8.608097190304811
22.967655885295095,1.308426415397608,-0.379464212954879,9.780422904995957,9.874849111454477
22.987662554184727,0.21688856941774154,-0.23299852922023612,9.125078341415533,9.130628877746249
23.007669223074355,0.0158366222380813,-0.3982558254206533,9.534190496211053,9.542517850081632
23.027675891963987,-0.6132658912511207,-0.10724427250477947,9.538523110783853,9.558818939718169
23.047682560853616,-0.1844456112238066,-0.47506892196687117,9.04748631645892,9.061827592192973
23.067689229743245,-0.6386745729848804,-0.7689267024985467,9.509314504936448,9.56170569709126
23.087695898632877,0.37236885752456106,-0.27937295988486593,9.202587527385955,9.214354291862698
23.107702567522505,-0.04100828717585403,-0.6600437721208978,8.710168974265219,8.735238005972425
23.127709236412137,-0.8580103445424513,-0.4419138185754228,9.701368333555859,9.74925725979729
23.147715905301766,0.21011769036191386,-0.7344442803023616,9.143864034396566,9.175718354668637
23.167722574191394,-0.3710369286860231,-0.7640877903922233,9.150905502205143,9.190243199402483
23.187729243081026,-0.9276264750532434,-0.5088818266124983,9.322359271222071,9.382208373960593
23.207735911970655,-1.7907404974641623,-0.4831452635968173,9.565664394673357,9.743824515379773
23.227742580860284,0.17243866844847044,-0.28484688744028164,9.511694884866879,9.517521338377101
23.247749249749916,-1.2148014514309757,-0.44145123621579274,9.741773137670117,9.8271443271271
23.267755918639544,-1.1985715917695248,-0.8356322987420197,9.226957901178219,9.341927387290749
23.287762587529173,0.014726708953543277,-0.3319568304153295,9.459857194349844,9.465691224137226
23.307769256418805,0.7478116521259786,0.12321115174566646,9.703171644684716,9.732725374795251
23.327775925308433,0.5034599841175095,-0.11434658903087323,10.363655573110233,10.376507309113668
23.347782594198065,0.3557163777286927,-0.00867733433741838,9.816665116948592,9.823111699244336
23.367789263087694,0.5418211414314035,0.45004043629504786,10.23237327280295,10.256586631895372
23.387795931977323,0.803558464580955,0.02592482953281658,9.973133100882587,10.005486602395004
23.407802600866955,0.9004739110175759,-0.1433746691600849,9.869291001958777,9.911322537458082
23.427809269756583,0.8136591365353014,0.34397086181041064,9.990580018341953,10.029558626736048
23.447815938646215,0.8113967496660365,0.31069532010995426,10.061024930092767,10.098471117513531
23.467822607535844,0.7739725910319664,0.21950561071596703,10.335742466879703,10.367004804979356
23.487829276425472,0.485983946701115,0.4986291370439855,10.605723385189123,10.628554931687932
23.507835945315104,0.6237093127976524,0.7280379208127155,10.3350341748984,10.379401905569013
23.527842614204733,-0.030314114363545475,0.5939571570144078,10.611709761617634,10.628362438057392
23.54784928309436,0.4854446080325208,0.691442529177556,9.988908853610297,10.024572276379551
23.567855951983994,-0.01949749194411804,1.132362829850189,10.170727720483967,10.233588231643846
23.587862620873622,-0.23350368553743617,0.4611070081992834,10.088394558962653,10.101626028589523
23.60786928976325,0.10128239796097792,0.6102967157424763,10.404249363437557,10.422625629944386
23.627875958652883,0.4060233704170235,0.3248852724801724,10.200067265572473,10.21331374431445
23.64788262754251,0.04413346950155356,0.16375033205247225,10.518161218123966,10.51952838034218
23.667889296432143,-1.1073326259298069,0.17270922317305978,10.005148145758529,10.067720866154017
23.687895965321772,-1.0064966383764336,0.12716945243331745,10.276511023981572,10.326465338086892
23.7079026342114,-0.3347191509051967,0.29510502863795035,10.443012475096639,10.452541960831065
23.727909303101033,-1.1681565731546206,0.8041972608397198,9.585258637105351,9.689608152755671
23.74791597199066,-0.8896310560687979,-0.20538549824326877,10.804184726815803,10.842694970807331
23.767922640880293,-0.5636003923821704,-0.2058211657776547,10.041022180098265,10.05893305355
23.787929309769922,-1.1148533685493256,-0.18819572330985498,9.472688252814123,9.539923395847609
23.80793597865955,-0.592170928325678,-0.13510026799486968,10.078406126821996,10.096691960633915
23.827942647549182,-1.0423991242898598,-0.2535906662923849,9.988963327592838,10.046406945786412
23.84794931643881,-0.5978656739417036,-0.01868800422205602,9.900154378808976,9.918207969680315
23.86795598532844,-0.059719397350048775,-1.1939215923748554,10.166405600036242,10.236445574495427
23.88796265421807,-0.6455777140104091,-1.2335864557896303,10.036852346287471,10.132961617903764
23.9079693231077,0.34748884940002334,-0.7060210360849075,9.845518816471237,9.876915255753739
23.92797599199733,0.33439017327354237,-0.25516139525539194,9.835428197764303,9.844418314912657
23.94798266088696,0.7167399172433829,-1.067868159699692,9.614701091412192,9.700336880370354
23.96798932977659,0.7135351610484829,-1.5007002556876219,10.126379775735257,10.261812756325922
23.98799599866622,1.266041229412191,-0.41370266214459706,9.100462782888092,9.197414481796955
24.00800266755585,0.8301651130729627,-0.48531766636295665,9.540004372260443,9.588346613206877
24.02800933644548,0.6282350401660701,-0.8461531992629296,9.475491347375485,9.533917913245478
24.04801600533511,0.8280542699042664,-0.76363901078326,9.662369578875447,9.7278057285019
24.06802267422474,0.93587210588593,-0.6971581808639027,9.132637934266874,9.206897510352288
24.08802934311437,0.6408826564160289,-0.30210614755589793,8.83552480823063,8.863887259015925
24.108036012004,0.5086851392920921,-0.44457855248810363,9.384277197091796,9.408563608337145
24.12804268089363,0.057656555021076916,-0.024052311898943357,9.406247925844959,9.406455380987419
24.14804934978326,-0.09795674583982292,-0.94033443979232,9.759648152341965,9.805333061157434
24.16805601867289,-0.5736121522391517,-0.2507703940900444,8.928906817565954,8.950826422656418
24.188062687562518,0.5081278110116831,-0.24144216274744448,9.66006341231995,9.676430815146578
24.20806935645215,-0.8586079926762262,0.10737187180919043,10.033865652499028,10.071107006498494
24.228076025341778,-0.7891775808546899,0.10657463472384737,9.226516467463528,9.260818836974721
24.248082694231407,-0.9242286145741794,0.5849705196116264,8.974779197595787,9.0411863539256
24.26808936312104,-0.3712786927429253,-0.142404753343583,9.267912772062752,9.276439733649092
24.288096032010667,-0.9024338983775491,0.48938829098724473,9.427519800539757,9.483249307587853
24.3081027009003,-0.3005712442532192,0.6927814994426562,9.630711971653987,9.660274445366516
24.328109369789928,-1.0435112185491306,1.1198845548821414,9.326869405788491,9.45164271394845
24.348116038679557,-0.5974997483358483,0.4431861326659452,10.017468403544646,10.045053166283598
24.36812270756919,-0.9420688286166793,0.6965311244213824,9.266482879005082,9.340254505741973
24.388129376458817,0.38228937648831807,0.05590366818137482,9.131689022408601,9.139858576010338
24.40813604534845,-0.794395097892476,-0.13621564948942777,10.040073314088746,10.072372631460691
24.428142714238078,-0.022732117824102158,0.8059083481292871,9.081586887663688,9.117303626234582
24.448149383127706,0.287022439383391,0.5093651449040699,9.759235770336234,9.776733480696045
24.46815605201734,0.3774949860806323,0.8115378447507575,10.812146615333278,10.849129484407566
24.488162720906967,0.3055174212633985,-0.017487583675173002,9.928742148100923,9.933456968938556
24.508169389796596,0.4760076442100708,0.4780926799265911,9.650073435599722,9.673627716653833
24.528176058686228,0.6668497310048529,0.8030402318377099,10.020778807963705,10.074997275226712
24.548182727575856,0.6788109051696832,0.2830742232984028,10.07153696831165,10.09835492369631
24.568189396465485,1.1738464046439825,0.15133523762031387,10.18021250124577,10.24878257679232
24.588196065355117,1.68299967258241,-0.01942672887734029,10.371819446685425,10.507497510366079
24.608202734244745,0.5455670614270802,-0.5831128201006064,9.897887158407265,9.930047038158646
24.628209403134377,0.15123443627074395,0.20750892592637082,10.747255377548269,10.750322318856
24.648216072024006,0.5587916442527731,-0.4652115051286821,10.340385094304269,10.365916927349009
24.668222740913635,1.4906495348365316,-0.2069968576173792,10.50490762565016,10.612161323604854
24.688229409803267,-0.021430613213895167,-0.8955012241355658,10.112345993561732,10.151941844155484
24.708236078692895,0.7816633240744449,-0.8389893578382643,10.694351657822871,10.755652377980043
24.728242747582527,0.6166499776833527,-0.10216718928762286,10.232594535261358,10.25166748644358
24.748249416472156,-0.4535377304111777,-0.6723277158230446,10.387860011554967,10.419470075298126
24.768256085361784,-0.17034868476217352,-0.15469469387307083,10.013222605003488,10.015866216162511
24.788262754251416,0.1078643650130604,-0.6232716025138898,9.976457550369672,9.996489757213176
24.808269423141045,-0.8129903606488086,-1.1478743202716497,10.458428933885749,10.552597052232478
24.828276092030674,-0.8269012527796176,-0.30966695114445125,10.089664649677006,10.128227487839194
24.848282760920306,-1.024267236188412,-0.7231260406264469,9.93210179440639,10.010928063681797
24.868289429809934,-1.2032677466280879,-0.2930186744729953,9.955959492532381,10.032688703962211
24.888296098699563,-1.0221965135017945,-0.44011359606514616,10.314932866877147,10.374797623946165
24.908302767589195,-1.1783104637546298,-0.8454963956939294,9.869093041552944,9.975082815042379
24.928309436478823,-0.5662380914803061,-0.2594679901293393,9.971896974596559,9.991330166004577
24.948316105368455,-0.7494359924857131,0.43092738907184736,9.95856953904438,9.996022208131988
24.968322774258084,-0.18700256391235626,0.005950126757888585,9.323882356858219,9.325759356076597
24.988329443147713,-0.7276446372734051,-0.0699835745507637,9.401635852667976,9.430011724543695
25.008336112037345,0.2076637730478061,0.3602898780520481,9.887322293543672,9.896063620211265
25.028342780926973,0.5854819274906019,0.19044657353982622,9.50909652025968,9.529007063509079
25.048349449816605,-0.3815158203825687,0.27677551595270805,9.992009449906755,10.003120105969886
25.068356118706234,0.708302540045453,-0.03176145376004991,9.91154695377375,9.936873969968698
25.088362787595862,1.1639674320868465,0.4409749377658043,9.786178347435099,9.865017269447833
25.108369456485494,0.2689588561339402,0.7481260519870405,10.068345353789786,10.099683639556982
25.128376125375123,1.4633810566037342,0.2434107029141201,9.453150135319174,9.568844254558892
25.14838279426475,0.9630004018459266,0.9670896670541242,9.632648560064753,9.728851447102882
25.168389463154384,0.473879555211614,0.545482294676761,9.22732729473279,9.25557571255155
25.188396132044012,0.6555331159865568,0.3269028051744834,10.108230531095018,10.134737963062856
25.20840280093364,0.78857157897643,0.8992895407745133,9.94307520034816,10.014754677629124
25.228409469823273,0.45422700961087115,0.5071009356787579,9.332922055086582,9.35771914632769
25.2484161387129,0.47630465974613506,0.8006618088578412,9.432852051665037,9.478745871140374
25.268422807602533,-0.2837854876961708,0.4519385062282113,9.718488748523917,9.733129310331016
25.288429476492162,-0.028397033473557015,0.475924856960871,9.266764906150208,9.279021644917119
25.30843614538179,-0.8373511790842678,0.5851307161538277,9.120508177720149,9.177538034351075
25.328442814271423,-0.4782201004085279,0.4575953258635991,9.592578076453972,9.615385696868968
25.34844948316105,-0.9350454498813753,-0.30348048008313344,9.372931032154284,9.424343294291445
25.368456152050683,-0.978210903458105,-0.12304521713080177,9.42920489191382,9.480608714148822
25.388462820940312,-0.26520786230655663,0.4054547287867559,9.154503182264111,9.167314615600825
25.40846948982994,-0.36004051253849834,-0.002581426725215226,8.925142009524837,8.932401453395272
25.428476158719572,-0.5492198074161364,-0.21047370672037774,9.551670553515313,9.56976237641094
25.4484828276092,-1.1856898145667718,-0.5501286233321294,9.796909379451062,9.883720717814365
25.46848949649883,-0.7930456488956742,-0.5524417307376412,9.505910278178288,9.55491724107898
25.48849616538846,-0.06498342296729809,-0.9158347635040136,10.055834610886748,10.097662396852591
25.50850283427809,-0.3492255784584593,-0.41342912976467994,9.467350904609146,9.482806298822688
25.52850950316772,0.6868230791430506,-0.6276263602874056,9.417415527902307,9.463263497089502
25.54851617205735,0.0937035551753165,-0.7929446598762844,9.76993277590576,9.802506211964184
25.56852284094698,0.1937247581756203,-0.5668553016728978,9.821853514505245,9.840104708556911
25.58852950983661,0.16782738489457671,-0.4682670219963104,10.133682961862448,10.145884407312707
25.60853617872624,0.5045998220915346,0.032576242962236046,9.725079396278637,9.738216030463876
25.62854284761587,0.5269036416057861,-1.053350972235147,10.420985623897977,10.487331266424956
25.6485495165055,0.9778723970670526,-0.24275233231653742,10.651057246231794,10.698606618728329
25.66855618539513,1.1486349578245985,-0.2760041504836184,10.096454723159455,10.165330222586464
25.68856285428476,0.4838349458082929,-0.7661316986183186,10.526514104418588,10.565441459065333
25.70856952317439,0.257320372652025,-0.4238105937062402,9.873687230942332,9.886128095872168
25.72857619206402,0.0066494624472864805,-0.563438687486899,10.547371412816329,10.562412181400749
25.74858286095365,0.8578632434445499,-0.3021309433743396,10.567852819905589,10.606918764400149
25.76858952984328,0.09348020295332582,0.17134005156329457,10.535893312710504,10.537701070842342
25.788596198732908,-0.4734347799862922,-0.016888084628885774,10.289416184374344,10.300316068624682
25.80860286762254,0.3762814358094564,0.041351701015760634,9.418843950911604,9.426447849202575
25.828609536512168,1.0399193850958475,-0.15045823152338786,10.117303478876181,10.17172058653851
25.848616205401797,-0.1400170503256346,-0.3762318159357685,10.120359139885638,10.128317939024772
25.86862287429143,0.024513643885271552,0.09522857415729027,10.006600699977364,10.007083839403967
25.888629543181057,-0.43559607622561164,0.604952147072663,10.322427244864235,10.349309893291746
25.90863621207069,-0.6414534400498918,-0.1354982286742028,10.139659528112396,10.160832526509145
25.928642880960318,-0.3371519516806784,0.07847979288508106,9.99173713940114,9.99773182173344
25.948649549849947,-0.8878474507461259,0.4962701592199204,9.889766186788126,9.9419330311598
25.96865621873958,-0.6923925412749152,0.21596586191113198,9.95595663124413,9.982340463435323
25.988662887629207,-0.6575312701092482,0.3149638558704027,10.465653858683508,10.491018076976763
26.00866955651884,-1.0002264227772895,0.4544467210946337,9.88540883777111,9.946269783643448
26.028676225408468,-0.2455852414134006,0.18743907549546795,9.880247293412918,9.885076231209142
26.048682894298096,-0.5890483024896216,0.3069240836777229,9.845858812420763,9.86823773780967
26.06868956318773,-0.6715627321239661,0.7986174444206463,10.030495069771913,10.08462283233386
26.088696232077357,0.013964146788860737,0.17046146667192735,10.010081855031935,10.011542880767932
26.108702900966986,-0.3811734709872664,0.045614890970285815,8.903411881536645,8.911684300150595
26.128709569856618,0.16945036348279474,0.28635009974679065,10.066814185156279,10.072311435007018
26.148716238746246,0.32643055700201234,0.6345291654359588,10.135383965815214,10.160472051279784
26.168722907635875,0.9195092228753639,0.2860268764857523,9.334916778629918,9.384454158286001
26.188729576525507,0.8053700888769176,0.12805214180933408,9.30582854204078,9.341491486103298
26.208736245415135,0.7044420349524804,0.1969834624989438,9.412704046537877,9.4410824873431
26.228742914304767,1.104098491526961,-0.42795862418446495,9.274593620340866,9.349880688301507
26.248749583194396,1.3560030238219811,0.15406836469275123,9.526133444209137,9.62339335465891
26.268756252084025,1.005192164931229,0.030461768759189878,8.83704677067129,8.894084260609798
26.288762920973657,0.7284872289395425,-0.29566599897860046,9.052648705155304,9.086724415576278
26.308769589863285,0.10496259282649922,0.044525417025059744,9.822204080131002,9.822865806392564
26.328776258752917,0.07690051089249395,-0.6740366376388646,9.060144825257687,9.085508424524116
26.348782927642546,0.22846475336685151,-0.06832469619249165,9.69583232565977,9.698764297319
26.368789596532174,-0.06351289378544697,-0.4220221238785006,9.419827565314606,9.429490331984058
26.388796265421806,-0.07395048396069155,-0.6203713831929144,8.767219754208156,8.789452289292003
26.408802934311435,-0.15599866586639538,-0.5646065365588527,9.503765734410326,9.521800211064551
26.428809603201064,-0.13717017372165666,-0.6173749948250989,9.287386146026781,9.308894078579062
26.448816272090696,-0.5298409646416264,-0.2323710757660078,9.201796320704002,9.219966555925607
26.468822940980324,-0.4340612471566639,-0.9211281583103582,9.433703027384896,9.48850035881363
26.488829609869953,-0.6978433492490519,-0.8129642924203583,9.530136298062386,9.590171747184089
26.508836278759585,-1.5719000705137471,-0.2461334315158462,9.632953042918329,9.763464335207066
26.528842947649213,-1.1756761081945442,-0.6958496337278506,9.81205845572934,9.906710461237289
26.548849616538845,-0.8350243666256337,-0.19544788029523963,9.623423665476048,9.661560361143271
26.568856285428474,-1.199083256029775,0.1063790487661827,9.13464401467569,9.213622438094463
26.588862954318103,-0.37658864754203636,-0.4526711539595294,9.454950369808142,9.473268531959796
26.608869623207735,0.12581770445081486,-0.04886157707506952,10.532391105883137,10.533255904788117
26.628876292097363,0.15590055166401157,-0.5147634102790917,9.921308956465413,9.935877301990606
26.648882960986995,-0.24519768635524714,0.14620925753529118,10.470588656723029,10.474479742244
26.668889629876624,0.616401233275741,0.06988317359627666,10.234915339529422,10.253698169229988
26.688896298766252,0.25848382862607966,0.2420057845832133,9.945228023924136,9.951529587821105
26.708902967655884,0.2329426277041184,-0.0058123032831630395,10.018710296598016,10.021419662793802
26.728909636545513,0.2724268155806713,-0.22696727747368312,9.971402517022876,9.977705080397063
26.74891630543514,0.5204139982240634,0.4996688213480243,9.51291950980553,9.5402377989552
26.768922974324774,0.5770464117138551,-0.20091167672614207,10.088692060210338,10.10717841679209
26.788929643214402,0.8540653003775694,0.38282424944288934,10.492003138521861,10.533665639369
26.80893631210403,0.863644883628549,0.8094472629403973,9.990355510230593,10.060233127382995
26.828942980993663,0.7733959151731428,0.6217542002975796,10.330674058436655,10.378224608710791
26.84894964988329,0.8803493117332273,1.1729662966840233,10.49432899606394,10.596310958133222
26.868956318772923,1.0792588618760504,0.9069099130380324,9.992227822622723,10.091179422669102
26.888962987662552,0.8495073017615947,0.40050848809312445,10.150202099045355,10.193560337597734
26.90896965655218,-0.28153286098309127,0.5886213315423807,9.994599634754525,10.015875282909395
26.928976325441813,-0.8823289711406006,0.5367829749228129,10.061438780345169,10.114306239486458
26.94898299433144,0.3326821623064413,0.03439405400295864,9.92355375223436,9.929188257131209
26.968989663221073,-0.7659900478553943,0.1734190212758221,10.035056833063656,10.065742921074994
26.988996332110702,-0.47616069348761675,0.22345601540317528,10.720052646279326,10.732948818281155
27.00900300100033,-1.0016244163681822,-0.2919320569312726,10.002406270951534,10.056669777142908
27.029009669889962,-1.3744941379922828,0.25318843076094544,10.291848939930125,10.386312777843115
27.04901633877959,-0.5239138434745922,0.07879840981117295,10.074236542143575,10.08815824676804
27.06902300766922,-0.485883139736383,-0.43725532139034085,10.544635555667911,10.56487641401546
27.08902967655885,-1.028944547317248,0.09550213188395423,10.545331954596488,10.595842277576713
27.10903634544848,-1.8028530218880474,0.09921060958559783,10.367839190085277,10.523887648348083
27.12904301433811,-0.9139566203519521,-0.13460600098157247,10.153275391092567,10.195216360958277
27.14904968322774,-0.43230542026788266,-0.38249791135816347,9.941719172654972,9.958462368082825
27.16905635211737,-1.0441311804171212,-0.18392681407636077,9.600506193117745,9.658869403762932
27.189063021007,-0.21969023165825236,-0.22516829339707142,10.486265650139048,10.490983359224412
27.20906968989663,-0.12468687589332961,-0.3951396637792232,9.619251727414232,9.628171475741034
27.22907635878626,0.2936692761784923,-0.7818019909846472,9.989719141437684,10.024567049089214
27.24908302767589,0.287142083220714,-0.48635816144455296,10.052214237333095,10.06806862861007
27.26908969656552,0.015239576836345248,-0.23268367368586762,9.512447066935744,9.515304679197431
27.28909636545515,1.0276331991223815,-0.7788760502715365,9.93679617744083,10.0201095885039
27.30910303434478,0.6021419104093756,0.034559418669784736,9.803377956146699,9.821913692593379
27.32910970323441,0.7372510751136621,-0.7339373334878989,10.044240734730927,10.097968859848582
27.34911637212404,0.4193429369111233,-0.5348640924797575,9.340418324225539,9.365113056855728
27.36912304101367,0.6194050748212852,-0.7023015835129142,9.055037455754729,9.10332870361387
27.389129709903298,0.40624798997575284,-0.3781759264758907,9.253444725250448,9.27007517466771
27.40913637879293,0.615688263651181,-0.9023147167629718,9.437219820152583,9.500229566698144
27.429143047682558,1.2593331260089105,-0.4693293543365869,9.367067121963208,9.462987711736154
27.449149716572187,-0.11362337232111092,-0.5520829985994276,9.2124980640106,9.22972515774328
27.46915638546182,-0.37198345135739047,-0.09767741108069111,8.744826783326118,8.753279844440996
27.489163054351447,0.6862732093159782,0.24936355848537597,9.452083460126671,9.480244450399237
27.50916972324108,-0.16654653375920536,0.2352516661555226,9.902375391128304,9.906569511246543
27.529176392130708,-0.5268462782194494,-0.5805689263982049,9.456065258421148,9.488508705307293
27.549183061020337,-0.006440512222820938,0.8300552425141543,9.511954513707318,9.548105144826378
27.56918972990997,-0.806299695583736,0.387585507259378,9.51951870071498,9.561463173479162
27.589196398799597,0.05345481065295654,0.14082815223114734,9.491380190565426,9.49257540960832
27.60920306768923,-0.4841633962240549,0.4872035377375671,9.681843877784837,9.70617753573604
27.629209736578858,-0.9903759953604565,0.54921478354828,9.556246334826788,9.623114127066385
27.649216405468486,0.06837411662204551,0.34132280570573315,9.383882250977472,9.390336648796396
27.66922307435812,-0.9956666859560118,0.6334764465226196,9.283188838961603,9.357897177124936
27.689229743247747,-0.3769666989143548,0.41154501145255096,9.4952760477191,9.511663388226578
27.709236412137376,-0.4401613144154193,0.4786774932827698,9.715258647052597,9.736997725398401
27.729243081027008,0.10328731908876981,0.3866750873784788,9.579662844118102,9.588019925952418
27.749249749916636,0.37094399054123917,0.14187220703982212,9.823989917001176,9.832014292940679
27.769256418806265,-0.06417848536448312,0.5815556672340131,9.917660788377583,9.934904196085535
27.789263087695897,-0.19774249521364684,0.6673112725510338,10.092404952504962,10.116375050097425
27.809269756585525,0.46293551383383225,0.5889354451300678,10.28341007206412,10.310658415384003
27.829276425475157,0.16896178669485817,0.6133293407815208,9.976961798536644,9.997223999445353
27.849283094364786,1.3840704280219347,0.3891920728457223,9.61437905777862,9.721286236190295
27.869289763254415,0.7424942858279983,0.04998131012938514,9.953818113795638,9.98159761452923
27.889296432144047,0.615847964793224,0.37484219434995036,10.118042846503684,10.143695895978418
27.909303101033675,0.8710995043229477,-0.3739603870459533,9.597798593958114,9.6445009496446
27.929309769923307,0.2529849387565606,-0.3273108805206957,10.604505323186286,10.612571174848778
27.949316438812936,0.35743006863534516,-0.4354767793606956,10.265164222226652,10.280612471473143
27.969323107702564,1.1424464708102007,0.09201358714112215,10.366128028004397,10.4292981898047
27.989329776592196,0.28196527904147073,-0.029683979724597076,10.68500363331935,10.688764577877322
28.009336445481825,-0.019369346794783304,-0.23974841848970024,10.103976502479139,10.106839052760963
28.029343114371454,0.44836700733982626,-0.12901516314175665,10.476729754300749,10.48711324580039
28.049349783261086,0.5303840799942975,-0.7687993678693199,10.276732918237926,10.319089068960626
28.069356452150714,0.16322014784286368,-0.4433867092631374,10.253252065076904,10.264132233200078
28.089363121040343,0.0999342473733742,-0.6160231071795491,10.06923289119051,10.088554026192753
28.109369789929975,-0.7601097294174162,-0.34177367221461663,10.786707579509,10.818855597964648
28.129376458819603,-1.1617049577819292,-0.6342406445052201,10.154413400284014,10.240309131464004
28.149383127709235,-0.09780601811332912,-0.7053717585811824,10.451095519677827,10.475328772712245
28.169389796598864,-0.8971687924218603,-0.40443452122388746,9.647432866724818,9.697496586336886
28.189396465488493,-0.8990297941940035,-0.26780367537238764,10.527496952300291,10.569208364872148
28.209403134378125,-0.2573010372956751,-0.6830533108541668,10.448081373696905,10.473546201772086
28.229409803267753,-0.5157669835247141,-0.4418082938838077,10.116443491321553,10.139212940999952
28.249416472157385,-0.4679476617314886,-0.6723355786345185,9.970381330827104,10.003974911330166
28.269423141047014,0.33680687820083377,-1.0274813299826655,10.106793767768101,10.164469342806957
28.289429809936642,-0.6385142800583847,-0.13486950964311795,10.619500193696833,10.63953357222002
28.309436478826274,0.1575450039060883,0.0751487674962054,9.348390302073135,9.350019732888644
28.329443147715903,-0.012380965869013237,0.06102378094339052,10.055606569845253,10.055799355479975
28.34944981660553,0.25244932368266193,-0.5121385598936303,9.491009580990509,9.50816908936791
28.369456485495164,0.9292056647758847,0.05614952848680227,9.702597495763065,9.747152102116218
28.389463154384792,0.6775560734046733,-0.41909132292443757,9.579584056464917,9.612655744612669
28.40946982327442,0.822157614380397,0.7367355463392127,9.47282295528389,9.536933320007895
28.429476492164053,1.137322813111374,0.07202102978706537,9.54821741440455,9.615983881158156
28.44948316105368,0.6277092703174151,0.837435145536594,9.164451112196774,9.224016518787627
28.469489829943313,0.4639341744798504,0.7970857800208456,9.77070559082293,9.814136151567299
28.489496498832942,0.36685744298597844,0.2840001654069824,8.885407522005515,8.897511298646245
28.50950316772257,-0.05660664851307318,0.24260790623203754,9.55221886675914,9.555466926701774
28.529509836612203,1.460361503181371,0.7025923437679381,9.264334067815048,9.40500810428008
28.54951650550183,0.07201885752986636,0.34565218694555777,8.98874697630231,8.995678648893815
28.569523174391463,0.2740561142025409,0.6175597986380998,9.384478133368477,9.408768075274086
28.589529843281092,0.08260438610065737,0.41650363061459517,8.846633446312786,8.85681783104622
28.60953651217072,0.1372085616917923,-0.011207326049492705,9.321933967344426,9.322950428114938
28.629543181060352,0.1607306877134407,-0.19609327860428227,8.88585048975257,8.889467129930939
28.64954984994998,0.007255595930145908,0.4802156637496008,9.460147179536634,9.472330462239887
28.66955651883961,-0.7243574613724003,0.17354436149272462,9.059752859377758,9.090320855187414
28.68956318772924,-0.6871301852992372,0.09811839694319349,9.223103318766173,9.24918428511421
28.70956985661887,-0.6047825264461635,0.38884125279930776,9.473701894181316,9.500946637256089
28.7295765255085,-0.8782297154742745,0.44406158679732854,9.186297391130095,9.238860204824759
28.74958319439813,-0.15705288103977666,-0.07987783539206607,9.438225074011035,9.43986962959343
28.76958986328776,-0.5840553579934527,-0.1904801784478309,9.04355051052207,9.064392378750291
28.78959653217739,-0.42716127744966076,-0.02643835488898022,9.733040767484848,9.742445705524034
28.80960320106702,-0.3598645626387023,-0.6677344586898843,10.122734538318454,10.151114537036332
28.82960986995665,-0.027668778561170893,-0.27196052443312174,10.483176576516614,10.486740161870303
28.84961653884628,-0.2713508713160137,-0.24389618795812543,9.72722098100038,9.734061056880549
28.86962320773591,-0.6916685570734474,-0.26664891058701656,9.99209650355834,10.01955585696213
28.88962987662554,0.1665794013207876,-1.102309009557811,9.277907385463815,9.344645488339337
28.90963654551517,-0.07454032016005085,-0.7884158193211802,10.31934842368338,10.349691186352475
28.9296432144048,0.14437156030756276,-0.8494955365639378,10.157081381346934,10.19356601005616
28.94964988329443,0.7420399904466238,-0.5687484110673887,9.83325718763028,9.87760320222453
28.96965655218406,1.1286116518938283,-0.45359128375049107,10.401662232206105,10.472539639762068
28.989663221073688,0.7353254834679464,-0.1343243561731906,10.00341654867307,10.031305460684813
29.00966988996332,0.9068152983484589,-0.7041014038787508,9.988154082014596,10.053919371982634
29.029676558852948,1.4807015197089486,-0.6645389472542504,10.309929642670172,10.436893131564357
29.049683227742577,0.8718755935040557,-0.11831847709966153,9.885521570966835,9.92460090092402
29.06968989663221,1.7524674981387587,-0.31167940753248513,10.543169714571668,10.69236709131209
29.089696565521837,0.8379307060823208,0.05131002517427474,9.946584192229112,9.981948591331307
29.10970323441147,-0.22383155052182185,-0.16322817421329766,9.969266667005531,9.973114953600684
29.129709903301098,0.6260623216800824,-0.5121682870963455,10.026214002849873,10.05878907303844
29.149716572190727,0.3048866030858583,-0.47641036058798647,10.535554938354817,10.550727014358271
29.16972324108036,0.488251375627975,-0.45162728182305933,10.124892704736105,10.14671419179174
29.189729909969987,0.06295942489860626,0.30242617058473636,9.901354972720718,9.906172609724676
29.20973657885962,-0.4298410375059138,0.5480161869491385,10.113539449330439,10.137493045711324
29.229743247749248,-1.013233531182969,0.8295244546533671,10.26891620886569,10.352071923739999
29.249749916638876,-0.7294903291828118,0.6046868429081144,9.901532085379623,9.946765301149895
29.26975658552851,-1.0755289243939496,0.7696573158937878,9.881914152660174,9.970023178090525
29.289763254418137,-1.0194831210776705,0.3062941619776543,10.827064972659974,10.879269179040676
29.309769923307766,-0.5636600912753301,0.1819592659297678,9.896858397374155,9.914566456009538
29.329776592197398,-0.1022096086117037,0.8204809469739569,10.015055762861312,10.04912820704669
29.349783261087026,-0.5441193475458171,0.71449206114511,9.95487689182369,9.995305833298866
29.369789929976655,-1.0763703237209028,0.6317704255466138,9.888459452123985,9.966912123656082
29.389796598866287,-0.2857182052388787,0.7124813758837766,10.148469617886844,10.177460399773537
29.409803267755915,0.17318344216814963,0.6764161385464532,10.191763288134691,10.2156531958802
29.429809936645547,-0.3757193491478076,0.9346356271178298,9.759544552431379,9.81139228935909
29.449816605535176,-0.0050305976584785125,0.8955364987487933,9.423869422603051,9.466325888209047
29.469823274424805,0.2323575807436517,0.616341464450205,10.120821184141812,10.142232904420176
29.489829943314437,0.07888292316856987,0.642560680408575,9.654477326104148,9.676158286418936
29.509836612204065,0.7984872341200666,0.46995231614042043,10.14838952548814,10.190596008258588
29.529843281093697,0.609641419946639,0.0971255420367251,8.90414103982637,8.925515317837437
29.549849949983326,0.9111333219858485,0.3768407233491156,9.587930272837504,9.63849468423369
29.569856618872954,0.43572859992010055,-0.3574861611005402,10.059972584972117,10.075748318539786
29.589863287762586,0.6228360214698565,0.286638581122174,9.337656028196935,9.36279373300249
29.609869956652215,1.0531928530660446,-0.4776063618036209,9.339916125872206,9.411235639431856
29.629876625541844,0.5425669772839268,-0.12052074022483035,9.46529204582569,9.481595735235416
29.649883294431476,1.2746827660742306,-0.542135622154122,9.18361509116998,9.287492305768014
29.669889963321104,0.2864726054033535,-0.19834611438119532,9.238113034779118,9.244681724001783
29.689896632210733,0.3758770291134146,-0.4420384819525495,9.216985913447056,9.23523204306332
29.709903301100365,0.48413506483071883,-0.9679775453528761,9.12298648274566,9.186960849686148
29.729909969989993,-0.6368157912367483,-0.40991222135629213,9.67912937020252,9.708712980941542
29.749916638879625,-0.950819691703974,-0.7438934946133361,9.454442422969432,9.531207538748918
29.769923307769254,-1.0212189646952623,-0.32761102475462234,9.40326880019503,9.464231679651304
29.789929976658883,-0.04943247301457754,-0.5995508556384592,9.588774722944482,9.607627463909296
29.809936645548515,-0.8904523155803968,-0.47568998390717543,9.290949814377315,9.345637203550648
29.829943314438143,0.272469542539415,-0.8624567975649818,9.167671074537163,9.21218021481251
29.849949983327775,-1.0193339552062726,-0.7197922034214824,9.25406366686695,9.33781756508285
29.869956652217404,-0.7221795586661046,-0.6360583074536081,9.475101224065732,9.523846738147766
29.889963321107032,-0.14094110702055795,-0.18560916833901137,9.200806971744766,9.20375815036047
29.909969989996664,0.12149901146730413,0.12649263356602447,9.416222538227967,9.417855875174897
29.929976658886293,0.2552245192925413,-0.543816665839929,9.46231212078208,9.481362074743947
29.94998332777592,0.0545576997688641,0.10210958666070147,10.307826048685989,10.30847616092027
29.969989996665554,0.1432840281872796,-0.7855097827620726,8.893410918061573,8.929183259909346
29.989996665555182,0.14669569524252873,-0.40346794544608694,9.727845403491772,9.737313911148247
30.01000333444481,0.40165951490451085,-0.24242241173767687,10.355976817930943,10.366598036248398
30.030010003334443,0.045866695605850605,-0.2711460493878816,9.930997939197976,9.934804678614416
30.05001667222407,0.10150923909939463,-0.2541316601997129,10.175566062289017,10.17924514462376
30.070023341113703,0.5680271283975743,0.4261648139583815,10.032800781186396,10.05790051562582
30.090030010003332,0.6128642947863507,0.3125001834572423,9.853499142431076,9.877484718205071
30.11003667889296,0.5764938683167694,0.5564415316932808,9.428854735390667,9.462836465854148
30.130043347782593,1.0745550589276012,0.7056085224597213,10.207070394376531,10.287703242094057
30.15005001667222,1.175756999171527,0.6226776319450221,9.952467060367958,10.041002566583416
30.170056685561853,0.7861729262446557,0.7725150639055225,9.979967158107362,10.040646984672978
30.190063354451482,1.2607210896455467,0.5734565936509022,10.100047258867905,10.194568395083914
30.21007002334111,0.09779046873211283,0.2438505457670585,10.79725500110959,10.80045099166844
30.230076692230742,0.33349265515537474,0.9092992952448737,11.01337093211215,11.055875444652415
30.25008336112037,-0.04023276132941678,0.39378362172919346,10.369043367978017,10.376596001716326
30.27009003001,-0.6771451487655995,0.2554432210331281,10.170097427684128,10.195815733930067
30.29009669889963,-0.14417100641851907,0.4361753951625631,9.955619371691068,9.966212486618344
30.31010336778926,-0.3347021421658901,0.158017638385254,10.44223160675935,10.44878921345508
30.33011003667889,0.15905281764773216,0.23913369470672913,10.823137065624614,10.826946876384088
30.35011670556852,-0.33157255175892764,0.3918056110953386,10.194544047056993,10.207457093779572
30.37012337445815,-1.1013749678522706,0.31076424803713026,9.52966264942546,9.598128538914466
30.39013004334778,-0.02260328340124762,-0.1500995400538513,10.41345074867207,10.414556988915264
30.41013671223741,-0.3094058633890729,-0.11678272731800486,10.471984644606652,10.47720538075764
30.43014338112704,-0.5578863896535079,0.2614375418738793,9.659855623075014,9.679483326640717
30.45015005001667,-0.8339139839629863,-0.0009512855549645149,10.14363594864639,10.17785653741811
30.4701567189063,-1.0417963740791685,0.3870430501574771,10.177550995744923,10.238050902330393
30.49016338779593,-0.6880577710109768,0.03830490170949408,9.968774828366342,9.992565353322137
30.51017005668556,0.04265719948017027,-0.04553189807169378,9.699689070811257,9.699889734467337
30.53017672557519,0.527352219521785,-0.8694359238848122,10.186292051281955,10.236921653660632
30.55018339446482,0.5687211422981432,-0.277882717813665,9.704173167628655,9.724795083181979
30.57019006335445,-0.0637335812944983,-0.5654226096708234,9.323113269299178,9.340460680774477
30.590196732244078,-0.14237782082557626,-0.7447550348704547,9.09783725130605,9.129379724662567
30.61020340113371,0.5199137712913807,-0.545865329534118,10.036189260103693,10.0644609469254
30.630210070023338,-0.10935864731837097,-0.31597365286090284,9.790132698486243,9.795840796838988
30.650216738912967,0.8312550451488794,-0.43893835817203475,9.581344072075302,9.62734678194635
30.6702234078026,0.7111303758327868,-0.8289992876513181,9.375949135451558,9.439352118706733
30.690230076692227,0.6126768522962728,-0.3061463368751518,9.306272457220762,9.331441772467292
30.71023674558186,0.14939251424907096,-0.6715753243965654,9.103602933037427,9.129562853831484
30.730243414471488,0.9407607853381335,-0.35580080694402594,9.263144821261564,9.317589658764598
30.750250083361117,0.43280069040368974,-0.442760263454305,8.728150004985023,8.750083176634842
30.77025675225075,0.05554750238314071,-0.340375687758165,9.120651983889614,9.127170084153542
30.790263421140377,-0.7744462414001765,0.0384357524890907,9.231475295783502,9.263982967630573
30.81027009003001,0.19530715358916503,-0.41586873610197417,9.49721030612626,9.508317163867694
30.830276758919638,0.7365503646730648,0.569732129388433,9.298096747795974,9.344608299459724
30.850283427809266,0.5120804366864885,-0.4698539666337487,9.550772007062685,9.576023968980586
30.8702900966989,-0.5075641758727379,-0.01426700349411944,9.725619592161653,9.738865508438684
30.890296765588527,-0.721358377285146,0.3609101420987457,9.653167924194737,9.686808814663955
30.910303434478156,-0.42421714539963606,0.504279678112673,9.497771818406392,9.520605426900282
30.930310103367788,-1.1111484281418975,0.3705097729200445,9.386876518502545,9.45967119379981
30.950316772257416,-0.6548575617808202,0.44600287186279447,9.121235676559985,9.15558284629013
30.970323441147045,-0.4933834305009752,0.6384322233597484,9.674654050371853,9.70824154559895
30.990330110036677,-0.29250880375515925,0.48629091653101447,9.998362577747486,10.014454278285772
31.010336778926305,-0.7668784833655401,1.0012918557874464,9.642872440228432,9.725002667723661
31.030343447815937,-0.7147679233911872,0.8496193919503645,10.164669752408424,10.225128726378646
31.050350116705566,-0.8586874176472449,0.8605618026918449,9.183891266466011,9.264003966522715
31.070356785595195,-0.6865703746234897,0.29616954370578225,9.34953815463641,9.379390117855825
31.090363454484827,-0.27659399411733415,0.5361927110567971,10.008032326532764,10.026201569382945
31.110370123374455,0.1402419821066964,0.4311434141908742,9.8871919757099,9.897581402630019
31.130376792264087,0.5383696283843213,0.16903756040548273,10.258499391652332,10.274007266988173
31.150383461153716,0.022487914525318953,0.5175112346885219,9.915487970781516,9.929009280036025
31.170390130043344,1.0941337491390395,0.17761271352352279,9.71409345709785,9.777130797439579
31.190396798932976,0.5165676296886125,0.4572749367351078,9.962661630685252,9.986519376205923
31.210403467822605,0.7125654741301943,-0.14457620404514404,9.616416722316869,9.643864495675682
31.230410136712234,0.4815606669896041,0.6040127502274629,9.783723137175341,9.814171921427143
31.250416805601866,-0.1697049926614027,-0.27078537859406754,10.45611892546387,10.461001266094858
31.270423474491494,1.1323714235452962,-0.026238202647436953,10.4637761996581,10.524902177249508
31.290430143381123,1.012552065478496,0.05747569204529074,10.343384207643442,10.392986192976906
31.310436812270755,0.5077504769374149,-0.4352374710774422,9.74527521983689,9.768194885106817
31.330443481160383,0.5179227728348441,-0.08627109236200436,10.175418867879255,10.188956562710011
31.350450150050015,0.5433094864954319,-0.7809654685413264,9.930734479160698,9.976200657402646
31.370456818939644,-0.4594541454522516,-0.03741181737827032,10.66024641404029,10.670208590459312
31.390463487829273,-0.22586695350658056,-0.518895418800448,10.134863539102684,10.150651569853602
31.410470156718905,0.12437616579254784,-0.7402753302473247,9.980556914440806,10.00874584139203
31.430476825608533,-0.8642733329045104,-0.6765689377188622,10.305175727347564,10.363462775200636
31.450483494498165,-0.3958790309518543,-0.3562736172826616,10.087929218505078,10.101978371343286
31.470490163387794,-1.1805113730545502,-0.7728178664071707,10.702828349485706,10.795433721490962
31.490496832277422,-0.5433639942638804,-0.8072506984392049,10.009267217829121,10.056457048001633
31.510503501167054,-0.7990377135133767,-0.6206382504429329,9.776580946867526,9.828793828145074
31.530510170056683,-1.4456707677776581,-0.8664135207466067,9.512174485288217,9.660336422522123
31.55051683894631,-0.3077946203517233,0.08534910968389087,10.106061593495888,10.111107898265844
31.570523507835944,-1.002156508906693,-0.5677557817869289,9.900064012722265,9.966841613675568
31.590530176725572,-0.9309401575663544,-0.07634017818887362,9.590010185423292,9.635391676330448
31.6105368456152,-0.3941940919965186,-0.18357197999659575,10.322819846188247,10.331974507850026
31.630543514504833,0.14163664556057376,-0.45676457265436166,10.111600529575801,10.122902749899131
31.65055018339446,-0.5513411397288058,-0.074516368196543,9.84703986468218,9.862744234650249
31.670556852284093,0.05985815576699184,0.2527970955758239,10.20829951967826,10.211604597408126
31.690563521173722,0.38511764745859345,0.05104443885426505,9.941399498275418,9.948987140479815
31.71057019006335,0.6583492308115065,0.5529412828225028,9.440280234111754,9.479349063649916
31.730576858952983,0.5997706818704571,0.5845176425693183,9.321440184718755,9.358986743371087
31.75058352784261,0.5034916349307507,0.6304778449394992,9.826930392667702,9.859998330716948
31.770590196732243,0.4072228990254733,0.2855885607961762,9.651696828707856,9.664504280553535
31.790596865621872,0.8230362472538408,0.1585970180656739,9.538506303481423,9.575262094584557
31.8106035345115,0.369840982817747,0.3465781439208984,9.192550265745991,9.206512865938
31.830610203401132,-0.4004433365128246,0.6255793589921916,9.592449187135337,9.621163433178339
31.85061687229076,0.8729634005586346,0.7536249061178597,9.152094089450715,9.224469731100795
31.87062354118039,0.9545546275197299,-0.051798046688574795,9.322340591315225,9.371226796692287
31.89063021007002,-0.48778128022706757,0.593404342896569,9.767056628513057,9.797216669855235
31.91063687895965,-0.10540745493493969,0.625897546261567,9.12085912172514,9.142916908094966
31.93064354784928,0.37202288082533047,0.4647019683267843,8.839625097696466,8.8596456368779
31.95065021673891,0.76689576975567,0.892396684850502,8.994543687270463,9.07118057956175
31.97065688562854,-0.2253884232586632,0.5771281449805865,9.613772472970744,9.633716728195706
31.99066355451817,-0.6905962227696083,0.7789975620274889,9.403399989692218,9.46085047502031
32.0106702234078,-0.6178815670719329,0.24773237786157365,9.305991091831899,9.329770584704796
32.03067689229743,-0.11233033997310637,0.5132464783527897,9.215549680776206,9.23051439366596
32.05068356118706,-1.0044613556893875,0.6367366762920214,9.54315712379243,9.616975829199061
32.07069023007669,-1.111512257228541,0.4506175005487605,9.177362577547392,9.25540380045827
32.09069689896632,-0.990324790849801,-0.3609373529352195,9.563170449781529,9.621083515680041
32.11070356785595,-1.1433080286215658,-0.19904585828328097,9.2957995530744,9.367959320628398
32.13071023674558,-0.6388120269970307,-0.3133483712293533,9.293352841576064,9.32055122005228
32.15071690563521,0.07115585437647709,-0.1451136493183246,9.422041742229553,9.423427811531567
32.17072357452484,-0.31081622534928766,-0.16144569848658227,9.553818193061826,9.560236059092858
32.19073024341447,-0.3798880575087845,-0.6861381685148579,9.706779467807436,9.738411993707123
32.2107369123041,-0.22034916049108777,-0.47136988742103525,9.848185615409415,9.861921883631677
32.23074358119373,-0.5482961784879621,-1.143782925816219,8.727574664303981,8.819264572612274
32.25075025008336,0.6069043990082807,-0.1390900922211426,9.648016520614197,9.668086769642388
32.270756918972985,0.3862743178655524,-0.7462711003080053,9.828041274338169,9.863900024528434
32.29076358786262,0.48768638114170193,-0.5832269091364274,10.450498813465078,10.478116103772038
32.31077025675225,1.9510478748559983,-0.6866816119350629,9.726031073182046,9.943530554217277
32.33077692564188,0.8728818801009208,-0.2302931738159804,10.146853473465722,10.186932469320592
32.35078359453151,0.49383274864607163,-1.392629353210435,10.590823691047277,10.693401411800966
32.370790263421135,0.624668393619968,-0.5013409394952701,9.788475210544712,9.821191388372904
32.39079693231077,1.2147120284384787,-0.4718107892896014,10.335848480034906,10.41767222248632
32.4108036012004,0.7222572389809471,-0.5098688106565739,10.00705226021893,10.046029895540505
32.43081027009003,-0.01125771163789302,0.2188664386175483,10.12082476844477,10.123197283842174
32.450816938979656,0.7900939610114089,-0.4836331842925632,10.049852891822736,10.092457216726434
32.470823607869285,-0.008040451460073372,0.10060997131119201,10.083652920490985,10.084158033079078
32.49083027675891,0.8321361733855661,0.06542602659062333,11.125901596968303,11.157168884687282
32.51083694564855,0.3342141479673682,0.4274264299279234,10.562398200333561,10.576324890627752
32.53084361453818,-0.4523698660567653,-0.06187780998490011,10.632935337516576,10.642733730150985
32.550850283427806,0.07726945984268857,0.00455596875768835,10.437068613157992,10.43735563071621
32.570856952317435,-0.5475075297409812,0.6343377869347516,9.788519659641727,9.824320131706262
32.59086362120706,-0.34375721757161626,0.5072446014713878,10.363923633704722,10.382021922324078
32.6108702900967,-0.5662759486687097,-0.018324026751077194,10.536787232468411,10.55200878517007
32.63087695898633,-1.1352606372942347,0.33876440037201694,9.923183496849633,9.993655424603054
32.650883627875956,-1.0500700534673926,0.6605009926362051,10.428375735994798,10.501901216901036
32.670890296765585,-0.33618856388520196,0.8275773197562479,10.30544927883985,10.344089704241883
32.69089696565521,-0.7994638724628295,0.39105318711205234,10.601498018299084,10.638788714441281
32.71090363454485,-0.7104639837534157,-0.2743894642570648,9.869272676999888,9.898615651861759
32.73091030343448,-0.7865161849287465,0.7482948246546259,9.611685489309956,9.672799532667435
32.750916972324106,-0.0698703096177101,0.20324218411472322,9.777167001642175,9.779528813985387
32.770923641213734,0.7630572913591119,-0.07078332358249184,10.260046060621285,10.288625363714244
32.79093031010336,-0.30845022947766615,-0.36233704280008644,9.224324603007442,9.236589958328688
32.810936978993,0.302721982238977,0.6734286595994085,9.096280299568315,9.126196472047662
32.83094364788263,1.0174547750736052,0.39994469472341565,9.688749979304378,9.750233132578321
32.850950316772256,0.5571704659305854,0.21758054458182122,9.476186178460525,9.495045271631522
32.870956985661884,0.8764075595508085,0.6194236535299097,9.56088334279099,9.620928550168554
32.89096365455151,0.34147869377130585,0.30674861872865566,9.79497533592719,9.805725074914841
32.91097032344114,0.969663225909614,0.510651740515865,9.302245930548963,9.366578421397435
32.93097699233078,0.7146874978556294,-0.4824334906532028,8.867122476163994,8.908949505962397
32.950983661220405,1.1347909330284693,-0.1638851503932475,10.008247298915132,10.073709485608818
32.970990330110034,1.128656383586201,-0.7239544027698315,9.066920339556457,9.165534335398144
32.99099699899966,1.5694046627519505,-0.38774879348211067,9.025239483717762,9.16887822259476
33.01100366788929,0.6181078020160519,-0.46626904362710264,9.656900062076813,9.687888463689971
33.03101033677893,0.3495570951220909,-0.26755460504219997,9.199461892210481,9.209987770657587
33.051017005668555,0.11879952282024644,-0.49537791866421266,9.29114770705928,9.305102811001891
33.071023674558184,-0.2805059999444134,-0.3639720442021581,9.456748574866106,9.467906467281859
33.09103034344781,-0.17703278901211145,-0.3693952776452695,9.64510184903532,9.653796308074694
33.11103701233744,-0.5878462116406047,0.04980059862414998,9.234368833697006,9.253194638875708
33.13104368122707,-0.5356159614536093,-0.6939661638493396,9.810853647357813,9.849940242692123
33.151050350116705,-0.1785350295914614,-0.8707703134469984,8.740408363083565,8.785491110292751
33.171057019006334,-1.174794533223622,-0.49035979494075554,9.640848012367805,9.72453316727146
33.19106368789596,-0.3434638667569815,-0.7677767111562908,9.19789422391773,9.236271253072896
33.21107035678559,-0.25905278449144487,-0.03344116658471602,9.902880622223174,9.906324811693716
33.23107702567522,-0.7795445499268141,-0.5030746807012838,9.579335459179271,9.624159271290798
33.251083694564855,-1.490143832422806,-0.5183661122853925,9.383867505837676,9.515576778881552
33.27109036345448,-0.7609166758348536,-0.4127524635418286,9.83647579892055,9.874493147826529
33.29109703234411,0.15102080247303024,0.02766590871402677,9.959668328498468,9.960851665343684
33.31110370123374,-0.20816407066487444,-0.14741839490463843,9.939880834400155,9.943153195317246
33.33111037012337,-0.4198316714538138,-0.2025560238394059,9.494806013240389,9.506241570895154
33.351117039013005,-0.042089430508166076,0.5798163071721003,9.714992396433782,9.732370509438562
33.37112370790263,0.6678521996166964,-0.08819522632141741,9.914816510512662,9.93767535169132
33.39113037679226,0.7051760557671449,0.26394009725753415,9.958145498902406,9.986570954130245
33.41113704568189,0.5209872998725834,0.5278244913600713,10.24787963552798,10.274680699884406
33.43114371457152,0.5684755941674168,-0.08594878698872488,9.468195388936396,9.485635224813636
33.451150383461155,0.6206860847194484,0.6096859539164878,10.2193152247235,10.256284504655326
33.47115705235078,0.43097787686764094,0.20065685052854398,10.074422992204058,10.085633531308934
33.49116372124041,1.4278637197599942,0.8038591333877806,9.947774318758855,10.081825142576914
33.51117039013004,0.5947049274886022,0.29541321710067575,10.009507714276758,10.03150973691313
33.53117705901967,1.1155253130173706,0.8059551296237089,10.195422801211311,10.28788639567957
33.5511837279093,1.1101678741870402,0.93020586457974,9.201238031083212,9.314533641789458
33.57119039679893,0.7483716347235727,0.8436265227716642,10.086926792077897,10.149771323646732
33.59119706568856,0.006010510738061664,0.6340394404198001,10.044088576760647,10.064082545173251
33.61120373457819,0.16065399890120086,0.4500153233505665,10.469834894212156,10.480733095097676
33.63121040346782,-0.18997022963458998,0.29544435065665076,10.065115888609283,10.071242917516058
33.65121707235745,-0.7120353794006895,0.8480078014137264,10.232662017719967,10.292399311223097
33.67122374124708,-0.3732022634339676,0.1259392419026688,10.744072172836303,10.751289572753523
33.69123041013671,-1.101313002230457,-0.053867885557108586,10.557860535866105,10.61528196388467
33.71123707902634,-0.2492744256175462,0.3724841372597596,10.502654432416719,10.512213482351834
33.73124374791597,-0.9679149613098224,-0.15427230029400096,10.049033914297814,10.09671936451009
33.7512504168056,-0.7194561418659212,-0.29067571780005197,10.323954301761763,10.353074033245024
33.771257085695225,-0.6636768232284105,-0.5288348843243159,10.0484358336861,10.084205271823642
33.79126375458486,-0.8180148079321887,-0.32854877508239066,10.013391973925572,10.05211974396851
33.81127042347449,-0.3808132751348545,-0.2922409724129581,10.145387587662746,10.156737312758322
33.83127709236412,-0.6751124591918134,-0.2721759005865729,9.79092918363533,9.8179504394949
33.85128376125375,0.0184407633231225,-0.12955064139312777,10.363427375790902,10.364253489939815
33.871290430143375,-0.6965697726339305,-0.31728821650719363,9.811637337112652,9.841448495801044
33.89129709903301,0.07233811008937231,-0.5822381971846777,9.988699326568321,10.00591566809448
33.91130376792264,0.9762113902625721,-0.6221311042551229,10.183473135303828,10.249056585208946
33.93131043681227,-0.03086786151544063,-0.4345418287098931,10.000699116743482,10.010182927869346
33.9513171057019,0.24796641160144944,-0.21738958866406022,9.214456172265134,9.220355097561972
33.971323774591525,0.8479653210915225,-0.559230036907557,9.718739863160092,9.771677847111544
33.99133044348116,0.8048229540959098,-0.722265551876212,9.791499464178838,9.85103391892857
34.01133711237079,0.926462432297069,-0.8505806903306474,9.758354811519707,9.839070524024663
34.03134378126042,0.9950243189627436,-0.9449238766889929,9.115401022875922,9.218106656787587
34.051350450150046,1.025626220495397,-0.2585089367366718,9.215483197632349,9.275983321480508
34.071357119039675,1.1486624816583175,-0.2216130462462433,9.679246728391856,9.749684870195571
34.09136378792931,0.7658250415448388,-0.14944307077070187,9.126123327026441,9.159418551728853
34.11137045681894,0.37182475779725627,-0.28156753451913047,9.244336839500598,9.256095155580136
34.13137712570857,0.5799121463765182,0.26431138644810237,9.79268556145509,9.813401505698831
34.151383794598196,0.8975414596678516,-0.2142207319170217,9.297526279693548,9.343204274519417
34.171390463487825,-0.09577307667567148,0.3079462066991121,9.092146136678029,9.097863744810947
34.19139713237745,-0.6106617158652414,0.0996079424573819,9.05159615965691,9.07271858435716
34.21140380126709,0.05511081052016631,0.016064725014452302,9.425730687840119,9.4259054884142
34.23141047015672,-0.5829793110042818,0.4591583446533746,8.943193468803292,8.973928943499036
34.251417139046346,-1.5237345310850956,0.4807283531051509,9.292129313493312,9.428495842359057
34.271423807935975,-0.40216294082840287,0.5332405404656608,9.495164210035236,9.518625104525649
34.2914304768256,-1.003944828456691,0.5091649066988828,9.819108594034374,9.883422873794196
34.31143714571524,-0.8344440429331399,0.5210359522902621,9.668663445747697,9.718581591544279
34.33144381460487,-0.6331618988791716,1.2844462166492625,9.29758253335538,9.40721728452213
34.351450483494496,-0.6184290544800343,0.9458436388655409,9.912543637789776,9.976752781125432
34.371457152384124,-0.3041108493024484,0.8166340148618358,9.519588135882227,9.559389771304572
34.39146382127375,-0.6253780084066328,0.6289228841617716,9.291720849887318,9.333955110233374
34.41147049016338,-0.08623165130522739,0.8796053714311447,9.665695249758452,9.706019069028272
34.43147715905302,-0.22072378261321796,0.7018167070399519,10.204819473233066,10.231305203138467
34.451483827942646,0.35914777293734435,0.5108297184129249,9.879470146954851,9.899185042648298
34.471490496832274,0.48705573045476325,0.35702578853334677,9.889929694906828,9.908350017457323
34.4914971657219,0.031736863096545276,0.3587697128554349,10.432637691177034,10.438853008386948
34.51150383461153,0.9846153494289196,-0.6418325492479343,9.565687790864558,9.637624153280745
34.53151050350117,0.4520968909721099,0.29170108614420487,9.660667962883057,9.675638821884549
34.551517172390795,1.0719878280101827,-0.003986405278210536,9.60982529170714,9.669432037713655
34.571523841280424,0.9397899811395376,0.531155315373861,10.250966625392424,10.307649971385791
34.59153051017005,1.531838031494259,-0.031256328701678056,10.229504284100672,10.343609747629216
34.61153717905968,0.6702587394420187,-0.48332075920997286,10.678036324999416,10.709962908063162
34.63154384794932,0.5442722079749422,-0.22829195113592524,10.318735966120784,10.335601646244015
34.651550516838945,0.5657145509403969,-0.6090153795711153,10.149353593827021,10.183334967397926
34.671557185728574,0.3124577627353745,-0.22830398387284906,10.290157310711523,10.297431235105948
34.6915638546182,0.5918421410991797,-0.34977844555165233,10.337816826578223,10.360650501818755
34.71157052350783,-0.5503828802865582,-0.20652081068733646,9.80756486040711,9.825166698395087
34.73157719239747,-0.5059569171940738,-0.7767306334141449,11.122400024585996,11.160962556421872
34.751583861287095,-0.6879234313992231,-0.5626049137435515,10.459085122737097,10.49677210103644
34.771590530176724,-0.04370181625643904,-1.0026457450282251,10.353644567675538,10.402171127823484
34.79159719906635,0.11900453506509234,-0.3895514831210256,10.456564090666232,10.464494494220846
34.81160386795598,-0.7196204344645803,-0.4375723045040182,10.460303736941597,10.494154437611556
34.83161053684561,-0.8234129867909525,-0.4242525956120409,10.17518636663769,10.21726072915383
34.851617205735245,-0.7673719328542313,-0.5392552112729622,9.992643676834197,10.036562335700005
34.87162387462487,-0.3296007808253818,-0.36979748130751555,10.321758272254392,10.333638308105915
34.8916305435145,-1.123756517286667,0.04380870543060278,10.21329943456344,10.275029598637158
34.91163721240413,-0.5775522420036638,-0.4563488071415642,9.806605222744736,9.834191721783103
34.93164388129376,-0.1686008601935161,-0.2541325427747092,10.424205860911618,10.428666138582598
34.951650550183395,-0.21554076867007405,-0.5397531366283025,10.033013634374264,10.049833523944507
34.97165721907302,-0.17623769620757634,-0.38772432245841965,10.108740480074815,10.11770843468488
34.99166388796265,0.3251067568647895,-0.008342869537031165,10.251137339534587,10.256294689644575
35.01167055685228,-0.9760065384078295,0.3839083126596524,9.783592872069446,9.839647546632557
35.03167722574191,0.5516670564409347,0.06506156352093402,9.815998579433954,9.83170370076618
35.05168389463154,0.1798164268112123,0.15716459478032957,9.908946957593614,9.911824477138774
35.07169056352117,-0.1523816799586164,0.18669084638917388,9.39534822078279,9.398438265918378
35.0916972324108,0.8932153968596971,0.2221339260577501,9.578411098939785,9.622532743856262
35.11170390130043,1.3119489135405478,0.5361682930397988,9.55241763063345,9.656985501710055
35.13171057019006,0.7423856484998571,0.05344802497449053,9.184267939354514,9.214378477375858
35.15171723907969,1.1727446894901428,0.9304402182997643,10.127042315944479,10.237091148147854
35.17172390796932,1.3903804119341636,0.37766054162512636,8.975065268213074,9.08997149298475
35.19173057685895,1.1873050456874572,0.8118760340157314,8.978601486943976,9.093080920539341
35.21173724574858,1.1994800959869778,0.21880282557817243,9.738730934420774,9.81475967052653
35.23174391463821,0.6947929128651181,0.7913293758497045,9.54082544707935,9.598765003086967
35.25175058352784,0.2622758892887025,0.7697204114800553,9.007616297248864,9.044247315969116
35.27175725241747,-0.5863559768116001,0.6479540306560674,9.492476446625233,9.532615949838792
35.2917639213071,-0.22444159714875406,0.18682290194599876,9.751918116774982,9.756289447505456
35.31177059019673,-0.637337852100391,0.5014553890436323,9.310130269232475,9.34538296031787
35.33177725908636,0.40961128722439444,0.0034249791120034567,10.11277745829275,10.121070153795868
35.35178392797599,-0.6644587885661497,0.2061252366583311,8.835930647747096,8.863276115900184
35.37179059686562,-0.6498737053885595,0.5079868850733574,9.587156075180495,9.622574921414344
35.39179726575525,-0.5479696250140146,0.35085896108408254,9.760337991948706,9.78200237362414
35.41180393464488,-0.7813494933968829,0.02654843588678575,9.714262618444016,9.745671350419036
35.43181060353451,-0.11027434175373263,-0.36080275871980744,9.426675762866449,9.434222543451197
35.45181727242414,-0.986671450514894,0.03651377286107807,9.446090350499123,9.497551090500243
35.471823941313765,-0.5714821601183642,-0.23658050836512115,9.715245504226411,9.73491435009386
35.4918306102034,-0.8249241583826936,-1.0182167175370547,9.878422615187011,9.96496354811163
35.51183727909303,-0.9076414893028428,-0.15974433512077552,9.868386816895779,9.91132633372494
35.53184394798266,-0.4566829834621895,-0.46525388797213146,10.055175090667142,10.076287343641509
35.55185061687229,-0.04832640582996027,-0.15029785860353717,9.493864311881916,9.495176905156972
35.571857285761915,-0.02506048789207871,-0.8810571910476013,9.787695509237334,9.82730243675724
35.59186395465155,0.04238733833112979,-1.534382355763281,9.629935033560326,9.75150114857815
35.61187062354118,-0.08675671084773157,-0.5133373484465242,9.850715599113704,9.864463481346021
35.63187729243081,0.5746877782612699,-0.511724440111037,10.32372369403678,10.352361994052673
35.651883961320436,0.10720926361294791,-1.0949174122759289,10.101486332917116,10.16121863262575
35.671890630210065,1.0781373543274018,-0.8564401876735583,10.897769924205006,10.984409828059293
35.69189729909969,0.8326439744965115,0.30128475063680427,10.216446301004984,10.254747364540487
35.71190396798933,0.20143342727477442,-0.5674240323341666,10.21458925384557,10.23232031764406
35.73191063687896,0.6055648127007744,-0.19610858524160163,10.261849793857296,10.28157227817204
35.751917305768586,0.33600314611032134,-0.540815333853448,10.066595528698253,10.086710310003689
35.771923974658215,0.6396853059040678,-0.8950798319268606,10.26280308256644,10.321603184953732
35.79193064354784,0.8972428769290498,-0.23535154935976849,10.634695064842596,10.675072564351655
35.81193731243748,-0.5583661015951626,-0.1760553936117294,10.340535918133398,10.357096662638487
35.83194398132711,0.05858047517828502,-0.12624863704881742,10.07194664957148,10.072908204795821
35.851950650216736,-0.2312567394071696,0.04955419026904064,10.029706284348741,10.032494378149387
35.871957319106365,-0.06991719956351189,0.2515519690852474,10.163060654320876,10.166413756647453
35.89196398799599,-0.40716981151539305,0.2116488842570191,10.304928738060935,10.315141240047605
35.91197065688563,-0.9221263609812758,-0.043935107586152045,10.619449371693289,10.659500564156472
35.93197732577526,-0.8461744685380028,0.5520905024420617,9.832059310095733,9.883835562742457
35.951983994664886,-1.0975456114127387,-0.11683439602976331,10.105666659577313,10.165763880777455
35.971990663554514,-0.3695944011767316,-0.09601655996219038,10.207309047811695,10.214449431991264
35.99199733244414,-0.7715506525450426,0.780168981884225,9.571779399715519,9.634464952790857
36.01200400133378,0.04009121687855044,0.7371625656509644,9.825698926714658,9.853394103166153
36.03201067022341,-0.6482338329484941,0.5811919442572808,9.822300917115914,9.860810640339098
36.052017339113036,-0.7791066422407433,0.17953919879149377,9.735200261601248,9.767976536487348
36.072024008002664,-0.9477310498894265,0.371978169316292,9.977185355926213,10.028997433835592
36.09203067689229,-0.8925548247183291,0.4784335601759217,9.815676157985404,9.867778434129624
36.11203734578192,-0.625274156604544,0.03873930415871696,9.640795314360364,9.661128443302934
36.13204401467156,0.29448283141161424,0.24429537380734048,9.879340521807563,9.886747165447733
36.152050683561185,0.5608086256531525,0.599615843859503,10.212199722613164,10.245148542083454
36.172057352450814,-0.12368735449034463,0.7608475191656083,10.13284666782166,10.162124241646813
36.19206402134044,0.9923364564144537,0.1280094968102691,9.012190511132365,9.067562841411526
36.21207069023007,0.5342911659304586,0.39620532567133654,9.71292142823359,9.735670926090348
36.23207735911971,0.842338436786202,-0.4933844470832138,9.440625267418632,9.490962421932464
36.252084028009335,1.4446660473721589,0.18840783969462777,9.498851268242875,9.609928871676813
36.272090696898964,1.1338973420855316,-0.3406590492477265,9.295665620319719,9.370761500273975
36.29209736578859,0.6036153669381912,-0.09505860436137922,9.418321487173216,9.438123080635036
36.31210403467822,0.2541684935822412,-0.34512274936169696,9.401820486836433,9.41158540321205
36.33211070356785,-0.3815937760511144,0.047942683736781955,9.161865813547072,9.169934432496635
36.352117372457485,0.035531845202443735,-0.6799889425205197,9.051860398638741,9.077434888249982
36.372124041347114,0.06632544858982621,-0.28936739199134665,9.17763651408786,9.182436742902032
36.39213071023674,-0.42419654835997084,-0.6106443643380222,9.38036179316193,9.409783027357772
36.41213737912637,-0.26043482818570785,-0.6114623100694365,9.494013583280324,9.517247836211835
36.432144048016,-0.34519819773266286,-0.6434966882433163,9.580887820073862,9.608676350275186
36.452150716905635,-0.614722851473619,-0.8530501387199181,9.193397218180719,9.253330812985501
36.47215738579526,-0.9068696436439401,-0.6009734152567586,9.449566912195701,9.511986986138703
36.49216405468489,-0.6685174747576538,-0.5993806932752338,9.681620856993478,9.72316590664268
36.51217072357452,-0.6107935224200141,-0.47887059929158493,9.776338463627075,9.807098425798037
36.53217739246415,-1.2351694731689182,-0.4840279629341171,9.447701398569043,9.54038722552046
36.552184061353785,-0.20534335618677757,-0.21654914060091138,9.442169638816685,9.446884508260734
36.57219073024341,-0.7406178198612987,-0.11510761285385634,9.612739924574608,9.641915441194435
36.59219739913304,-0.5893626259249601,-0.634653292861163,9.26069916494072,9.301111876034522
36.61220406802267,-0.17890647176624486,0.021114952466696923,9.600350596442043,9.602040665476407
36.6322107369123,-0.21063295225997103,-0.5100284126562498,9.936569325837452,9.95187948025237
36.652217405801935,0.25110192385750596,0.111119080024347,9.961775260360378,9.965558989040128
36.67222407469156,0.16509880936738372,0.2110554006687743,9.744630333378199,9.748313819999872
36.69223074358119,-0.01688563944648669,-0.4584606791012834,9.947344693944961,9.957918345681316
36.71223741247082,0.5389028739326758,0.23001843929757765,9.690031792433704,9.707730987636902
36.73224408136045,0.08292161005843729,0.14417552960276664,10.202242933330666,10.203598553816514
36.75225075025008,0.7023963470360957,0.13322793284223547,10.019300508901068,10.044774412503463
36.77225741913971,0.7306463643300258,0.8340506972600019,10.00833855637764,10.0695742379896
36.79226408802934,0.7077314686057107,0.29089011446868107,10.027489472096834,10.05664188501128
36.81227075691897,0.7462789170742252,0.2922192169327874,10.157852808296948,10.189420884811879
36.8322774258086,0.011003505283631698,0.591848206744501,10.078383165493838,10.095752206124356
36.85228409469823,0.4713666686794703,0.7968979923340387,10.44106538749932,10.482036031829137
36.87229076358786,0.6198881669278066,0.5573802478740766,10.150369179697622,10.184543611000576
36.89229743247749,0.5088776797119043,0.9448156133378185,10.766307100741546,10.819658110291366
36.91230410136712,-0.12663284984035567,0.7357155301618874,10.741327651384749,10.767238872356398
36.93231077025675,0.6157217919678499,-0.1086136789419212,10.041360433812665,10.060806608721583
36.95231743914638,-0.41760902713770565,0.34206209339249605,10.330415838684077,10.34451038838561
36.972324108036005,0.1396927260204145,0.2770257178894693,10.108602037019981,10.113362074449807
36.99233077692564,-0.24151581727189264,0.5239429926904289,10.193785558858321,10.21009844073848
37.01233744581527,-0.8141640326825623,-0.4813875264360556,10.87432888747246,10.915384820318529
37.0323441147049,0.03949996693623459,0.9897323230958145,10.15722249342565,10.205405386348971
37.05235078359453,-1.228841912085985,0.2981982764072384,10.327835679120007,10.404958648253034
37.072357452484155,-0.4261825128236561,0.09426009944434607,10.347198957774115,10.35640105308527
37.09236412137379,-0.39559800969457676,0.31364755396532623,9.844856274082696,9.8577922290302
37.11237079026342,-1.025494242014847,0.5727807867038321,9.84447510935066,9.91430312471065
37.13237745915305,-0.12307078215975975,0.0443755706137019,9.691434963445284,9.692317950798891
37.15238412804268,-0.6682168894204213,-0.01381250838572673,9.736578316015152,9.75949086277512
37.172390796932305,-0.3118954133559393,-0.3340790152468865,9.094028748519007,9.105506378900131
37.19239746582194,-0.16063120371589124,-0.4820954034160412,10.057303024573072,10.070132198223057
37.21240413471157,-0.14237302431161725,-0.6387430813918306,10.454003881465663,10.474467048770391
37.2324108036012,0.41630355398592594,-0.7889397517535729,9.825554621647502,9.865964636260202
37.252417472490826,0.5853163441899223,-0.7800226926359258,9.300158539281947,9.351148564726248
37.272424141380455,-0.26920995155841393,-0.9988629422596058,9.477123379044459,9.533418522076364
37.29243081027009,1.0922891370628218,-0.622751476744064,9.479000920991929,9.562027683545901
37.31243747915972,0.01681960127280757,-1.0980574572313127,9.260568195535901,9.325456363231739
37.33244414804935,1.1713391732146075,-0.5145891643634305,9.776199831506625,9.859559858956054
37.352450816938976,1.246847783734381,-0.5489822807218045,9.717256090698505,9.81229213143224
37.372457485828605,0.35703559353987135,-0.44800074643235166,9.087869359600289,9.105907345290753
37.39246415471823,0.5859041532731397,-0.5915430800940187,9.61715707140666,9.653129908404681
37.41247082360787,0.22650891731388995,0.5552095944993155,9.828051328864522,9.84632707694816
37.4324774924975,0.46728827412853424,0.11559578189886183,9.916775459451852,9.92845185460036
37.452484161387126,0.2863037981812932,-0.5837504464969083,10.187504624705285,10.208231234010618
37.472490830276755,0.5567653105668016,-0.05369773306413822,9.04543979711119,9.062717703909225
37.49249749916638,0.5919231017926846,-0.2163242589850546,10.157716044217194,10.177247387108594
37.51250416805602,0.4455152034334291,-0.24786015789070673,9.204987517709785,9.219095056216357
37.53251083694565,-0.5124350263400541,-0.25641452270797216,9.140686286670714,9.158628928775624
37.552517505835276,-0.5314058267683904,0.36108847121553933,9.430009338013013,9.451870352040427
37.572524174724904,-1.258416958611469,0.10756975696360879,9.176844020952466,9.263349862723807
37.59253084361453,-1.0148888349043992,0.6758063399333298,9.496613271140621,9.574569294642545
37.61253751250416,-0.3787934885802863,0.7483135144575338,9.01185205001203,9.05079747835607
37.6325441813938,-0.1517081301691391,0.916849191886582,9.372366127436456,9.418326529917122
37.652550850283426,-1.2842088084968706,0.2919928885177744,9.87046302016054,9.957936148777147
37.672557519173054,-0.9796847691779471,0.7209132865307475,9.512624525379207,9.59007422153248
37.69256418806268,-0.6676283085117531,0.7855003413941758,9.620759548742965,9.675833433838429
37.71257085695231,-0.4258711979874197,0.4574403294075896,9.772359030639898,9.792324491966804
37.73257752584195,-0.7152227165737242,0.35847188273676733,10.034784829519054,10.06662566105255
37.752584194731575,-0.055249883383883064,1.0497694228690249,9.242440130008992,9.302030313195358
37.772590863621204,-0.23643892034172811,0.5991962211234755,9.970693664065708,9.991479951293556
37.79259753251083,0.12767815822885736,0.6737133417664223,9.771411098181813,9.795441094133205
37.81260420140046,0.5255312585854004,0.17730780692742754,9.957825474080261,9.97325971457625
37.8326108702901,0.46749317715530364,-0.010475286651853266,10.280549525603824,10.291178657020303
37.852617539179725,0.42457474155483055,0.10778489673727423,9.65708817548552,9.667017809243616
37.872624208069354,0.6589463491155504,0.1583952808586914,9.76170502623974,9.785202316524948
37.89263087695898,0.7352779483351248,-0.21112486846901402,9.531756784004504,9.562405281141865
37.91263754584861,0.6511651443984814,0.015271067108006594,9.990659230698101,10.011869012062798
37.93264421473825,0.6834558193257602,-0.5786575787365411,10.593141422229175,10.63092665959779
37.952650883627875,1.3741177824500812,-0.4968131364698969,10.191530435550536,10.295742595430767
37.972657552517504,0.8692583853589115,-0.04456641886305357,9.854023245039718,9.89238952023171
37.99266422140713,0.40405358945120284,-0.14416010081838895,10.133007927725831,10.142085145628139
38.01267089029676,0.6517584550585722,-0.5149297222631067,9.849010981963115,9.883974859611914
38.03267755918639,0.07116548837376038,-0.7657405796391761,9.968265722300083,9.997887010384966
38.052684228076025,0.49522444817928135,-0.821220260274452,10.426579764692978,10.470588119082175
38.07269089696565,-0.006211408216364539,-0.6659165335301434,9.955492529023338,9.977740972116901
38.09269756585528,-0.36917760582298625,-0.38893659167981876,10.632802296553193,10.6463161917433
38.11270423474491,-0.3027258424784215,-0.318949713178857,10.262780940951133,10.27219764691037
38.13271090363454,-1.2411560876153727,-0.7479457686993225,10.288838453292893,10.390384402162338
38.152717572524175,-1.163264742036211,-0.9329928550422864,10.152897110206517,10.261821488316018
38.1727242414138,-1.2535536259199545,-0.48122044016339305,10.436060290840663,10.522087444948811
38.19273091030343,-0.7426725390118729,-0.7705081821224111,10.401910569683627,10.456815426247893
38.21273757919306,-0.08993351668155336,-0.6289092967575045,10.225671487566537,10.245387855645191
38.23274424808269,0.1664051298346234,-0.015084050088117362,10.248754952167166,10.250116890327318
38.25275091697232,-0.3770524954708473,-0.09439328730957147,9.966410884038412,9.973987396548544
38.27275758586195,-0.30585982198540834,-0.21721729686785485,10.140604872267883,10.147541611652876
38.29276425475158,-1.0747393814810282,-0.5622572529710046,9.822339509204667,9.896946569053897
38.31277092364121,-0.40144140715814225,-0.02923097365621509,9.86867740784785,9.876882272932514
38.33277759253084,-0.32014169197749726,0.3162830824329566,9.729178192703857,9.739580791623416
38.35278426142047,-0.07376719682121402,-0.025011266044954947,9.61794906133596,9.61826446450758
38.3727909303101,0.2780146604136901,0.5812146707824565,9.49262614795509,9.514465504156204
38.39279759919973,0.30953429475985567,0.6479111108715697,9.785326417700814,9.811636631478805
38.41280426808936,-0.16565803482100294,0.8375074447770083,9.985970284027363,10.022398107141584
38.43281093697899,1.021000663501927,0.5005752736082082,9.89466546805717,9.959790293183
38.45281760586862,0.35171472928923564,0.6465454803224562,9.120321193715847,9.149971747796103
38.47282427475825,0.8956802004308286,0.9452278812930561,9.842005894112896,9.927778139582419
38.49283094364788,1.6080009109390927,0.6940014889650241,9.322287471921035,9.485375517363691
38.51283761253751,0.3493191315912977,0.43551110257338865,9.565460428454147,9.58173924632071
38.53284428142714,-0.3928933604878161,0.4641101965502461,9.086312354749607,9.106636902574554
38.55285095031677,0.37540066456926463,0.6694344112503345,9.37948431981619,9.410833873552486
38.5728576192064,0.7757967437409504,0.1963158267894956,9.415769820938321,9.449715435521853
38.59286428809603,0.9472630283823917,0.5128710341571832,8.867277902807801,8.932466700091368
38.61287095698566,-0.5077414968667722,0.8445530747647325,9.492504908752126,9.543517211511608
38.63287762587529,0.0037240120496525864,-0.19375684578767954,9.717563309292238,9.719495473205287
38.65288429476492,-0.550175020050271,0.8614647646055109,9.271491050956358,9.327666396334507
38.672890963654545,-0.5569659945258963,0.6662231359704749,9.74825391014679,9.786854381396136
38.69289763254418,0.4188485446570491,0.11248849610302222,9.305620226962438,9.315720883193597
38.71290430143381,-1.3318084583199674,0.3286547438593459,9.645449763731479,9.742506292273129
38.73291097032344,-0.6836089048001537,0.07803953229643656,8.758412274578609,8.785396796662765
38.75291763921307,-0.6124872309465756,0.3557990862440327,10.187961026543656,10.212555188404965
38.772924308102695,-0.3389478293937465,0.19161342854872437,9.953754895412672,9.961367268352406
38.79293097699233,-0.6683459726513007,-0.6108625747327214,9.466417695487168,9.509621622851295
38.81293764588196,-0.48252547873772794,-0.09797816076290103,9.010167812743315,9.023610949692657
38.83294431477159,-0.6297306116914192,-0.4129342208264525,9.740854298052378,9.769919025760464
38.852950983661216,-0.2086286866067138,-0.3955077107684242,9.27590828968258,9.286680078303254
38.872957652550845,-0.28064069603923913,-0.6983736698505959,9.89847245745036,9.927045984275349
38.89296432144047,0.28548934614047966,-0.004145787920588728,9.94499170982812,9.949089479086377
38.91297099033011,0.0673616755955325,-0.25322810657441913,9.595459322297666,9.599036497230724
38.93297765921974,0.53341997572215,-0.8110000782300691,10.269660749136639,10.31543454730562
38.952984328109366,0.5187447470893078,-0.999895282250827,10.228956018195918,10.290793356699313
38.972990996998995,1.1016976447750892,-0.7120413693764438,10.33167684471778,10.414618909776967
38.99299766588862,0.71834553878832,-0.44927242799882905,10.090306318466743,10.1258158993805
39.01300433477826,0.07964618146263924,-0.47768092780618554,9.708160960798876,9.72023208693037
39.03301100366789,1.3033677977529012,-0.13143674564446167,10.467221517523845,10.548875273280988
39.053017672557516,0.40533364649890047,-0.21651124393241195,10.129137798404063,10.139556450988927
39.073024341447145,0.4360137289274053,-0.09842759213272151,9.824587014042386,9.834749918487837
39.09303101033677,0.3535897981214742,-0.21821122374525426,10.672887323852772,10.68097213324523
39.11303767922641,1.0057908177908825,-0.6528440518508244,10.917005551760118,10.982660458302018
39.13304434811604,-0.5573405558411901,-0.20918940232354594,10.28861542420065,10.305823404674145
39.153051017005666,1.3778046185408206,0.25653930987021867,10.95625503301314,11.045527707303389
39.173057685895294,0.3646484815723772,0.013444223521611802,10.337067922675926,10.343506296236047
39.19306435478492,-0.14601278744579138,0.26956053598848156,10.190302778653846,10.194913110826418
39.21307102367456,-0.4228040232555211,0.11004689682745154,10.10374620858518,10.113187480170721
39.23307769256419,-0.43172767606329415,-0.020905327726540135,10.766278562581478,10.77495150365457
39.253084361453816,-0.4547706726334676,0.3268600281932434,10.017433364168802,10.033076549507648
39.273091030343444,-0.4885927501246307,0.5241385769415022,10.44273533859572,10.467290264212055
39.29309769923307,-0.5698307764320872,0.29248077889225177,10.019813648438989,10.040264820672553
39.3131043681227,-0.7612539377390868,0.4651262403809029,10.010051546223298,10.049725465666292
39.33311103701234,-0.8403996986522251,0.2884833744536803,10.413475791865984,10.451314385215374
39.353117705901965,-0.7475322438100683,0.9276256108881278,9.94288296045219,10.014000963389298
39.373124374791594,-0.655520351157098,0.5116032758848815,9.884791770879838,9.91970529785694
39.39313104368122,0.014860801170625382,1.030228924637167,10.292899183644511,10.344339809056947
39.41313771257085,-0.03995247136293434,1.0339890356907324,10.377275230935714,10.42873773495568
39.43314438146049,-1.2781179260718893,0.5189458463351195,10.03533537734271,10.129701197968325
39.453151050350115,0.3410085825335227,0.1962816645940345,9.588961663507323,9.59703074546656
39.473157719239744,0.3331439979181964,-0.18272535644634286,9.57598883385913,9.58352417565856
39.49316438812937,0.4113546219348504,-0.06440163981605518,9.697958216214332,9.706892075202918
39.513171057019,0.4056669422754644,-0.10934252872143124,9.716813999692159,9.725893057259876
39.53317772590863,1.1243519907238335,0.635069985143261,9.273149031436173,9.362626460790805
39.553184394798265,1.1329534478473877,0.16996636647678354,9.738468904260316,9.805623319298357
39.573191063687894,0.4855916807641371,0.16271919856375477,9.502948233663464,9.516737988917008
39.59319773257752,0.9578474904416545,-0.7107106619684894,8.922572391674242,9.001937543920668
39.61320440146715,0.36611718271478555,-0.4933839056341071,9.123363090341893,9.144026659411628
39.63321107035678,0.12420716515605257,0.04576355882023539,9.220774700220508,9.22172477335008
39.653217739246415,0.31217677970952684,-0.21568979647927267,9.325728313680633,9.33344443443468
39.67322440813604,0.7659354561704266,-0.42039267366917155,9.895853957495115,9.934350138341483
39.69323107702567,0.6388809830820981,-0.2727426246590967,9.388155524343029,9.413820775811615
39.7132377459153,0.2863839807819312,-0.007377260053063217,9.058413607062782,9.062942529059454
39.73324441480493,0.1905699504973305,-0.6090375754409401,9.37716015392068,9.398849728908813
39.753251083694565,-0.06854432017171969,-0.5541959696121491,9.212050859194829,9.22896053350291
39.77325775258419,-0.6931352219256244,-0.5364505701530827,9.428105712643047,9.468758787658704
39.79326442147382,-0.4030455343626705,0.11767642758191588,9.523978160675055,9.533228909944077
39.81327109036345,-0.3655676325636285,-1.22186417611981,9.737590629759216,9.820756744347026
39.83327775925308,-0.45897315015925827,-0.36574464558152026,9.39811321420989,9.416419568256568
39.853284428142715,-0.3213025441038525,-0.570844693797718,9.932838231270146,9.954414815440758
39.87329109703234,-0.5091001671510247,-0.3198823660112895,9.754023857301949,9.772537496325802
39.89329776592197,-0.6069985060796275,-0.6295087766107929,9.31405084959771,9.355013186260335
39.9133044348116,-0.23656219350448937,-0.3795514806225332,10.237532645963949,10.247296993598654
39.93331110370123,-0.5583927878448839,-0.07571715189213885,9.723977640033862,9.74029140921802
39.95331777259086,-0.7557700475805541,0.7270212255299796,9.428999422308275,9.487137520510641
39.97332444148049,-0.3029368700074384,0.12254545333324848,10.230736265089966,10.235953920430159
39.99333111037012,-0.3582425580804309,-0.284576314059698,10.414481903411513,10.424526594787396
40.01333777925975,-0.14985106954316352,-0.06689086438235103,9.837768358482762,9.839136954324077
40.03334444814938,0.2367856740292011,0.013238401793770033,9.752626448749114,9.755509487440841
40.05335111703901,0.1369796907337565,-0.30379471968340216,9.90685631553257,9.912459670737057
40.07335778592864,0.46697527136005834,0.21617185291562796,10.225936012207455,10.238875109103349
40.09336445481827,-0.061160163728790184,0.6081896352943088,10.445244613440023,10.463114748138079
40.1133711237079,0.8522322976963809,0.07039342400238252,10.280184331206378,10.315689264753992
40.13337779259753,0.7989287299392357,0.8212492924443453,10.182882140132289,10.247137463491343
40.15338446148716,0.4624379355709157,0.6955703006730476,10.640718310009728,10.673450849674147
40.173391130376785,1.003561274840269,0.3590271333271144,10.131537988603924,10.187448047933719
40.19339779926642,1.027762398922471,0.5537407377840886,10.563427765468417,10.627743434501493
40.21340446815605,-0.11069472138207503,1.0790580106987622,10.19081727867977,10.248384083319339
40.23341113704568,0.07969600140860528,0.8093706394125064,10.423653129091441,10.455332459573025
40.25341780593531,-0.09003075926252146,0.5683021179149425,10.271194796832516,10.287298741133133
40.273424474824935,-0.3365893943546687,0.4578755377877202,10.29309284939656,10.308768250125475
40.29343114371457,0.19090026802197912,0.5036582180652476,10.194826477694905,10.209045078912357
40.3134378126042,-0.3914990710385412,0.26772447418713263,10.70332465408011,10.713827820501033
40.33344448149383,-0.5768473504043887,-0.2791606160269055,10.065553239870383,10.08593305251796
40.35345115038346,-1.405645424093429,0.8879278113726989,10.042845171858668,10.179538005352152
40.373457819273085,-0.45219523365248043,0.23863021195376122,10.87488022141275,10.88689325461903
40.39346448816272,-1.2683173496866995,0.2238737916518971,10.500123919823764,10.578816129688617
40.41347115705235,-0.7755045544414996,-0.002917578633843893,9.454349985537263,9.486102965667884
40.43347782594198,-0.674633005447789,-0.29638345038541686,9.958819478789467,9.98604317298991
40.453484494831606,-0.18737738416134142,-0.22020627065151777,9.539242313629195,9.543623263931948
40.473491163721235,-1.163926908679378,-0.7290934238684316,9.748585429657942,9.844857589057103
40.49349783261087,-1.7243139517251262,0.3546663244247587,9.040330372015852,9.210136809026626
40.5135045015005,-0.2927479317485183,-0.7705380039850475,9.886682332586124,9.920983706901191
40.53351117039013,0.5228114453205768,-0.7724102328023542,9.529585181902815,9.575121049586668
40.553517839279756,0.4771433506495265,-0.6470226521126802,9.833732956571717,9.866539816500042
40.573524508169385,0.24532624002223274,-0.1689514836116543,9.271744989370916,9.276528699669004
40.59353117705901,0.13647429256878524,-0.5788373635340448,9.728323393472982,9.746484185281833
40.61353784594865,0.8106611637112169,-0.9686014730383596,9.524505763481638,9.607891047181825
40.63354451483828,0.22820829713588453,-0.22245378204271832,10.047156121990506,10.052209252282708
40.653551183727906,0.9064978677454227,-0.36685095542005697,9.970295766512885,10.018139332204576
40.673557852617535,0.9799713682092767,-0.3987040672193223,9.736174977111531,9.79348824478081
40.69356452150716,1.2240443488413588,-0.30687385843696713,9.360226072335701,9.444908059804261
40.7135711903968,1.8852194298536327,0.2472011108750487,10.015961181877875,10.194833941011495
40.73357785928643,0.8798832598895021,0.24560729447487512,8.921555397228312,8.968203175661593
40.753584528176056,0.4240385138667682,-0.5454395175815908,8.938919783491382,8.965578610679604
40.773591197065684,0.4901050039241078,0.22594573232888143,9.313127647201236,9.328751307752453
40.79359786595531,-0.36009197824890493,-0.06213143526975656,9.998780798572351,10.00545571205765
40.81360453484494,-0.10086075207014006,0.06080654267319255,9.252406718194079,9.253156240214631
40.83361120373458,-0.16622708326716662,-0.5064241943325071,9.255027044298803,9.270362587219502
40.853617872624206,-0.3915599061286881,0.040292033113017066,8.880712675732967,8.8894319411841
40.873624541513834,-0.2911185072096956,-0.06436462520971256,9.606700757980935,9.611326247901996
40.89363121040346,-0.8332162641414463,0.5118984482083009,9.62473858692489,9.674289753297076
40.91363787929309,-0.18231723591423038,0.6628192297174444,9.597396994464805,9.62198513692246
40.93364454818273,-0.7249732414079512,-0.21059245646245472,9.199541983939877,9.230466299041934
40.953651217072355,-0.7861393364429583,0.46604977086549465,9.209321613185967,9.254556824630823
40.973657885961984,-0.9310524331873491,0.8593905830139725,9.071391872684083,9.159452020471313
40.99366455485161,-0.7145149152729057,0.5051259794941926,9.52696884989054,9.567069524472586
41.01367122374124,-0.3836578361108317,0.805402134291954,9.224103973395634,9.267144114836263
41.03367789263088,-0.9612708365492219,0.7042615311747982,9.24476730541212,9.321252515446064
41.053684561520505,-0.7470638306999701,0.7000365510592048,9.523361834907593,9.578234502168629
41.073691230410134,-0.4500410849652423,0.5011995114842177,9.558238735977847,9.581944774544263
41.09369789929976,-0.6948829381680857,0.18944363321847912,9.59945127140236,9.62643318680146
41.11370456818939,-0.3042414615118523,0.17719097148790436,9.957265943329828,9.963488574464053
41.13371123707903,0.01177350542410513,0.6740220871415801,9.897440885773932,9.920371992862673
41.153717905968655,0.7205063719314504,0.404145156285118,9.842858916078743,9.877465989876825
41.173724574858284,0.6253631718374599,0.2847991402563777,10.038263353665442,10.061755354038576
41.19373124374791,0.7208356344138268,0.11981893373668126,9.737738557187704,9.765117141993876
41.21373791263754,1.0740193109785656,0.0704529745286448,10.11573811065797,10.172838277756748
41.23374458152717,0.7315698073844359,0.3874273470853429,10.174787815071301,10.208408368304509
41.253751250416805,0.9554660738937452,-0.11754121911320092,9.720059091577752,9.767613838615645
41.27375791930643,0.730005670379825,-0.5092238411840138,10.506431994022577,10.544066124803948
41.29376458819606,0.8101328920937252,0.028682645595439926,9.974959219899796,10.007844395057031
41.31377125708569,0.36768870056250236,-0.33896891441044674,10.292657609204394,10.30479963734235
41.33377792597532,-0.5085589272914238,-0.3448775747744332,10.635238728741383,10.652974962020268
41.353784594864955,0.25562597592641345,0.0592333821530861,10.57788377041931,10.581137854391175
41.37379126375458,0.7050365391054357,-0.48834412592456844,10.318478897971389,10.354060231362363
41.39379793264421,0.3260929943545339,-0.4436057084042298,10.201057657267453,10.215904266994228
41.41380460153384,0.16369854373391987,-0.9201773559593194,10.589298924343597,10.630464490733477
41.43381127042347,0.10526560893421599,-0.6556745025499903,10.496362242160734,10.517348060246745
41.4538179393131,-0.5006091009396111,-0.4167944959237493,10.091164859302191,10.112167687562906
41.47382460820273,-0.5767023058325668,-1.0625239966654856,10.014960039500133,10.087664119399847
41.49383127709236,-0.9888217936601578,-0.5183837912841066,9.602805722981977,9.66749026624898
41.51383794598199,-0.9165075798841449,-0.5179836489975481,10.236506064515247,10.290498025531676
41.53384461487162,-0.5518091093219741,-0.4929673991123263,10.126408992748473,10.153406779900795
41.55385128376125,-0.28391482022582215,-0.13986123125347932,10.448634752220409,10.453427044489269
41.57385795265088,-0.7495744729901129,-0.28608946851326655,10.168245542424764,10.199849336416381
41.59386462154051,-0.7668292553276411,0.13036467200387114,10.410346210169191,10.439364457193602
41.61387129043014,-0.44958720347574627,-0.5306595973021755,9.747858452311112,9.772638981771056
41.63387795931977,-0.049429762609490974,-0.1060488866212223,10.243622696695379,10.244290879316047
41.6538846282094,-0.6927887002435787,-0.032395072826108096,9.687433987552424,9.712228523213117
41.67389129709903,-0.8531781756985668,-0.28810905095343786,10.022857339174402,10.0632295544806
41.69389796598866,0.022291740599010762,0.4092162764643348,9.295681729067818,9.304711370630876
41.71390463487829,-0.0809292174436072,0.9066119842495166,9.748561122543906,9.790962097168766
41.73391130376792,0.3481819132474129,0.2862388888753867,9.029012911472323,9.04025649535184
41.75391797265755,0.6082957454209925,0.51836093679421,9.493049624231775,9.526631773235412
41.77392464154718,0.5680538762295273,0.4593921895030858,9.657096460336788,9.684690931275254
41.79393131043681,1.3740835245482188,0.2772856066792089,9.324143192798712,9.428925660960578
41.81393797932644,0.9271055556430036,-0.008702319473129716,9.124959764036452,9.171940423757261
41.83394464821607,0.879307598641562,0.35975039405994114,9.658313503938784,9.704927714281098
41.8539513171057,0.932011020486109,0.17487230761424494,9.343010997804111,9.391010561774833
41.873957985995325,0.11677928827452644,1.111212105661559,9.20232452415359,9.269908650778458
41.89396465488496,0.8479650780352873,0.5593436827493576,9.342802172068827,9.397864787036095
41.91397132377459,0.23998274490724286,0.4705080012072269,10.10840605993644,10.122195540969013
41.93397799266422,0.3626694727497149,0.8083942406968454,9.656926356517399,9.697487151322079
41.95398466155385,-0.5148933585535045,0.1601853498675564,9.65949953839112,9.674539050992196
41.973991330443475,-0.883889704416577,0.21043295236600934,9.447626915231833,9.491216853830075
41.99399799933311,-0.09808959535729583,0.3946910367797988,9.379448100678895,9.388261247779623
42.01400466822274,-0.41586185673083453,0.6081769821355385,8.629360920861032,8.660755753856973
42.03401133711237,-1.0395500657520313,0.36852554545700844,9.169079301000073,9.235176806368539
42.054018006001996,-1.1042967648901305,0.20603973365843853,9.258779210747846,9.32667766089133
42.074024674891625,-0.34539675902181266,0.06551213416762891,8.875866523135105,8.882825974732164
42.09403134378125,-1.2699163054590423,0.07172656033066951,9.131244092583266,9.21940620651159
42.11403801267089,-0.09517732474518015,-0.0771713596780656,8.928591497534835,8.929432248007236
42.13404468156052,-1.0322401626995519,-0.5328553026448266,9.559390462939966,9.62971445838319
42.154051350450146,-0.3021222551136041,-0.29115193715689214,9.86761984498032,9.876536271010934
42.174058019339775,-0.5459932410189448,-0.7012678923499645,10.007528724329143,10.046915767754411
42.1940646882294,-0.009204118670399969,-0.42041075544364664,9.855157771335968,9.86412513186126
42.21407135711904,-0.2912884856048004,-0.64440346013686,9.497943228766587,9.52423384730527
42.23407802600867,0.04183048008441838,0.21749240845264672,9.263876841696222,9.26652399095336
42.254084694898296,0.2984536394520235,-0.588040957789268,9.37254175632968,9.395712092070687
42.274091363787925,0.04196854552336998,-1.0160115336505655,9.57386792366098,9.627719761970065
42.29409803267755,0.8773546214280823,-0.6401532466131992,9.74101675502972,9.801375144981462
42.31410470156719,0.484300110974934,-0.43562639683510734,10.010334635659996,10.031506191644603
42.33411137045682,0.6715510926313742,-0.06752724884128292,9.801420225013578,9.824631251434106
42.354118039346446,0.3997594769153288,-0.7115394695757636,10.25099216566099,10.283430188248996
42.374124708236074,-0.23358265150706403,-0.9624554701301906,10.118909008247238,10.167261229271908
42.3941313771257,0.6684481562244441,-0.1846222305784578,10.226205809597932,10.249692364448707
42.41413804601534,1.6254408866279064,-0.7760406242116207,10.59428718707615,10.746311838421326
42.43414471490497,0.8561049073840085,-0.41667687338196113,9.921658350900064,9.967238316667427
42.454151383794596,0.38878288796870375,-0.28059394714502817,10.41890034809363,10.429926632563493
42.474158052684224,0.12534161064995739,-0.13705794843542857,10.30047882869043,10.302153148778629
42.49416472157385,0.061744395972912626,0.18035967525141539,10.209681927992058,10.211461553257617
42.51417139046348,0.09117617183895388,-0.14110234399984356,10.57397225756465,10.575306722244056
42.53417805935312,-0.773917410125779,0.07079349777505078,10.564394727240847,10.592940848979438
42.554184728242745,-0.01440921397882211,0.23408261477333747,10.002764445965093,10.005513422980851
42.574191397132374,-0.3090731021537098,0.363280928810199,10.211989529193831,10.223122290184959
42.594198066022,-0.41269441814176594,0.4205560999221743,10.325088708170908,10.341887687823027
42.61420473491163,-0.5936370249061066,0.5859311196371817,10.127403471936837,10.161693819324462
42.63421140380127,-0.7910341869792451,0.7618659536592687,10.348286711874342,10.406402485367849
42.654218072690895,-0.5188628672771756,0.6685353276182505,10.215974263375767,10.25096523793095
42.674224741580524,-0.5002355331767545,0.7163434286536923,10.636109219946896,10.671935290052472
42.69423141047015,-0.7899609480812355,0.12194467890586308,9.57844803255752,9.611741544413889
42.71423807935978,-0.7561161802762634,0.6144737791760571,9.949082705141372,9.996676266495461
42.73424474824941,-0.3374137972535043,0.732438104846283,9.65929654482448,9.692900669503736
42.754251417139045,0.4092493441721491,0.7830808316653599,10.05755540467963,10.096292454798814
42.774258086028674,-0.5274798413582016,0.319687470002333,9.334799469914994,9.355154525984112
42.7942647549183,-0.4387023583620122,0.28069720593733805,9.867345485989624,9.8810807921266
42.81427142380793,0.38679610106019524,0.24632962861786917,9.518532941411692,9.529572858552996
42.83427809269756,0.49747177074228394,0.5101286719755445,9.432704655886281,9.459578560899832
42.854284761587195,0.6783548291560043,0.5820824892048998,9.166417482849356,9.20989656664854
42.87429143047682,0.8074531149038017,0.06621810894545246,9.410938233934967,9.445746334390902
42.89429809936645,0.6852552758027628,0.37310265929012143,9.829223688261504,9.860142935133647
42.91430476825608,1.3956599705957418,0.04772835467549226,9.45364353560539,9.556229426277758
42.93431143714571,0.1437618988422168,-0.11687353480619112,9.61129059498069,9.613076188601706
42.954318106035345,0.39715888891793566,-0.23146771624806373,9.889113658511915,9.899791989616677
42.97432477492497,0.5945480659603362,-0.028716940179667028,9.440956070305619,9.459702087636321
42.9943314438146,-0.14654897225598884,-0.2339356723719701,9.172028067302785,9.176181197397286
43.01433811270423,0.2892244867758298,0.27976132115739927,9.463695762655407,9.4722465491914
43.03434478159386,0.8546632912978103,-0.7208785177376801,9.150303493056748,9.218360439572441
43.054351450483495,0.01924874461373107,-0.36143973346582026,9.15868478576937,9.165834179177605
43.07435811937312,-0.07656194884518762,-0.7155507054838692,8.856855802672797,8.886043509541704
43.09436478826275,-0.8440370813310223,-0.8448510448472348,9.599869785084582,9.673865399788296
43.11437145715238,-0.7403128413312197,-0.6013345746763213,9.221600271158714,9.270791656313689
43.13437812604201,-0.7724715816032279,-0.5572949350629843,9.413481623085408,9.461549886630527
43.15438479493164,-0.8463741665768278,0.2901180625314629,9.075283004112377,9.119280636365271
43.17439146382127,-0.26685633443226453,-0.6141171900971784,9.549495608083806,9.572942003125862
43.1943981327109,-0.5769234659745368,-0.8587735841093984,9.22777165916656,9.285585740709832
43.21440480160053,-1.2242850440794002,-0.3868595873309348,9.45600580484023,9.542776325086871
43.23441147049016,-0.6210526495339571,-1.029551288336552,9.808013191409575,9.881437396030643
43.25441813937979,-0.4236305064798048,-0.3638955394110236,9.83143267626498,9.847281413545282
43.27442480826942,-0.03836775796342773,-0.2530120364095742,9.639894494545096,9.643290571240717
43.29443147715905,0.2914866859929279,0.06490487867873085,9.170453288638411,9.175314199006294
43.31443814604868,-0.5756990553697365,0.206895727227346,10.6545198871131,10.672067712921761
43.33444481493831,-0.3142868206927377,-0.1460427202075511,10.336900310590746,10.34270819045369
43.35445148382794,-0.31377006250400113,0.04994887635633153,10.086370789194374,10.091373654735344
43.374458152717565,0.2652094876523135,-0.046758879573094936,9.699271295062989,9.70300912709004
43.3944648216072,0.6966245861932402,-0.07155509168670904,9.945345519399169,9.969970082476092
43.41447149049683,1.0302748605846046,0.43755750724022185,9.868421550954466,9.931700094537563
43.43447815938646,0.6978307176093066,0.032412631293703864,10.459797567390847,10.483099896495405
43.45448482827609,0.6560179217343316,0.3505857473187006,10.205124374732524,10.232195921874226
43.474491497165715,0.860439736627945,0.22611972610338804,9.932811954165146,9.972574391184427
43.49449816605535,0.4406883466119536,0.7273588172050992,10.063944055292001,10.099813216879449
43.51450483494498,1.5460733674169878,1.1278905997616013,10.573583892584274,10.74537837379328
43.53451150383461,-0.033503171556268585,0.20865067963727907,10.743851184447633,10.74592926843343
43.55451817272424,0.5516853442680739,0.04127988742890565,10.743113162951735,10.757348241094231
43.574524841613865,1.1311017416235227,0.5442146756764511,10.526446817313426,10.601020864089143
43.5945315105035,0.1518511151078416,0.5576744768719929,10.23201662829859,10.248327857025886
43.61453817939313,-0.10701523427607092,0.5772885926138474,9.337451962974612,9.35589245023625
43.63454484828276,-0.3525282235123821,0.3248989813019738,10.394764393619212,10.405813869913187
43.654551517172386,-0.4495742804728579,0.33528770055075313,10.294441136946984,10.30970674645354
43.674558186062015,0.02309501251632662,0.43343498763602234,10.320156744683853,10.329280444588278
43.69456485495165,-1.532598121517709,0.5556735227221536,10.271517800655156,10.400082114825333
43.71457152384128,-0.1232612333411558,-0.42813927037632277,9.828962249490578,9.839054602368769
43.73457819273091,-1.3574452273491933,-0.041072326270490095,10.360226083797876,10.448857783922808
43.754584861620536,-0.9055856558479392,0.04340534367851066,10.343933987872528,10.383589925907218
43.774591530510165,-0.9409555953334512,-0.38600594826927903,10.315834517619514,10.365849691144417
43.79459819939979,-0.4649527887306148,0.3213741533819777,10.348119520777743,10.36354379826282
43.81460486828943,-1.2350349719997729,-0.47146694700292424,10.195125961114833,10.280475953338755
43.83461153717906,-0.27595411442445394,-0.36972061389532673,9.838058514814653,9.848869952767375
43.854618206068686,0.5073555263025535,-0.25889939651830546,9.88504162380995,9.901438604164678
43.874624874958315,-0.6737683025383508,-0.6617962063418695,9.87762429044885,9.922670989582343
43.89463154384794,0.12780426404234224,-1.086085674662068,9.826075714016637,9.8867426364906
43.91463821273758,-0.03509755432988665,-0.6963279432901825,10.036917792808332,10.061104473293137
43.93464488162721,0.5661138310234469,-0.2816231390887239,9.8751673232342,9.895389134542347
43.954651550516836,0.5493058642642523,-0.7008373677940287,10.251519671949053,10.290119801682096
43.974658219406464,0.4033265939398825,-0.8493909221088034,10.238830260681516,10.28191530732419
43.99466488829609,0.9397020252467582,-0.29992689491339225,9.552337893051288,9.603132575444784
44.01467155718572,1.5129667239715534,-0.6459100721379013,8.33259976254794,8.493437874732962
44.03467822607536,0.7212034835997665,-0.6563589587940695,9.813972936698732,9.86230228444661
44.054684894964986,1.0511457615041533,-0.4036759972811289,9.244830469439892,9.313149420652138
44.074691563854614,0.1727008098261279,-0.15230341777590017,9.135671807542396,9.1385732625999
44.09469823274424,0.19902607870219696,0.4046804756356646,9.231304596098084,9.242313682910027
44.11470490163387,0.6325037243239671,0.0190689679296438,9.197437252687816,9.219179822736466
44.13471157052351,0.8765164371488319,0.2047851196379893,9.501822040286243,9.54436169133833
44.154718239413135,0.25002343830499546,-0.20577018427661423,8.843310149036501,8.849236547888811
44.174724908302764,-0.1980315775905554,-0.27132823003282647,8.987202803542935,8.993478178443851
44.19473157719239,-0.24996649032899043,0.14471669864594927,9.419231048009411,9.423658509567229
44.21473824608202,-0.9139919685952577,0.24489130340274676,9.515243751613191,9.562176359059313
44.23474491497166,-0.3150715334825902,-0.028922136108250007,9.539058286979367,9.544304037673877
44.254751583861285,-0.3186035544136065,0.3172431217940546,9.134645197141321,9.145703597912389
44.274758252750914,-0.9327970220219541,0.5564270835483349,9.107052798843975,9.171593758149726
44.29476492164054,-0.9820668233842238,0.6016335280477377,9.283553863760186,9.354720225052155
44.31477159053017,-0.6893070087855268,0.6904770351614528,9.547305709958806,9.59702813415998
44.33477825941981,-0.9313917992692395,0.6599093737724732,9.965065542512434,10.030229425686503
44.354784928309435,-0.7056257213729553,0.4409415054996939,8.952984918251621,8.99156693888092
44.374791597199064,0.2728715539250294,0.4458290712914422,9.551895398297502,9.566186708703057
44.39479826608869,-0.5247653420488543,0.23364204048633774,9.27166187790052,9.289439232021063
44.41480493497832,-0.4065137949787291,1.1086127442067304,9.230915280181293,9.306130914188241
44.43481160386795,-0.3460003041434365,0.5440502625532371,10.072864245959162,10.093478142651026
44.454818272757585,0.3913217898666766,0.42712953798540715,10.002701860795625,10.019461906779643
44.47482494164721,0.1970098844977799,0.15928529474991382,10.030306967425615,10.033505995438494
44.49483161053684,0.17186577933806574,1.2520118152482425,10.226854190150208,10.304640607911638
44.51483827942647,1.100248276976251,-0.025725592460065783,9.859903283156754,9.921134049608542
44.5348449483161,1.2505328582081021,0.08584797642767311,9.924822062978084,10.003664093035681
44.554851617205735,0.5186835400284868,0.2526112458602117,10.757999269029051,10.773457816720736
44.57485828609536,0.049711902815721354,0.21837801335222112,10.072238472169136,10.074728188404949
44.59486495498499,1.1962114087841633,0.23527749301701956,10.406380384625313,10.477548851842222
44.61487162387462,0.475794341807753,0.4009475052576661,10.222580715869077,10.24149870136822
44.63487829276425,0.9841198162578969,-0.07551072602442305,9.695763462904624,9.745872090844024
44.65488496165388,-0.23599669745537322,-0.6250265691404185,9.660798214807599,9.683871890962363
44.67489163054351,0.7651157226212808,-0.4591600581996091,10.118502500033705,10.157771550455173
44.69489829943314,-0.24116381827853195,-0.3549084235270099,10.620873662841557,10.629537964482678
44.71490496832277,0.3584350586520245,0.1181860195341835,10.546059521352579,10.552810765592056
44.7349116372124,-0.10870818760598032,-0.9652394606751925,10.58293643650998,10.627419644754209
44.75491830610203,-0.6707069981090132,-0.21634266581972444,10.005364202023035,10.030152782559718
44.77492497499166,-0.6119196348466825,-0.5412518759435628,10.772720585673751,10.803652532811407
44.79493164388129,-0.3116561870919083,-0.34846904446204047,9.978860501240739,9.989805661629436
44.81493831277092,-0.6510205573961553,-0.6213857948735941,10.306685324792221,10.345903075928677
44.83494498166055,-0.5314594247790997,-0.8210686050736791,10.208707611960547,10.25545288521796
44.85495165055018,-0.007483441276088021,-0.30772052292963786,10.123488904982583,10.128167432039762
44.87495831943981,-1.4159062234356208,-0.28919169637523534,10.536391269721516,10.635034708898692
44.89496498832944,-0.0951894966086353,-0.1354155937995729,9.878290017244348,9.879676719817205
44.91497165721907,-0.6143660729218761,-0.36283714895040314,9.636373352662323,9.662752602655022
44.9349783261087,-0.8962075205543094,-0.4624554715086726,9.995728530679923,10.046474100005186
44.95498499499833,-0.9220441011693045,-0.6673918351101314,9.815958813009154,9.881731862622303
44.97499166388796,-0.29891346873115543,0.1333461482076342,10.893688826276403,10.898604805238607
44.99499833277759,0.3234301566313227,0.10454519815556003,10.027092238392672,10.032851814011336
45.01500500166722,0.08409171178212517,-0.2219984765307621,9.644823075343943,9.64774413499132
45.03501167055685,0.9130265907492625,-0.005016230188991916,9.394818828622157,9.439081710665182
45.05501833944648,-0.11418305083131453,0.10179214915711632,9.092850290792516,9.094136892607935
45.075025008336105,0.5954028876594281,-0.12330373524348731,9.29661265225099,9.316475471751717
45.09503167722574,0.2026321192933742,0.1487548107691199,9.58853408661802,9.591828485733675
45.11503834611537,0.9165242241475052,0.11742862766017698,9.935395856958587,9.978271241578533
45.135045015005,1.1539991078111536,0.3869599042808606,9.800721313813888,9.87601084342235
45.15505168389463,0.6183665758004322,0.3306213250238781,9.49438150548978,9.520239905297245
45.175058352784255,-0.30769168158757343,0.09311401376577494,9.295055459846605,9.300612904110242
45.19506502167389,0.7234766141224565,1.2037771291295307,9.4443465994168,9.548202997303372
45.21507169056352,0.6956703249986498,0.9749880104699261,9.185514932970289,9.26327390318693
45.23507835945315,0.5332110074312486,0.35413630721508627,9.840014194641915,9.860811622442048
45.255085028342776,0.6973854311879045,0.6448340477920205,9.257354092101266,9.305953050352716
45.275091697232405,-0.40412212558871563,0.6508235641671993,9.28415632109498,9.315709559587692
45.29509836612203,0.11637379739137038,0.8334493369450265,8.647649691866702,8.688499631767021
45.31510503501167,0.14921661386302087,0.17026807779108794,9.262467012050461,9.26523350841685
45.3351117039013,-1.1945845911916777,0.6737630083311198,9.58699480921575,9.684599031908224
45.355118372790926,-0.4860209855205103,0.10417957395695177,9.036744775753556,9.050404738137702
45.375125041680555,-0.9149900611693279,-0.21588659606680508,9.15864865184772,9.206772450885925
45.39513171057018,-0.8089985881385262,0.31423530741630307,9.653929780264432,9.692862464015139
45.41513837945982,-0.6608099076918931,0.39414118267606413,9.010407182999838,9.04319935694443
45.43514504834945,-0.9774849286412289,0.6930486429981259,9.812591921032606,9.885481951629707
45.455151717239076,-0.9956930489561259,-0.5315869089175095,9.381480059362486,9.449135272271636
45.475158386128705,-0.6175837064703616,-0.04643981555502452,9.47386219740233,9.494084011969525
45.49516505501833,-0.9397969946155478,-0.4576856828749002,9.305385943481623,9.363914893490994
45.51517172390797,-0.787142838945114,-0.17076467683750363,9.810221149136765,9.843230842499239
45.5351783927976,0.08900878529499068,-0.9087303894096124,10.4904739425575,10.530135660283495
45.555185061687226,-0.4628697538012274,-0.8976061113000107,10.043401625871082,10.094050790370387
45.575191730576854,0.44273214116290327,-0.7909470551703237,9.606120376244936,9.648790477350488
45.59519839946648,0.5318198824963638,-0.5612275472243505,10.26183721669304,10.290923758783187
45.61520506835612,-0.19064214894913273,-0.7906888861609197,9.880471098234938,9.913891388688413
45.63521173724575,0.3560780995732843,-0.40050612078455694,10.44002863235696,10.4537741801808
45.655218406135376,1.200201323018997,-0.27642535564284315,10.319110961316689,10.392350322472057
45.675225075025004,0.3887089007580674,-0.3776169959436834,9.24017525910238,9.256053588008326
45.69523174391463,0.6142065817505884,-0.032188976501981936,9.863900037351478,9.883056703375553
45.71523841280426,0.9628033617985912,-0.3416516387259838,10.485905116267002,10.535555147361212
45.7352450816939,1.029684485992406,-0.7694503085389668,10.280532745509408,10.360581906895739
45.755251750583525,0.5175435249980938,0.07583414522218124,9.954920335025227,9.96865291774911
45.775258419473154,0.24947199287521873,-0.4359561622975374,10.093201994341966,10.105692482421132
45.79526508836278,0.902838452482317,0.10326382276662707,9.726588300186263,9.768945728669667
45.81527175725241,0.8578430420743002,0.3906639373685642,10.280882349311934,10.324003820087887
45.83527842614205,0.37394585459593965,0.14580548035242635,10.973176672285664,10.98051460640459
45.855285095031675,-0.16245353566633977,-0.34999300338438644,10.54763263113699,10.554688075689132
45.875291763921304,-0.6888488017259233,-0.08879859502583701,10.953116819783903,10.975115759296155
45.89529843281093,-0.8480466056782168,0.6670593434884272,10.544336114051633,10.599395044021666
45.91530510170056,-0.43089049063988094,0.2969326487023016,10.565481585550001,10.578432622434452
45.93531177059019,-0.5639421713351848,0.4410788291830704,10.82136385014077,10.845021755777958
45.955318439479825,-0.22478553487232789,0.7049159661028374,10.308862600842856,10.335380166157947
45.975325108369454,-0.5393274112551544,0.7353878282303221,10.101127496513605,10.142211100902195
45.99533177725908,-1.3740630831388843,0.6473957786375617,10.42426453252299,10.534346761648756
46.01533844614871,-0.2859764371193503,0.52561638036003,10.503898047399444,10.52092815734677
46.03534511503834,-1.0038737983747046,0.50551805606297,9.873739769861508,9.937507139671082
46.055351783927975,-0.625307030831682,0.8541784391269674,9.74858562166697,9.805893702852837
46.0753584528176,-0.21465916121601092,0.7468153579021158,9.952057806034357,9.982347735324682
46.09536512170723,0.6565524656535945,0.47430055684734823,10.103911589986996,10.136323375694714
46.11537179059686,1.282502225174122,0.8343450652054014,10.037381692657478,10.153323342113392
46.13537845948649,0.4595088517264203,0.4176455798732668,9.314350560180046,9.335025579671912
46.155385128376125,0.3107723216265032,0.137137025200124,10.259603666828351,10.26522544321203
46.17539179726575,0.7455056163946427,0.09230693846146815,9.439877267099703,9.469719215101884
46.19539846615538,1.0073116299904568,-0.05352930859207497,9.501085135756556,9.554483809379057
46.21540513504501,0.611276775587586,0.07301183172599146,9.261119240183088,9.281558037572902
46.23541180393464,1.5072207231901154,0.43597973574285054,10.296280670190791,10.415142259121412
46.255418472824275,0.8905266056158605,-0.2660343295450783,9.518402322041789,9.563670564383568
46.2754251417139,0.9662501430078202,-0.05777470854406371,9.154144561687408,9.205180058645302
46.29543181060353,0.9630676889941743,-0.39853956792240464,9.637391670128853,9.69358815734676
46.31543847949316,0.7593599867440133,-0.3622636683642756,9.583253619771872,9.620114993894578
46.33544514838279,0.7902136656016827,-0.813367528450901,9.276342440749373,9.345401727678164
46.35545181727242,0.04847085458762887,-0.49451659276755155,9.571093434367732,9.583982763635586
46.37545848616205,-0.10227200645208913,-0.5447380581614972,9.06385371071962,9.08078428356489
46.39546515505168,-0.49950750557262913,-0.3717593061392269,9.162470212817436,9.18360349375948
46.41547182394131,-0.06110927475205877,-0.5019561598636568,8.712573621433474,8.72723515431916
46.43547849283094,-0.09072143885382067,-0.950631256662297,8.930067066468762,8.98098145957562
46.45548516172057,-0.36406407852380734,-0.2746021831780757,9.887327766333815,9.897838116032872
46.4754918306102,0.005641504147237186,-0.5318949513167259,9.86119819323282,9.875534105658463
46.49549849949983,-0.749517415017379,-0.5170789221598526,9.417878804141228,9.461796242608955
46.51550516838946,-0.5248095321262899,-0.5478673455957109,9.93166021771908,9.960595281086592
46.53551183727909,-1.2336218902189156,-0.6565751446777787,9.424220095900779,9.527268144888966
46.55551850616872,-0.915788614347306,-0.3806583272561402,9.442999541223111,9.494936012623649
46.575525175058345,-0.4079475886473384,-0.23794425642991696,9.580514779633223,9.592147942302693
46.59553184394798,-0.23675516958589882,-0.8306667378108834,9.576774994648233,9.61564764005788
46.61553851283761,-0.5548313942174833,-0.3872401867330143,9.602885283925865,9.626691987098697
46.63554518172724,-0.3044421471208182,-0.21598591913865253,10.065479024247521,10.072398072245583
46.65555185061687,-0.7074493426042903,0.026627773763018336,9.823634981632676,9.849111526581677
46.675558519506495,-0.06249562669006013,0.3981889688807765,10.048875058205564,10.056955309322976
46.69556518839613,0.6129906969237475,-0.10182041096076852,10.200759613650543,10.219668374565158
46.71557185728576,0.6503472203440133,0.0668737068849668,10.062976047708695,10.08419111959113
46.73557852617539,0.7625341262085333,0.1441507888749898,9.708868230205836,9.739833676971394
46.75558519506502,0.6955154710445918,0.1323354641350607,9.645090504753917,9.671040548484138
46.775591863954645,0.7573269633249793,0.3350537617997137,10.143504341110212,10.177253336278747
46.79559853284428,0.5308043828578752,0.7268911812871549,10.091719675786806,10.131778229755955
46.81560520173391,1.0743695974609146,0.22468364529287282,10.209281475615331,10.268114774424406
46.83561187062354,0.9226118730164148,0.7020791678862678,10.213445358114209,10.27903662360415
46.855618539513166,0.8719643590910477,0.08303428767440235,11.02331120239219,11.05805617643715
46.875625208402795,0.3512574516927863,0.4315919346531688,9.87354548407785,9.889214014348232
46.89563187729243,-0.44178526854267325,0.49390809960163257,9.694088811606965,9.716711240006918
46.91563854618206,0.6949047009600942,1.0745119235881637,10.40309413071763,10.481499697558608
46.93564521507169,-0.11205277601608907,0.4559201885553356,10.196454384993402,10.207257274517794
46.955651883961316,-0.446241519174606,-0.1679323517221331,10.403816549338266,10.414736269367312
46.975658552850945,0.0008026096812605577,-0.16433029743276478,10.477396020590067,10.478684672377216
46.99566522174057,-0.5947512226225277,0.3785537403627028,10.674403833894988,10.697659985259655
47.01567189063021,-0.1530022894048525,0.4771189022970941,9.817819343600044,9.830596564352518
47.03567855951984,-0.4397908078983426,0.3236129597668781,10.077905039306083,10.092686029185288
47.055685228409466,-0.4877792203199625,0.17444417971707118,10.34292125973586,10.355886225944603
47.075691897299095,-1.3433965967858352,0.383227799327904,10.409635188905467,10.502955904341045
47.09569856618872,-0.30741221910019256,-0.21773535871453933,10.79602265180553,10.8025930246948
47.11570523507836,-0.6424791933521455,0.1234758872659103,10.379997038029497,10.400594421384177
47.13571190396799,-0.811398776437325,-0.7204479089292718,10.027925265556775,10.08646113835157
47.155718572857616,-0.4892061784443995,-0.5829311285270865,9.72650291921194,9.756228288794418
47.175725241747244,-1.1120655451262724,-0.9270890713434243,9.77067057002734,9.877357303998869
47.19573191063687,-0.07264806500437249,-0.5322166736868467,9.706808936764672,9.721659943854942
47.2157385795265,-0.47035866264995296,-0.5182130308734497,10.024898049491371,10.049296638053471
47.23574524841614,-0.4191910973647638,-0.5132215427600121,9.848901032562289,9.871168577086978
47.255751917305766,-0.3127928825177801,-0.5595707875117334,9.318669163671837,9.340693434406177
47.275758586195394,0.9004021227914163,-0.8739551949022776,9.530160721143192,9.612413070412886
47.29576525508502,0.33958479606867015,-0.6567857843855555,9.87126853297332,9.898920539652856
47.31577192397465,1.3106005927341808,-1.0393514009901361,9.663158774202108,9.806863042984466
47.33577859286429,0.5530695729360198,-0.1581500548360692,9.681135644503497,9.698210389532102
47.355785261753915,0.11560600481171679,-0.6223277305100052,9.582129799146864,9.603013487453227
47.375791930643544,0.34238833171097777,-0.6299615864812507,9.916275855539972,9.942163155636644
47.39579859953317,1.2335484806150603,0.0523069352617202,9.46513268218213,9.5453189868551
47.4158052684228,0.5894045884868411,-0.7284902882314406,9.24980089432599,9.297145392734844
47.43581193731244,0.311761987576352,-0.6168524619000366,9.067851143691682,9.094153443878119
47.455818606202065,0.44732289429564653,-0.5250618779003655,9.400406827625854,9.425679618587727
47.475825275091694,0.4167259320308738,-0.12912072361289628,8.582453577984719,8.593534900258216
47.49583194398132,0.4846572435300083,0.11063675126640303,9.254852176906443,9.268194104075876
47.51583861287095,0.43686045569914234,0.29338465050879947,9.250252185037334,9.265208421708376
47.53584528176059,-0.4594169848391263,0.9317918807432967,8.91089547391982,8.971251764503243
47.555851950650215,-1.0028141870118494,-0.42956342443219425,9.056251625861972,9.121724318362716
47.575858619539844,-0.7705840175016216,0.5073896195316459,9.598200017417053,9.642441989889393
47.59586528842947,-0.6030355444866069,0.22975637304800592,9.450901374006413,9.472907507205312
47.6158719573191,-1.1585506555396092,0.284083461232729,9.44408579337216,9.519122832854459
47.63587862620873,-1.1823967786064558,0.3267413012997839,9.542383973486496,9.620910243708021
47.655885295098365,-0.6477501489615413,0.28106333922132887,9.519795197433066,9.545945603092635
47.67589196398799,-0.7504222350161792,1.0874976981348408,9.910458722932875,9.998148672289863
47.69589863287762,-0.6262740161035427,0.8500541048314261,9.623704619285334,9.681451426498048
47.71590530176725,-0.8186261645038145,0.6059812342762046,9.201143239686628,9.257342975753684
47.73591197065688,-0.4569571610419325,0.9923799301625581,10.181768882582908,10.240217055861196
47.755918639546515,-0.5654616000896089,0.10803584935527094,9.859454095573682,9.87624694044486
47.77592530843614,0.33931984285301514,0.124543069772381,9.627986242887893,9.63476870636865
47.79593197732577,0.5772034350054244,-0.1795709561173523,9.485219161263474,9.504461692850507
47.8159386462154,-0.40382326250732015,0.2032985503585891,10.035836112672328,10.04601463309396
47.83594531510503,0.11733513633911902,0.39155332850367675,9.936363533279538,9.944767559313261
47.85595198399466,0.02007900143856456,0.29603112207848564,10.496147343837357,10.500340311393808
47.87595865288429,0.4566914447271943,0.22608337924956498,9.969784352406913,9.982799246882491
47.89596532177392,0.7447986628184143,-0.33004616700241973,9.868625722768087,9.902193149831458
47.91597199066355,0.2201172217790197,0.24408904861546948,10.430900667829652,10.436077797578303
47.93597865955318,0.4122500296628812,-0.01516874930809875,10.477565509954186,10.485683534862863
47.95598532844281,0.32061450884810444,0.044636854693179795,10.283409237845472,10.288502887450944
47.97599199733244,0.7094902004698802,-0.8273496281211037,10.463147775191631,10.519759746173508
47.99599866622207,0.526763542821438,-0.2444211204401357,10.270604629357377,10.287008358446114
48.0160053351117,0.05733294512399034,-0.7648718149477557,10.367706600311399,10.396040405367739
48.03601200400133,0.2461179367273535,-0.589134427298101,10.656446914838412,10.675556859526152
48.05601867289096,-0.2228622016098042,-0.36035014949903443,10.497593785591558,10.506140827080172
48.07602534178059,-0.292218352419515,-0.5322286811529184,10.255871664933396,10.273829010749413
48.09603201067022,0.31581610452114117,-0.8412074601185384,10.702668306709942,10.74032023201764
48.11603867955985,0.03063602781660857,-0.5967489938154312,9.571582265283551,9.59021558615398
48.13604534844948,-1.151591646159066,-1.0573811310558339,10.87471755234619,10.986523563854155
48.15605201733911,-0.3938698040245807,-0.23855016928144301,9.719622424765719,9.730524121844372
48.17605868622874,-0.458208317425292,-0.6176702536506048,10.010208795246903,10.039708737251344
48.19606535511837,-1.2591708933812087,-0.18034513176959643,10.148022641044713,10.227433657983196
48.216072024008,-0.44867593950315826,-0.6219775337348166,10.07383608803814,10.10298667126803
48.23607869289763,-0.09776556542718984,-0.5586601353939167,10.373250743262348,10.388743438705882
48.25608536178726,-1.062361930363657,-0.5592919869381568,9.704182283256792,9.77816824279549
48.276092030676885,-0.8494824783280297,0.01186326771690338,10.047264510059799,10.083118830660206
48.29609869956652,0.08004283763328718,-0.3790708549488394,9.741038633771922,9.748740186996738
48.31610536845615,-0.04629242559692026,0.11566014003090036,9.947176200770675,9.94795630397712
48.33611203734578,0.24572749359557056,-0.10216607810313352,9.782712044861091,9.78633102144486
48.35611870623541,0.3401187177935646,-0.4902166947977914,9.77363468395117,9.79182965974109
48.376125375125035,0.5285134719584135,0.019151145776123035,9.525208246346264,9.539878688572982
48.39613204401467,-0.008978254644656847,-0.0801348077891541,9.483130151791602,9.483472975249883
48.4161387129043,1.0633214170060332,0.36090691791942636,9.670517567633409,9.735492605162422
48.43614538179393,1.2021627875350445,0.06278643923111704,9.818522259760591,9.892043108989142
48.456152050683556,0.6950669029173164,0.7573371409154848,9.310506511155442,9.367081137622808
48.476158719573185,0.781816512642925,0.5009664682078562,9.188034360863183,9.234835129990806
48.49616538846281,0.15840472348158707,0.511756739138363,9.595996981984989,9.61093882483599
48.51617205735245,0.908892172103755,0.7857166175223858,9.370591382669664,9.447296885592475
48.53617872624208,0.8285070880002519,0.8886585094568902,9.603369162995346,9.679919277662739
48.556185395131706,0.44072959587782173,0.5903789485457397,9.062185288574646,9.09208403414901
48.576192064021335,0.7575326018434398,0.34842522392675934,8.78588455546001,8.825362496883335
48.59619873291096,0.0006543945440621868,0.017803304722363023,9.151875504520262,9.151892844440939
48.6162054018006,0.17977581025595385,0.30189687896382694,9.080301671393801,9.087097419473302
48.63621207069023,-0.631935665213715,0.26873479079485874,9.291391952958303,9.316733628061446
48.656218739579856,-0.40007105442979296,0.42189358977711044,9.135124580186645,9.15360869522058
48.676225408469485,-0.6070567793436688,0.21325772604458745,9.565818995530647,9.58743395525204
48.69623207735911,-0.5664644182677712,0.4430120365080982,9.280369038007391,9.308189463223272
48.71623874624875,-0.8901979749205698,-0.03280678142707941,9.440923199979121,9.482856088086768
48.73624541513838,-0.842928891158034,0.04500044711799439,9.477334112961799,9.514852392155074
48.756252084028006,-0.4675820366035235,0.32692294508235403,9.527651248016298,9.54471842836666
48.776258752917634,-0.9396854940158512,-0.015469676559543913,9.50540484522536,9.551752164403682
48.79626542180726,-1.3355907939808338,-0.2230920933514859,9.713104610760148,9.80703696488661
48.8162720906969,0.114220614570959,-0.46807003554640314,9.371706128426839,9.384082888836955
48.83627875958653,0.10417029196984484,-0.553332705238298,10.083258341507433,10.09896664585019
48.856285428476156,-0.8052547592827421,-0.6861712763495411,9.647376033792618,9.705211516769268
48.876292097365784,0.16229519196337083,-0.651124954480949,9.380948782797669,9.404919111887954
48.89629876625541,-0.13422536429359055,-0.3088567773849019,9.887366811479128,9.893100192664342
48.91630543514504,0.349498045612494,-0.6366932880775446,9.631854141846873,9.65919983418827
48.93631210403468,0.5264870254816625,-0.9966805015821969,10.142084952290183,10.204530748138575
48.956318772924305,0.4588879410370607,-0.06947999779926961,10.658948636371909,10.669048300825056
48.976325441813934,0.3548242811135262,-0.49849803306175683,9.811298675541696,9.830360230435119
48.99633211070356,0.4737220608308319,-0.9976256387716704,10.195151629866565,10.254793331024437
49.01633877959319,0.42683771831859285,-0.6760808195341144,9.613308275953262,9.646500490894757
49.03634544848283,0.4635183597720602,-0.46589938986661555,10.31643271161869,10.337344697971526
49.056352117372455,0.7317159291006387,0.06791001282983666,9.950114073943348,9.977213541627124
49.076358786262084,0.3959504051379256,-0.710131794953647,10.058756023581852,10.091562645669757
49.09636545515171,0.8439609916458868,-0.010538149084999449,9.940621369186227,9.976388846347556
49.11637212404134,1.0258076147662232,0.1977328341145876,10.509559201049404,10.561354749110624
49.13637879293097,0.03668905576433604,-0.3244275663123173,10.60487553094574,10.609900299222794
49.156385461820605,0.18857447413273334,-0.1297185929116796,10.316170771109826,10.318709542590204
49.176392130710234,0.11205744113196847,-0.266935229679377,10.049916033365454,10.054084919307826
49.19639879959986,-0.07516807316321159,0.07234290693059645,10.779806513420255,10.78031132213648
49.21640546848949,-0.39628209034346484,0.2087986573744942,10.065229321317489,10.075191197449191
49.23641213737912,-0.27053506675074707,0.4990735883998716,9.623003693144906,9.639733593168467
49.256418806268755,-0.4867155806709771,0.7027963157987912,10.384488970551105,10.419617358495742
49.27642547515838,-1.2520404158845397,0.21734144743515946,9.885311669525668,9.966655874035277
49.29643214404801,-0.44808262963037404,-0.09243157871369634,10.47789792779555,10.487881894120578
49.31643881293764,-0.43903117398812563,0.5360831094222281,10.026797601537226,10.050711597401145
49.33644548182727,-1.0569888882340381,0.6628883377631354,10.277842597022511,10.353293915820368
49.356452150716905,-0.6559058187529564,0.6689676662465693,10.469102361804772,10.510938799341552
49.37645881960653,-0.2829440944762188,0.5019617311244089,9.634866849347532,9.652081751869304
49.39646548849616,-0.496836973010569,0.6295845327922723,9.774217952173089,9.807066851932042
49.41647215738579,0.18030447920353412,1.0255386547058167,9.866059054388394,9.920854827190844
49.43647882627542,0.8735752317407045,0.6512055897417826,10.293780034946693,10.351285418414898
49.456485495165055,-0.20578597625677575,0.3782659447192999,9.578466217150853,9.58814101200324
49.47649216405468,-0.2687640694950047,0.2826732871388419,9.54153127990184,9.549500378431253
49.49649883294431,0.5657658500276878,0.3144050257403395,9.808378151586755,9.82971126136433
49.51650550183394,0.8708007394272002,0.7807128880971581,9.438675724402275,9.510857267977938
49.53651217072357,0.5980871416623553,0.1524515034554454,9.607044067096608,9.6268502324002
49.5565188396132,1.3447975383033786,0.11454289220992571,9.04844706262225,9.148551510390039
49.57652550850283,0.2621875787221386,-0.11390971963890685,10.134615055118008,10.13864586944869
49.59653217739246,1.0682707290586495,0.27008335244219,9.026754248839143,9.093758278993644
49.61653884628209,0.5019018159903079,0.4392973924746213,9.300137148644303,9.324024807749236
49.63654551517172,1.347198435448086,-0.09913582996817444,9.357799473910838,9.454796800100105
49.65655218406135,1.3380358612602858,-0.2898320534187226,9.917888247345369,10.01193537094796
49.67655885295098,0.08836778782905103,-0.3768267267561634,8.929123275007075,8.937508025629775
49.69656552184061,0.009069584823855503,-1.1675423006068373,9.910364446513029,9.978905788902141
49.71657219073024,0.39492065296391293,-0.28282235563495284,9.537408228048292,9.549769971859407
49.73657885961987,-0.28417804607829344,-0.5087346120266143,9.436775438357635,9.454750062340976
49.7565855285095,-0.3213085173897168,-0.4506305151355977,9.024020284096741,9.040976115017004
49.776592197399125,-0.45135259596483174,-0.8095673302600306,9.504788937939303,9.549875977356034
49.79659886628876,-1.3642134428539432,-0.714922229330473,9.136529914657375,9.265439600638675
49.81660553517839,-0.7063138147320739,-0.7127315895214952,9.759539402803444,9.810987456849398
49.83661220406802,-1.0453785994753975,-0.25938937968338827,9.119691345677568,9.183075166139064
49.85661887295765,-0.9962168505081166,-0.6431044250815916,9.413632777423178,9.488019465777452
49.876625541847275,-0.21026370512290693,0.1437466920183929,9.32220262965786,9.325681519629446
49.89663221073691,-1.2389101904087094,-0.2924421525375651,9.237838923732992,9.325132109161547
49.91663887962654,-0.3220792646433621,-0.7354776396065363,9.805330695182157,9.83814883262882
49.93664554851617,-0.6369978784670267,-0.3143966500891472,9.795314543829981,9.821038568467488
49.9566522174058,-0.48858255341531714,-0.3881306102838841,10.051363810812594,10.070713616196931
49.976658886295425,0.1074075960205757,-0.7633632304228157,9.21023348079258,9.242438021645428
49.99666555518506,0.10585832239067869,0.4647581981322838,10.119823848762861,10.13104342588364
50.01667222407469,0.3781996418666569,0.2861676456148874,10.608704471708332,10.61930023393958
50.03667889296432,0.7097002545365568,0.3237865661845287,9.77747280599039,9.80854151561854
50.056685561853946,0.34593765784236197,0.2983242398510366,10.536088547912087,10.545986540131766
50.076692230743575,0.3652089524662955,-0.08667180924391982,9.941160074024733,9.948243724339617
50.09669889963321,0.2765829317102303,0.2546307388145153,9.658263601635367,9.665577620087547
50.11670556852284,0.4447897747094992,0.7149543370905497,10.024850697740321,10.060150553535237
50.13671223741247,1.9793953768313335,0.19925600982042263,10.473636135369098,10.660898785345452
50.156718906302096,1.2816613438561635,-0.20439476195094142,9.945892001701349,10.030214390956708
50.176725575191725,0.18743400971404556,0.5149102059184469,10.050460799234012,10.065387538743654
50.19673224408135,0.1058482579865404,0.555178888614123,10.436464411612194,10.451756640246149
50.21673891297099,0.7021817855715531,0.6394644510275487,10.281427574778087,10.3251986431024
50.23674558186062,0.5769741392432158,0.8048406760335239,10.471987498995086,10.518706662430647
50.256752250750246,0.4080002635578346,0.7517409992837147,10.37781892589541,10.413006501666091
50.276758919639875,-0.09276411016895629,0.5995354319690681,10.453879297147603,10.471467913986704
50.2967655885295,-0.22066196396690177,0.8301558449413916,10.17743014306933,10.2136151653706
50.31677225741914,-0.21033581844199395,-0.04531101550550798,10.367412449752988,10.36964489015603
50.33677892630877,-0.46072872354911965,0.49131756037761787,10.004215784238083,10.026863784825094
50.356785595198396,-1.5111648478193118,0.4497469655993741,10.647451881950373,10.763555319168436
50.376792264088024,-0.8119400564532913,-0.19418636057390706,10.043368051860831,10.078005597490266
50.39679893297765,-1.1204515882704968,-0.3613174422225589,10.53961663560034,10.605162935152649
50.41680560186728,-0.7299144448180557,-0.2244111658677626,10.093193420434979,10.122039759378152
50.43681227075692,0.41477861288107765,-0.28924895409927526,10.181671388715724,10.19422083942385
50.456818939646546,-0.5719282393385386,0.04714323329510936,9.926401167886482,9.942975638168711
50.476825608536174,-0.7472780445524269,-0.4472776114388378,9.720523889618732,9.759460355276465
50.4968322774258,-0.12438804022953759,-0.5978826545446659,9.449573297948152,9.46928569462619
50.51683894631543,-0.1461372339373262,-0.5947861776527255,9.601998943372257,9.621512895423022
50.53684561520507,1.4737833670203093e-05,-0.13668311407863842,9.765629812494959,9.766586297605821
50.556852284094695,0.25447234013064746,-0.5186104788161627,9.869897372938945,9.886788515639273
50.576858952984324,1.0135065863030972,-0.6146821203689642,10.053025442054986,10.12266517514957
50.59686562187395,-0.0920407028998369,-0.6195526814031643,9.56053072211183,9.581026286597291
50.61687229076358,0.7008241382731706,-0.21125562615651444,9.375495908018426,9.404026102347832
50.63687895965322,0.2658057363457336,-0.8223465463644863,9.155268404679788,9.19596901329707
50.656885628542845,0.9511085296448496,-0.18809149160311112,9.682938037953077,9.731355244323128
50.676892297432474,0.41681458437378277,-0.491508979681417,9.908179432380827,9.929115526526449
50.6968989663221,0.6327450475692857,-0.5621003954518927,9.831472584577226,9.867835443048502
50.71690563521173,0.6562900324138823,0.2886520525865611,9.627488557644872,9.654147944883132
50.73691230410137,1.0998117014989293,-0.7154693646914372,9.574063666166404,9.663548896465192
50.756918972990995,0.9758561967932542,-0.43298578297964135,9.865245703098225,9.922844591526175
50.776925641880624,-0.021843206854305408,-0.6172879884940004,9.434846230680836,9.455043362302314
50.79693231077025,0.3420975674677733,0.12312387010680442,9.514394381202644,9.521338701785474
50.81693897965988,-0.13634778605151893,0.43277909854550844,9.215911990959272,9.227075500504258
50.83694564854951,-0.5360763312512928,0.5173165431244632,8.901491302345976,8.932611132499789
50.856952317439145,-0.2979739677952704,0.4734705236387069,9.109298419988248,9.126460459928524
50.87695898632877,-0.5022877233594675,0.1345320213874371,9.322390164572848,9.33688118176197
50.8969656552184,0.4433806076071217,0.16737620799813796,9.360257668814304,9.372247584480624
50.91697232410803,-0.47565132881568906,-0.14756204021020813,9.942775510066436,9.955240006443441
50.93697899299766,-1.2883338510812203,1.0333562233851668,9.417831732141224,9.56154714108427
50.956985661887295,-1.0140610939039498,0.622495059365528,9.780986424929274,9.853096743955929
50.97699233077692,-0.3902827811326159,0.38247954169551746,9.335587763177749,9.351567255442177
50.99699899966655,0.06658113939716348,0.9647099853921401,9.415782642418032,9.46530829784743
51.01700566855618,-1.3339558769927649,0.29782843941273374,9.157602493886454,9.259040095880456
51.03701233744581,-1.3466351262966791,0.7216171964690067,9.383869477812347,9.507426776906254
51.05701900633544,0.28893397224724005,0.544196055432573,9.81752645687811,9.836841867112055
51.07702567522507,-0.14497024309053813,0.770406366767098,9.716489397120347,9.748061784051695
51.0970323441147,-0.47416120041107956,0.5294040330121935,10.05311684810515,10.078206975241205
51.11703901300433,0.2674458572524627,0.07041381654615647,9.881133793432298,9.88500330985437
51.13704568189396,-0.8229987806670449,0.474096095881109,9.777329575245933,9.823353181276135
51.15705235078359,0.39856489873077827,0.701560874854396,10.582928629572136,10.613643107729047
51.17705901967322,0.6740075052340354,0.30482799574905733,9.964000160995823,9.991421592167402
51.19706568856285,1.0305754095361332,0.465696535898295,10.392473961932675,10.453825806265229
51.21707235745248,0.33960621293926496,-0.1662232511829003,9.971626900648236,9.97879279245903
51.23707902634211,0.8257481401345368,0.05048245038241095,10.349680008538435,10.382691594566044
51.25708569523174,0.4272627276639475,-0.21939282011855474,10.455836932844258,10.466862596509063
51.27709236412137,0.8648921978883146,0.10238186961501564,10.275913947631418,10.312755597817677
51.297099033011,0.33102179648791175,-0.19917332713686312,9.53779820218578,9.545618889815954
51.31710570190063,0.41720816383674586,-0.08376898999498336,10.274844633101491,10.283652664789459
51.33711237079026,0.04381919862809125,-0.04004392521650291,10.65785928376972,10.65802458951712
51.35711903967989,0.5417561000344271,-0.22611687838149877,10.460197015315371,10.476657392213706
51.37712570856952,0.44949751553935285,-0.409064504221537,10.442645868825945,10.460317133184713
51.39713237745915,-0.16832555130751425,-0.8367098892629226,9.792779759289148,9.829900932560642
51.41713904634878,-0.23597965685987252,-0.5721264900968832,10.087496950094442,10.106463765199326
51.43714571523841,-0.9946989373809089,-0.7522872861610969,10.41490584802312,10.48931008027375
51.45715238412804,-0.6779504341398943,-0.7031954020170248,10.396322240341446,10.442107866211042
51.477159053017665,-0.6925280677414112,-0.7063260776462094,10.613393471830772,10.65939081938892
51.4971657219073,0.29578593868638203,-0.8684431957647564,10.17570666888088,10.216980430484414
51.51717239079693,-1.2390390711880077,-1.129119748090242,10.305855617726925,10.441302085414991
51.53717905968656,-0.2098112764054415,-0.6975058940820065,10.149179050968685,10.175282337734302
51.55718572857619,-0.3574148204480123,-0.38290484654130047,9.8040684450482,9.818050700142598
51.577192397465815,-0.5660309058930054,-0.7792135205536196,9.375588511418265,9.424925709652982
51.59719906635545,0.1376146426493916,-0.29538604469404367,10.130705110117663,10.135944787410578
51.61720573524508,-0.2756931996966956,0.3514750493615758,10.000215408772014,10.010187294577657
51.63721240413471,-0.10593069565262761,0.17476161097620393,9.707442924727884,9.709593764406517
51.657219073024336,-0.1065655154552336,0.4503586817368576,9.350947819371948,9.362393084672155
51.677225741913965,0.5847368997320206,0.16505604851657524,9.96908450966282,9.987582625533532
51.69723241080359,0.7096647621799241,0.4873083428115548,9.644231049172788,9.682576414647194
51.71723907969323,0.18275434206058438,0.006090937130671631,9.836013400563386,9.837712938743417
51.73724574858286,0.04519890083744449,0.1111321778291923,10.174912892938911,10.175620161959685
51.757252417472486,0.6023716647430083,-0.4430680975384912,8.92250073987527,8.953780230417562
51.777259086362115,0.43936648449031923,0.8001570135562122,9.307414870111394,9.352072803309824
51.79726575525174,0.771076712456858,0.9619588957092438,9.410590030667702,9.491002525488534
51.81727242414138,1.2879614722364447,0.37810418936442086,9.8702618655106,9.961118251769385
51.83727909303101,0.5661387232251901,0.49971108796041014,8.908114279651755,8.940062876999308
51.857285761920636,0.6498160843959275,0.3684976577269625,9.950269217156816,9.978271842417826
51.877292430810265,0.574039643784147,0.7147064412736691,9.38637545006834,9.431032334770117
51.89729909969989,0.7460066244112942,0.9290192866978895,9.298863780810677,9.374885083711417
51.91730576858953,-0.6570479923516792,0.04690225712874663,9.256458446549471,9.279867178934955
51.93731243747916,-0.1782211894695612,0.6578201557673952,9.179527673531195,9.204793232812719
51.957319106368786,-0.03156252946129062,0.4050913544260195,9.625759566297834,9.634331446803715
51.977325775258414,0.1893382066956505,0.46413011256164804,8.998062278407986,9.012013675311968
51.99733244414804,-0.6472521497750501,0.5000603686941618,9.435819476159448,9.471202928054964
52.01733911303768,-1.3379439674398665,0.22992197777512824,9.236626599462864,9.335857170810705
52.03734578192731,-0.4463282470668417,0.17282297922003553,9.148784401093197,9.161295361681253
52.057352450816936,-1.0198566887587215,0.05262193332530303,10.184291189437662,10.235363391923629
52.077359119706564,-1.2740412511971517,0.31811242762017944,9.57042161146532,9.660090395413537
52.09736578859619,-1.0396845850849943,0.062265025886633796,9.669564413516182,9.72549725808663
52.11737245748582,-0.815256873464657,-0.08612935452298748,9.871944081868858,9.905924590414944
52.13737912637546,-0.8970458760171429,-0.6190723057891537,9.152804598700168,9.217471119860447
52.157385795265085,-1.4176762080022052,-0.43144256274834825,10.156446551103231,10.263983391505615
52.177392464154714,-0.029627802872592868,-0.12113043012714025,8.931912977301915,8.932783430818201
52.19739913304434,0.2882946728443543,-0.44341060654444847,9.509414709554253,9.524111239515914
52.21740580193397,0.2170524003049018,-0.31052111941045235,9.658674074127047,9.66610159166
52.23741247082361,-0.3183112079436071,-0.020541855699148126,10.02741362721766,10.032485636383862
52.257419139713235,0.22951370991950254,-0.2685257680930725,9.97447666767691,9.980729804237868
52.277425808602864,0.46503960832782615,-0.5685970972647014,9.913517307224588,9.940693632587868
52.29743247749249,0.8408629569592886,-0.7527298648878956,10.012699643898992,10.076100779607927
52.31743914638212,0.971721830572259,-1.354772410574215,9.772991343223929,9.914182336188578
52.33744581527175,0.4778469061136509,-0.6151269244496952,9.664049654493956,9.695389343568936
52.357452484161385,0.8321134615442668,-0.6254958715390312,10.374117051829517,10.42621515715341
52.377459153051014,0.9692770509723798,-0.36167819638951837,10.402793581088941,10.45411035956817
52.39746582194064,1.3156545149333878,-0.4651815021722723,10.703629742652165,10.794212815227237
52.41747249083027,0.9247038942225152,-0.4458309367230927,10.019527882487026,10.071980019046137
52.4374791597199,0.835324480122792,-0.8062979790204523,10.486919833018236,10.550989100658578
52.457485828609535,0.4035385381732255,-0.47104310588032516,10.210507963894859,10.229330273294957
52.47749249749916,0.7656345913536005,0.041661792290258626,10.663098105605386,10.690631096533973
52.49749916638879,0.18652911112092985,0.5034594550124714,10.616538835637853,10.630106367329715
52.51750583527842,-0.5017914850641554,0.04970716897021211,10.370914908059072,10.383166257328822
52.53751250416805,0.23203339280571034,0.26579230638744045,10.196933479494257,10.20303569682781
52.557519173057685,-0.20532307261614136,0.5378735938570951,10.57206296963827,10.587727848840565
52.57752584194731,-0.7921727188580215,0.08781684418658992,10.456787720103339,10.487118710014196
52.59753251083694,-0.9058725589706123,0.5125646389043852,10.030528906872894,10.084385839195358
52.61753917972657,-0.6581617884832761,0.2426669037813242,9.805221076560272,9.830280999352567
52.6375458486162,-0.614633796182572,0.7759980993345645,10.079668435022752,10.128161902022235
52.657552517505835,-0.7033271481358686,0.6019768093325755,10.578965379681115,10.619395164545425
52.67755918639546,-0.6001780524386624,0.6734562800933087,10.422381179343212,10.461347260432271
52.69756585528509,0.04976930974147242,0.36324421153762365,9.695398406041775,9.702328256314829
52.71757252417472,-0.07498014907401512,0.8106544641949534,9.626629691243693,9.660992800711995
52.73757919306435,-0.2750535018144674,1.2108856769419556,10.305087646827763,10.379630531010521
52.75758586195398,0.19541586592032503,0.2567283229255795,9.526276550191842,9.531738650591537
52.77759253084361,-0.414685634958366,0.4181060516874571,9.963312370363532,9.980699887068916
52.79759919973324,0.3370124856516118,0.5386371094530502,9.569252163413156,9.59032295171296
52.81760586862287,1.0720155605790893,0.6435425767775602,10.183451829965732,10.259924735761057
52.8376125375125,0.4137700078332368,0.1689649466701828,9.4129034312697,9.42350814606718
52.85761920640213,0.2890897076185692,-0.5915220642798595,9.93485391189653,9.956645693319949
52.87762587529176,0.4624398355028973,0.5818336735452239,9.597906931439168,9.62664004155651
52.89763254418139,0.3456816430039642,0.31396489693071294,9.572132547884044,9.583516644169597
52.91763921307102,0.48604684391841513,-0.5272839159976701,8.863414982124429,8.892378478669286
52.93764588196065,0.6293835116477939,-0.27678308895641407,8.75621230360882,8.78316494146255
52.95765255085028,0.15335364439928323,0.28797601378291504,9.318519032692034,9.324228895056605
52.977659219739905,0.6233411304441843,0.16803833411410823,9.431801122041795,9.453870289589558
52.99766588862954,0.8480585135728582,-0.062482343027364884,8.998993127398938,9.039080959511697
53.01767255751917,-0.030735811778475453,-0.46686735240991484,8.994821074374473,9.006981512964433
53.0376792264088,0.7683551635449208,-0.4496932945154091,9.480994323242133,9.522701668845235
53.05768589529843,0.18504384030547327,-0.5636444626145866,9.47889262497024,9.497438691499212
53.077692564188055,0.21402718898461026,-0.22376276910313347,9.272590191563378,9.277758688128221
53.09769923307769,-0.630166405823829,-0.8500861478740639,9.558192176145205,9.616589511565921
53.11770590196732,-0.17533867811790943,-0.8408327504246597,8.988302381492408,9.029248200563153
53.13771257085695,-1.077674222731108,-0.2941635364691765,9.256216175565577,9.323381993961686
53.15771923974658,-0.3758803820991893,-0.5951429852935828,9.885508849628334,9.910538151415961
53.177725908636205,-0.7170059912302272,-0.13966857272969252,9.445146551769122,9.47335200898101
53.19773257752584,-0.5781463995225467,-0.7134724043961956,9.500975056801492,9.545251340906635
53.21773924641547,-1.2426340154745394,-0.47563343803574704,10.197732332986158,10.284167987689786
53.2377459153051,-1.063996569044874,-0.6726758385308172,9.132900333794936,9.219243460811414
53.257752584194726,-0.364659458999256,-0.3215024415729822,9.841676491858312,9.853676294224991
53.277759253084355,-0.8497029905001269,-0.6876826230892534,10.154637573795439,10.21330342334457
53.29776592197399,-0.12791512596788834,-0.3052715366115454,9.61265478581096,9.618351471104127
53.31777259086362,-0.6869197752198275,-0.5011099104285166,10.023949028848854,10.059946523360729
53.33777925975325,0.3794785312673664,0.22828610067192345,9.527963387421579,9.538249567478244
53.357785928642876,-0.2745768314878294,0.324972103364048,9.672898252800776,9.682249734095432
53.377792597532505,0.6064404093807547,-0.32169551851770783,10.049875453405063,10.07329412881992
53.39779926642213,0.783206881033206,0.6804541288754475,10.227832707661381,10.280320653360446
53.41780593531177,0.3745097844501853,1.1060522438917075,10.376141588816457,10.441643712367958
53.4378126042014,0.9729920040662831,0.43906478732704596,10.559408167199784,10.613227226860497
53.457819273091026,0.8935866343922134,0.2917053496830818,10.113383458056601,10.156973666102076
53.477825941980655,0.5828571589937546,1.3791222372199254,10.532661049103401,10.638545454538638
53.49783261087028,0.3632540069156441,0.17183737914897979,10.108184717477329,10.116169227580926
53.51783927975992,-0.08917762280785047,0.5963752585491923,10.512676652374617,10.52995662359545
53.53784594864955,0.7294537952387412,0.6536377367816105,10.329944851312122,10.376276102797334
53.557852617539176,-0.17266375383222554,0.9990817593460526,10.421198457058154,10.470403736969109
53.577859286428804,0.3319515119281684,0.6857199629512589,10.42823911934872,10.456030547209407
53.59786595531843,0.014012367410006929,0.39734616390400446,9.827186665395335,9.83522638666409
53.61787262420806,0.2105399883938071,0.21829727339088928,9.972397999347146,9.977008702194547
53.6378792930977,-0.3593283408034104,0.3463835239958911,10.335045103945458,10.347089238176471
53.657885961987326,-0.5355230062029952,0.08193341801872733,9.786427218052511,9.801410901977324
53.677892630876954,-0.25564646047717016,0.3247192521910093,10.524131931283677,10.532243379858
53.69789929976658,-0.531065167510606,0.06042378901624729,10.512450567283123,10.526029554204824
53.71790596865621,-0.6214133674760496,-0.3044341732895407,10.31971174921322,10.342885734938474
53.73791263754585,-0.6048293122090016,0.4311500105484964,9.850535016148571,9.878499325953934
53.757919306435475,-1.4110222204608676,-0.1851065706204818,10.56141285225879,10.656861150684959
53.777925975325104,-0.457714324071197,-0.5058437573779788,10.714716721656172,10.736411632136532
53.79793264421473,-0.44031192354029247,-0.2626302596470451,10.100105593277458,10.113109424833128
53.81793931310436,-0.9819057101395916,-0.2735725254442605,10.158427067533417,10.209437851159008
53.837945981994,-0.5334722629490916,-0.8932763647815885,10.012575303524729,10.066488937458121
53.857952650883625,-0.2899514369194677,-0.3367061719342602,10.056135433462254,10.065947682067762
53.877959319773254,-0.15243548916067115,-0.8073050481106233,9.805015331299783,9.839375166446512
53.89796598866288,0.21552746943056045,-0.025606027946280308,9.773977101678566,9.776386660872372
53.91797265755251,0.8309709283673712,-0.4152437848606131,9.999853073630886,10.042908024016857
53.93797932644215,0.8543971496402882,-0.712918346414623,10.376663143263167,10.436157580581286
53.957985995331775,0.03857120640165279,-0.8235482735573335,9.19954460105039,9.236413825915223
53.977992664221404,0.9253301202222688,-0.6249109223117423,9.53744717172252,9.602585487545163
53.99799933311103,1.2866305527422206,-0.38952851152546075,9.166564347700826,9.264612921276358
54.01800600200066,0.9498428483864539,-0.547937031642564,9.954120465857553,10.014337255958596
54.03801267089029,1.231038564367483,-0.5600886603093123,9.260266037443118,9.358508553107676
54.058019339779925,1.55857038167392,-0.42084124350748875,8.96847603501409,9.11261825039819
54.07802600866955,1.0837400636154824,-0.552965630978505,9.562965069557572,9.640050022489874
54.09803267755918,0.6602000808218831,-0.39978098946263374,9.870481500200116,9.900610790857586
54.11803934644881,0.8361592796409696,-0.8408269576315829,9.527864184524793,9.601372205698516
54.13804601533844,0.3124102769426277,0.16364365359374702,9.377973610773676,9.384602733779856
54.158052684228075,0.08737546846507678,0.050697986347801406,9.433335348058643,9.433876220686908
54.1780593531177,-0.24335931325142626,-0.18056081193824877,9.735489456956067,9.740204357643465
54.19806602200733,0.3472042824455888,0.7103446226618373,9.055601347906842,9.090052588896578
54.21807269089696,-0.7667192935227369,0.2528811863767738,9.297423303130303,9.332410591432083
54.23807935978659,0.03481048864734859,-0.00316517125574578,9.21441142622101,9.214477723674916
54.25808602867622,-0.4875062695646426,0.6386129211830192,9.024978632155639,9.060669298502877
54.27809269756585,-1.3214433457831984,0.5662533883874472,9.307502938773254,9.417880142115195
54.29809936645548,-0.6500975162943756,0.6203117117713264,9.77417443977667,9.81539094380027
54.31810603534511,-1.6319650462888329,0.41791000855741256,9.652388372457429,9.798293728007563
54.33811270423474,-0.4961745370600705,0.712092087543885,9.720439054465292,9.759108551704069
54.35811937312437,-0.3086580462493223,0.5166192449904778,9.619443306447595,9.638249569282195
54.378126042014,-0.7822788297926452,0.7666157825462445,9.78385076008738,9.844968035562795
54.39813271090363,-0.3507018757985008,0.0194134385736634,9.440371214718924,9.446903056503729
54.41813937979326,0.5471557151181216,0.43837794037320404,9.64304519908175,9.66849912378989
54.43814604868289,-0.25923704303716055,1.0499172489178514,9.849796741476446,9.908987128988406
54.45815271757252,-0.3000297762929192,0.2557697811193719,9.931975180375854,9.93979713229592
54.47815938646215,0.8903725026797312,0.24632247702478927,10.0008066563556,10.04338447606295
54.49816605535178,1.2417387640513267,0.22496088682543589,9.918068125304496,9.998029700742544
54.51817272424141,0.5938960971971491,-0.0813786349406232,9.899247730172133,9.917380736858345
54.53817939313104,1.102515468742826,-0.4621359336520454,11.010123355656393,11.074833013944728
54.55818606202067,1.3044524993851185,0.04390723853359413,10.381913201921906,10.463634449893025
54.5781927309103,0.5016546377242819,0.06400754243112305,10.277072116821152,10.28950755067419
54.59819939979993,0.5945970299954065,-0.08286328694473993,10.122028982496168,10.139816698288735
54.61820606868956,1.2309312182589212,-0.1994125995959884,10.09060543917944,10.167363236265325
54.63821273757919,1.3247962260724124,-0.22833217919355214,10.215391902893536,10.303467977063539
54.65821940646882,0.7549746009325944,-0.014208356269478084,10.365456709899528,10.392924580224873
54.678226075358445,0.029917871141877217,-0.45071919984152997,9.730474583125309,9.740953674510884
54.69823274424808,1.0092229909850507,-0.6293957025943613,9.834589446725346,9.906251540397035
54.71823941313771,-0.17636493634649605,-0.5947110677397554,10.118808475688764,10.137804042914592
54.73824608202734,-0.27824329057005104,-0.3781804797312258,10.370090565594753,10.380713758823827
54.75825275091697,-0.18011391881941602,-0.1574510668849835,10.227875613674824,10.230673068328391
54.778259419806595,0.1479174305462292,-0.7853800805976006,10.728542040071416,10.758267320662682
54.79826608869623,-0.2647023806879547,-0.5695772455351679,9.81976010056898,9.839825914196846
54.81827275758586,-0.5419837443936808,-0.486460465696425,10.012638038881834,10.039089135052842
54.83827942647549,-0.5881613730937183,-0.8610977177685154,10.662158850303125,10.713031990498436
54.858286095365116,-0.7821858417943166,-0.51976177504682,10.208491881122526,10.251598581726064
54.878292764254745,-0.561687569869206,-0.9162079476643848,10.393041483239989,10.448456402830812
54.89829943314437,-1.7421025888644441,-0.9470175282113946,10.697334761012984,10.879555809776635
54.91830610203401,-0.7570270565720847,-0.23662025843397366,9.8247140623328,9.856677204701564
54.93831277092364,-0.4174159363344038,-0.38427549587064425,9.951106391033207,9.967267535603451
54.958319439813266,-0.8237100332722109,-0.12478584989005084,9.845032808898448,9.880219670408799
54.978326108702895,-0.03961347104772525,-0.10298304038338274,9.284750272604102,9.285405880106534
54.99833277759252,-0.09687226749759432,-0.30046215244277674,9.721594849340088,9.726719290489287
55.01833944648216,0.8669344917157342,0.06912527517588256,10.022557991902662,10.060219799668717
55.03834611537179,0.9653814191142537,-0.1988634086971902,9.864603449737197,9.913723274343335
55.058352784261416,0.3041424610924933,0.6728388988761863,9.833714211594227,9.861396960663868
55.078359453151045,0.55941682961457,-0.07256759411648983,9.482970692046617,9.49973401686526
55.09836612204067,0.687865104835393,0.34657348844945207,9.349169337210027,9.380844252047595
55.11837279093031,0.5978971907346571,0.15450792799467994,9.880525826019612,9.89980526824352
55.13837945981994,0.8779967156626597,0.689585462685987,9.30827143128708,9.37498391367033
55.158386128709566,0.4773162398751718,0.4585243590563942,9.507916092007074,9.530925652492718
55.178392797599194,0.2692287383439683,0.42917638009206505,9.435907232474626,9.449498493499334
55.19839946648882,0.8746243124969563,0.8542782655170764,9.798046904811763,9.874030696318348
55.21840613537846,0.7495265304703835,0.6070996187406138,9.629340116826858,9.677528147852893
55.23841280426809,0.022789726486605377,0.7396287231061238,8.93375944289835,8.964353172608291
55.258419473157716,0.5318960778250078,0.26332453943327044,8.956726904903629,8.976369538944901
55.278426142047344,-0.25849730080161826,0.09669739065363897,9.483676306064087,9.48769136924691
55.29843281093697,-0.08392116870332553,0.49895716071733603,9.294105475358652,9.307867510760953
55.3184394798266,-0.026929850185992976,0.309191498069459,9.186608030916886,9.191849199862675
55.33844614871624,-0.5202913014302312,0.5216317439208914,9.643825417226669,9.67192697411209
55.358452817605865,-0.450889662022411,0.2310058456477777,9.417372755559446,9.430990128570565
55.378459486495494,-0.9330381468583419,0.23198705027348143,9.404609186243036,9.453626400538278
55.39846615538512,-0.8616978679386074,-0.40493576726589586,9.655942089314244,9.70276835874234
55.41847282427475,-0.8821768705882915,0.5583604699128224,9.347543334905671,9.405666847348021
55.43847949316439,-1.074410736802911,-0.14750724333163695,9.973188355510304,10.031979006790186
55.458486162054015,-0.7828860594705955,0.023208475459017136,9.31270496511088,9.345583073444233
55.478492830943644,-1.2317138927910132,-0.5205021874773322,9.796020157362888,9.886862624934317
55.49849949983327,-0.6776048458207344,-0.2547540374102636,10.081612046504516,10.107568916553651
55.5185061687229,-0.4394415866673805,-0.8076082606161799,9.292821352885532,9.338194081692324
55.53851283761253,-0.25571775219484816,-0.34126712603703147,9.658886856625022,9.668296133713778
55.558519506502165,-0.06978680406227997,-0.632981461432152,10.161042199365864,10.180978062339193
55.578526175391794,0.18079763275360186,-0.5547832333568744,10.221938772397325,10.238579222072902
55.59853284428142,0.5654944808681406,-0.3787004086355703,9.878874071001645,9.902290185512728
55.61853951317105,0.8726870932103415,-0.9690504078950708,9.763940332308309,9.850643241361166
55.63854618206068,0.3854800795946158,-0.8022207218676686,10.322912202696266,10.361209838765626
55.658552850950315,0.2537098895958027,-0.44370484891649786,10.440094689896794,10.452598712044864
55.67855951983994,0.3703066597540291,0.07772860729267184,9.781012954234837,9.78832892630604
55.69856618872957,0.6042497746842782,-0.5514673770375629,9.810523110942139,9.844571995189659
55.7185728576192,0.629629166757701,-0.2794227871787368,10.275934835524783,10.298997365063187
55.73857952650883,0.3943910739864686,-0.4252021674300067,10.428733285900483,10.444846535534932
55.758586195398465,0.0801267610597044,0.2621440296260072,10.17627465923705,10.179965900254118
55.77859286428809,0.28179369460820913,-0.7648353235138187,10.490023511818498,10.521643124385104
55.79859953317772,0.37881417201143175,-0.12695570569116033,10.087345270654685,10.095253961021669
55.81860620206735,0.3706444861068967,-0.5541503558612008,9.673859034013494,9.696804038545228
55.83861287095698,-0.27070897269894667,-0.7280937128385893,10.18260686337216,10.212193022880474
55.858619539846615,-0.39087755469268926,0.2029389757901965,10.323866803059206,10.333256759510295
55.87862620873624,-0.7627913171850551,0.24278998082101544,10.210937443353517,10.242267377902163
55.89863287762587,-0.5511313246918548,0.19816615519598504,9.928716323426908,9.945975235903502
55.9186395465155,-0.9969151570143675,0.3279941970387014,9.708248453835605,9.764809678891721
55.93864621540513,-0.5137589873459899,1.357404610155024,10.0696989259599,10.173757026400171
55.95865288429476,-1.5049443959494107,0.4088059563691368,10.458912311679203,10.574536712700809
55.97865955318439,-0.941732607353646,0.686595805588973,10.527311100967873,10.59162655688761
55.99866622207402,-0.6440447096572288,0.37393107272429404,10.463249192384891,10.489718856915532
56.01867289096365,-0.6185870964351282,0.679575293760099,9.81484904337918,9.857775323067896
56.03867955985328,0.49274369125500406,0.5283777283278553,9.663005094815457,9.689976616663943
56.05868622874291,-0.30710231390367854,0.471911079400544,10.105056575949538,10.120730225690584
56.07869289763254,-0.6884074733501894,1.1224400499826108,10.09167780788142,10.17721658869731
56.09869956652217,-0.1501142867303584,0.8985304529565507,9.965114892890835,10.006668081958429
56.1187062354118,-0.6418639450242367,0.5426170827509861,9.184312911312643,9.222690837023617
56.13871290430143,0.2134588673758447,-0.24484435953547484,9.472208889270483,9.47777688545328
56.15871957319106,0.07701477764879422,0.27280368310379194,9.668103791687635,9.672258477332795
56.178726242080685,0.9200178144299012,1.1180464032132467,9.769612441546032,9.876324609722863
56.19873291097032,0.44943417832987553,0.1569957130098195,9.80246099311785,9.814014482165364
56.21873957985995,0.7038140655666446,0.4710783266293431,9.567406247941092,9.604818131638496
56.23874624874958,0.5393058395139765,0.48343242309441115,9.578881840747023,9.606223764582307
56.25875291763921,1.4916238820081174,0.02612064562081115,9.464846705580088,9.58169855785679
56.278759586528835,0.6295561992421259,-0.3816345849281894,9.609551866686276,9.637710985651687
56.29876625541847,1.4144004613896883,-0.9462695613164165,9.467397521137572,9.619125249787277
56.3187729243081,0.895625993210988,-0.09211631731411182,9.368511453363308,9.411675631226894
56.33877959319773,0.6223227416914535,-0.6167278515070114,9.249428824705657,9.290832708694452
56.35878626208736,0.41462432454889997,-0.38593612572600905,9.341614203401484,9.358772138952865
56.378792930976985,0.24866663387727067,-0.8702421403638332,9.456192046394293,9.499406533881976
56.39879959986662,-0.8605513869157854,-0.620133102219511,9.391027636649795,9.450741443204935
56.41880626875625,-0.3771039640426222,-0.563434889894146,9.431386241731516,9.455723807068882
56.43881293764588,-0.09001787517252269,-0.5129350346949927,9.732609847328451,9.746532717227335
56.458819606535506,-0.5883467829418374,-0.9344426234337087,9.428137309770865,9.492581739726083
56.478826275425135,-1.242573835085854,-0.23377866018027066,9.178582983304358,9.265259185743266
56.49883294431477,-0.7784778190785577,-0.7513117294951442,9.668642804195668,9.7289850809218
56.5188396132044,-0.11427373862693446,-1.0409789090166441,9.029176184322688,9.089703963490631
56.53884628209403,-0.2949832982985069,-0.5255065302851564,9.154829698428463,9.174643266464107
56.558852950983656,-0.7759006914128987,-0.4254560697371474,9.624454805528744,9.665048631738825
56.578859619873285,-0.28958738054763394,-0.3206639782062477,9.72672713289452,9.7363189633289
56.59886628876291,-0.7016727242666756,0.11510373965169474,9.249445767536413,9.276736521506843
56.61887295765255,-1.0932238610513603,-0.2824991279911108,9.561660351124972,9.628099129005845
56.63887962654218,-0.6170796914870722,-0.16067388771003066,9.54993175167889,9.571196367516565
56.658886295431806,0.5548511758710535,-0.3661327005049493,9.642005718243118,9.664894580510307
56.678892964321435,0.0006715216218268205,0.30139821443565656,10.12762084123284,10.132104679600388
56.69889963321106,0.1878667374150968,0.1996800205651441,10.112584396650027,10.116300173532291
56.7189063021007,0.32569606727872646,0.10425485134972318,9.949828532179913,9.95570363269479
56.73891297099033,1.344978671911787,-0.26049302000020236,9.844847855747316,9.939710938663103
56.758919639879956,1.3416623803818313,0.817818009062798,9.654273036494894,9.781302168017898
56.778926308769584,1.6515042292729543,0.08104283398727635,10.5325690884401,10.66156863519675
56.79893297765921,0.7341389851754574,0.326610498819343,10.327702255069372,10.358912507442973
56.81893964654884,0.9091020706991687,0.6546978150900682,9.977273758003399,10.039974474378733
56.83894631543848,0.13697274074970778,0.21899997042794728,10.439511379952023,10.442706563477866
56.858952984328106,1.2492707038071331,0.1475607277581294,10.231632837694772,10.308674113830607
56.878959653217734,0.07268205245001924,-0.037451652723873075,10.189975152027259,10.190303180277468
56.89896632210736,0.4802822975749345,0.8065297691661477,10.424119934820988,10.466300099340138
56.91897299099699,-0.21163507971565243,0.40376777586732215,10.082372773141717,10.092673509055194
56.93897965988663,-0.18613399743513243,1.4097128036610957,10.206634320031625,10.305208401417929
56.958986328776255,-0.46588450284922067,0.18536143494754997,10.344748729023816,10.356893042713184
56.978992997665884,-0.5478445500768508,0.14838394334874355,10.15065284250593,10.166508966934833
56.99899966655551,-0.678525092026818,0.18670432148642643,10.48712022471503,10.510706228022869
57.01900633544514,-0.8167676327874467,0.3526729164822551,10.826929943126808,10.863420250794185
57.03901300433478,-0.3682520834430874,0.05572864687210438,10.013902830768421,10.020826571850955
57.059019673224405,-1.211889398894501,0.2930770294832307,9.709136568112063,9.788866275448576
57.079026342114034,-0.7108345152331006,-0.2740955721381277,9.571536588346426,9.601808514689655
57.09903301100366,-0.3002385328200418,-0.48533543492890796,10.085673434938094,10.101806882790996
57.11903967989329,-0.9409289925671731,-0.6990519072945914,9.886517847435307,9.955764967384603
57.13904634878293,-0.9335427297417818,-0.9117648115471612,10.098956627593155,10.182914222649481
57.159053017672555,-0.6163574853687055,-0.47966097814285535,10.02461176793654,10.054989423245294
57.179059686562184,0.09669108006686428,-0.4867180551753078,9.449866012300914,9.462885991104306
57.19906635545181,-0.12947963974135326,-0.6490353283359566,9.330819584387333,9.354261379228289
57.21907302434144,-0.24097296522575917,-0.13932438299536598,9.907683648708925,9.91159293638318
57.23907969323107,0.34515114028161076,-0.1850427506986037,9.803037428943552,9.810856892366335
57.259086362120705,-0.11695725911661842,-0.6824286137535998,9.578776977176112,9.603767812260399
57.27909303101033,0.7523470362446586,-1.1354820713091405,9.154815953060469,9.255592943276032
57.29909969989996,0.7746293742136312,-0.769069508440064,9.740833754195904,9.80180395657295
57.31910636878959,0.5882879411630335,-0.767151055531811,9.931136085321675,9.978079343686327
57.33911303767922,0.4399340747718641,-0.7591554185624743,9.586440678350161,9.62651046949022
57.359119706568855,0.44512473887933834,-0.7333766238339057,9.206208185201742,9.24609357809145
57.37912637545848,0.9973790270509674,-0.6702435707527838,9.435689712305924,9.511899479843782
57.39913304434811,1.2187588196639882,-0.5295409789991209,8.979320331431804,9.077112994967765
57.41913971323774,0.37888702599779706,-0.5342215783094211,9.678754147500712,9.700888099600114
57.43914638212737,0.6914966148600339,-0.20324046327727177,9.363866798239908,9.39156406938992
57.459153051017,-0.4782421871154148,-0.0737692455253275,8.792832135848496,8.80613731782172
57.47915971990663,-0.04702968557852319,-0.3670852445409962,9.223265772383488,9.23068767081338
57.49916638879626,-0.00488134840133529,0.3775484543914929,9.448996008415412,9.456537010450813
57.51917305768589,-0.5359908272830738,-0.2075836102096174,9.213021619041667,9.230934106312773
57.53917972657552,-0.7176051319342306,-0.3106619607813972,9.239452946912477,9.27248395725032
57.55918639546515,-0.7635132234674249,0.3731875622951891,8.97042344055899,9.010589220577733
57.57919306435478,-0.5076165400788908,0.09212634993946942,9.529267051206006,9.543222325258656
57.59919973324441,-0.7956807274671176,0.504469143207896,9.192087188382393,9.240241545291727
57.61920640213404,-1.675553246772398,-0.25155416333317504,8.772430718082449,8.934556445812872
57.63921307102367,-1.6482746840246725,0.9380837544831775,9.345718128400463,9.536207731584655
57.6592197399133,-1.0216907653780505,0.7610176265952646,9.793683463699043,9.876195402845145
57.67922640880293,-0.535109460086153,0.1354659899399756,9.429475008353474,9.445617613574395
57.69923307769256,-1.71981234174974,0.1549550397689335,10.116545811288622,10.262858505654547
57.71923974658219,-0.6916798146710074,1.0996522629460026,9.776184218675196,9.862121168536692
57.73924641547182,-0.548192842670612,0.36256191122993986,9.803542587502166,9.825549032863185
57.75925308436145,0.38895111075077327,0.3060653219950468,9.719198925153343,9.731792573549031
57.77925975325108,-0.14060075428480814,-0.16358490358409405,9.793704275558044,9.796079421374143
57.79926642214071,0.3457119956852932,0.3591827747775491,9.79158120565804,9.804263947724651
57.81927309103034,0.4183131856302236,0.33373821854248,9.835570705723168,9.850117675797977
57.83927975991997,-0.33956745786120734,0.5452085983986628,10.13966851965541,10.159991937137406
57.8592864288096,0.9446554161402057,-0.1681638611491702,9.751637026692498,9.79872836850781
57.879293097699225,0.8157512178722115,-0.28924070009518577,9.75875286308519,9.797059133986329
57.89929976658886,0.9879254601992722,0.2136304703110434,9.790225474077753,9.842263435106592
57.91930643547849,2.370138578689632,0.29007777705376536,10.782487850928618,11.04371976529451
57.93931310436812,-0.059742085683505475,-0.5732986688344052,10.364914385076409,10.380929182421628
57.95931977325775,1.398587694463274,0.1348050602101399,10.329118399600366,10.424246104938486
57.979326442147375,0.49240592053474885,-0.26177557555764075,9.947006131895423,9.962626211521806
57.99933311103701,0.5900278451905504,-0.022684350291922395,10.471944890785213,10.488578418140891
58.01933977992664,0.3003822889268279,-0.4405256856097527,10.264579904382048,10.278418799242743
58.03934644881627,-0.023858046315885256,-1.235849970858688,10.372151748049555,10.44554576082135
58.059353117705896,-0.2622821415611272,-0.5735811789451907,10.016898618900216,10.036734789359889
58.079359786595525,-0.08097981973329041,-0.24678065694135626,10.353557546681879,10.356814775610198
58.09936645548515,-0.9872394237292093,-0.856952382773595,10.167583889605948,10.251281442740753
58.11937312437479,-0.2283336149344271,-0.7158495911138767,10.048109909438168,10.076164430424726
58.13937979326442,-0.8162920748809464,-0.6493169646641088,10.4751033085338,10.526905271568175
58.159386462154046,-1.189963487057524,-1.4498009334876585,9.764949138533476,9.943448472507788
58.179393131043675,-0.9684423017763305,-0.0488408219523252,10.36176215918781,10.407035166719446
58.1993997999333,-0.29588428128637034,-0.778459165903405,10.35885449773359,10.392276588221986
58.21940646882294,-0.9824647725295445,-0.3025886411626869,9.846402868047443,9.899921532765557
58.23941313771257,-0.555366489602076,-0.416264321022022,9.817145193454111,9.841648625717545
58.259419806602196,-0.885925413288824,0.05995032770793274,9.946045841393998,9.985603925592788
58.279426475491825,-0.15491025825021149,-0.11539276060014322,10.044679280697972,10.046536444436619
58.29943314438145,-0.02505908914380467,-0.22217367258782245,9.8594080331637,9.861942803684919
58.31943981327109,0.6142545754702478,-0.3307924418414268,9.979311339876745,10.003668684100756
58.33944648216072,-0.014959164838134704,0.2670006530632202,10.321612817008019,10.32507647766219
58.359453151050346,0.5003662197207395,-0.4446314646023395,9.584101163942702,9.607448080205268
58.379459819939974,0.4378957159130162,0.3982571713250914,9.166500311533115,9.185591401421224
58.3994664888296,1.0624576487194235,-0.04277856184553519,9.875118171518013,9.93220041894651
58.41947315771924,0.37427749401978366,0.7385480248893757,10.080957720333007,10.114902144199883
58.43947982660887,1.0437749307284434,0.47893964674937656,9.645408474867475,9.713534574926415
58.459486495498496,0.7138366785381794,0.6816952887046991,9.156478999476887,9.209526531702368
58.479493164388124,0.7716213847789257,0.5598695006307896,9.405045027174609,9.453238883174727
58.49949983327775,0.7989324523950051,0.044217512157009864,9.07076731331876,9.105990770050411
58.51950650216738,0.7892037914516306,0.3334256275404366,9.568453982516337,9.606733414073439
58.53951317105702,0.5328022044940856,0.8016377112200503,8.945037414996577,8.996676917887655
58.559519839946645,0.5266328324253251,0.6445690125558782,9.241089183662618,9.278498836155654
58.579526508836274,0.9109791691508713,0.9300168967246626,9.016652563889465,9.110150269491422
58.5995331777259,0.49863544741691734,0.6647744194425973,9.349118657715362,9.38597794660777
58.61953984661553,0.2715158826428824,0.2095032101001716,9.20066533870644,9.207054640027055
58.63954651550517,-0.43508136464927316,0.20507149548794013,9.369478748321661,9.38181656862774
58.659553184394795,-0.7723903765801245,0.40906143554843855,9.335348035019743,9.376174117774985
58.679559853284424,-0.17715921291086706,-0.3903207416474149,9.05099249187583,9.061136835743737
58.69956652217405,-0.32293399384899024,0.7247294129996431,9.559320644386826,9.592191108847354
58.71957319106368,-0.16403013308991343,0.26896743112945926,9.386504868974537,9.391790192442151
58.73957985995331,-1.0360433215611367,0.41520150129770667,9.139680610823463,9.207580557274188
58.759586528842945,-0.8871220136092294,-0.5175118637832833,10.148400892618751,10.200237481230111
58.779593197732574,-1.4114031007331058,0.24060117283255145,9.663204504685803,9.7686984259167
58.7995998666222,-0.8343837250033445,0.4502589892388974,9.522154204421346,9.569239784367408
58.81960653551183,-0.16601925240570703,-0.6968983238699207,10.043643137704228,10.069160697075764
58.83961320440146,-0.6097120039577664,-0.14383050812947945,10.225016931580685,10.244188947591248
58.859619873291095,-0.0038179473426660504,-0.44101173321961373,9.684016306168301,9.694053731215483
58.87962654218072,-0.15985179451329934,-0.9607448874633754,9.888042550220378,9.93589295483626
58.89963321107035,0.22659608519887262,-0.3943224632079117,9.5439593227308,9.5547891418261
58.91963987995998,-0.18642316226990607,-0.32456565489550393,9.85235102490057,9.8594582598451
58.93964654884961,0.4685173985774533,-0.7743923879257539,9.891832673154521,9.933153867575719
58.959653217739245,-0.6223880097595211,-0.2501953333047888,10.060232277051425,10.082571001868878
58.97965988662887,0.6096747192893112,-1.0922888812208604,10.15535454884202,10.232107518789348
58.9996665555185,0.10771822344634652,-1.0195250918318746,10.271077903991028,10.322115865382928
59.01967322440813,1.279039511754772,-0.49598685132560016,10.218277209754065,10.30995316016019
59.03967989329776,1.1037259642363753,-0.4830229391753491,9.823308021959718,9.896913794622911
59.059686562187395,0.9351376032619984,-0.6481398257892507,9.93972279289627,10.004631765858768
59.07969323107702,1.274420860611703,-0.1229807630006976,10.086814389955006,10.16774789889255
59.09969989996665,0.17004724393835435,-0.13097286120584598,10.18990303768743,10.192163355883528
59.11970656885628,1.1041352500364439,0.04941035107374547,10.607706033170903,10.665129315640606
59.13971323774591,0.612986093799107,-0.15803778604005464,9.955321723344714,9.975427735606463
59.15971990663554,-0.031833951976822025,0.14936204554141289,10.202389746585746,10.203532670716783
59.17972657552517,0.33651397037338415,-0.07470888696778469,10.594539937963727,10.600146204989668
59.1997332444148,-0.7347716503905288,0.7641903774887486,10.21132115346218,10.266204557206533
59.21973991330443,-0.7816809190876323,-0.010022730678707764,10.425774888662183,10.455042206679746
59.23974658219406,-0.8318955114635955,0.9457178222224006,10.226046194756435,10.303322431068286
59.25975325108369,-0.9066353483016496,0.39784820117437747,10.319347626022815,10.366735564905206
59.27975991997332,-1.1888185455663836,0.03918370506754337,10.142647223870117,10.21215538487863
59.29976658886295,-0.3090527696820741,0.9164539821936515,10.375055407806551,10.420037247101504
59.31977325775258,-0.893221572393413,0.5865010333910529,9.670499593311169,9.729357153676148
59.33977992664221,-0.599813692348376,0.8343057247491941,9.979960822264184,10.032719497813435
59.35978659553184,-0.8823252433215303,0.9632138364829634,10.129297455782138,10.21317510265584
59.379793264421465,-1.2624446390082031,0.7009948711545338,10.148860536159772,10.251074600175667
59.3997999333111,-0.27896526393763166,0.4118690215295514,10.382778554222137,10.394688461680543
59.41980660220073,-0.9849463921444102,0.8587989206992386,9.762129307491254,9.849204211395564
59.43981327109036,-0.06933633157029095,0.5299984865385488,10.266937365994067,10.280841833228152
59.45981993997999,-0.4089118553236351,0.6871841299981168,9.56887441571239,9.602228310013286
59.479826608869615,1.1065650668361047,-0.22397141997827946,10.109219356901908,10.172067904318636
59.49983327775925,0.8335520798180854,0.48737557551310845,9.901180033689723,9.948151088564739
59.51983994664888,0.6447508124260976,0.08481503578510025,9.329186579946388,9.35182439120149
59.53984661553851,1.210661352332406,0.6892161148523066,9.64526399688353,9.745349523366574
59.55985328442814,0.43343160266052805,0.29259345592982317,9.490993574920747,9.505389677642087
59.579859953317765,1.016774569127164,0.08766872867778293,9.651134056611594,9.704942292929921
59.5998666222074,0.8659792067853522,0.07129172482363133,9.358002394950066,9.398255759474951
59.61987329109703,0.8382621247491646,-0.46275189135222783,9.299257971536845,9.348423477995132
59.63987995998666,1.150843779263486,0.23884599176167456,9.773959949277323,9.844378187682919
59.659886628876286,0.8114232659649296,0.27000418764773876,9.31112737433337,9.350315660925933
59.679893297765915,0.48401050956822184,-0.28137286510960435,9.572182269433279,9.588540569963987
59.69989996665555,-0.462126546657762,0.01510171634815699,9.246372732147167,9.25792620994341
59.71990663554518,-0.36306997821443043,-0.6850430415928037,9.810041842552607,9.840631317682229
59.73991330443481,-0.20808287993664515,-0.7940313254679402,9.108999561233777,9.145909317137594
59.759919973324436,-0.29349240415163447,-0.5706158887704257,9.137074958008926,9.159578542273971
59.779926642214065,-0.9378985689409047,-0.46716860800990967,9.793739474304953,9.849631116163202
59.79993331110369,0.3486448645995328,-0.7170309092187012,9.22402230440368,9.25841638934668
59.81993997999333,-0.1082718587810122,-0.4250879220297571,9.864735951976602,9.874484185975447
59.83994664888296,-0.5363437563618139,-0.46876649720017116,9.684314773601333,9.710476779647777
59.859953317772586,-0.7711166718315429,-0.8217063098768868,9.407744518430489,9.474992301069534
59.879959986662215,-0.8667747601475464,-0.31624697509703537,8.952078214415149,8.999500818995084
59.89996665555184,-1.1047574293332945,-0.15177974035248853,9.536211513425704,9.601190347870494
59.91997332444148,-0.5981876330358757,-0.28901994907326206,9.621863299051011,9.644771346221962
59.93997999333111,-0.3991929743104425,0.08344357056769186,9.993702206155497,10.002019878280844
59.959986662220736,-0.8465053774070977,-0.5435037013715351,10.17436202166839,10.223972328569351
59.979993331110364,-0.04580484302789298,0.050219946304525295,9.54805691848316,9.548298856091895
60.0,-0.06210361952994341,-0.35108421191904304,10.050354529196442,10.056676545755908
